dataset,method,n_clusters,n_classes,largest_cluster_frac,cluster_collapse,cluster_degenerate,unique_mapped_classes,mapping_collapse,rf_train_acc_on_clusters,rf_underfit_clusters,unique_predicted_classes,acc,majority_baseline,random_baseline,gt_acc,lse_ratio,lse_lift,beats_majority,matches_majority,gt_beats_majority,failed,error
eucalyptus,kmeans,5.0,5.0,0.483,False,False,3.0,True,1.0,False,3.0,0.345,0.291,0.2,0.439,0.785,0.364,True,False,True,,
eucalyptus,dbscan,5.0,5.0,0.483,False,False,3.0,True,1.0,False,3.0,0.345,0.291,0.2,0.439,0.785,0.364,True,False,True,,
eucalyptus,agg,5.0,5.0,0.483,False,False,3.0,True,1.0,False,3.0,0.345,0.291,0.2,0.439,0.785,0.364,True,False,True,,
eucalyptus,gmm,5.0,5.0,0.563,False,False,3.0,True,1.0,False,3.0,0.345,0.291,0.2,0.439,0.785,0.364,True,False,True,,
eucalyptus,autoenc,5.0,5.0,0.592,False,False,3.0,True,1.0,False,3.0,0.345,0.291,0.2,0.439,0.785,0.364,True,False,True,,
eucalyptus,dictlearn,5.0,5.0,0.534,False,False,3.0,True,1.0,False,2.0,0.392,0.291,0.2,0.439,0.892,0.682,True,False,True,,
fri_c0_250_50,kmeans,2.0,2.0,0.605,False,False,1.0,True,1.0,False,1.0,0.54,0.54,0.5,0.82,0.659,0.0,False,True,True,,
fri_c0_250_50,dbscan,2.0,2.0,0.605,False,False,1.0,True,1.0,False,1.0,0.54,0.54,0.5,0.82,0.659,0.0,False,True,True,,
fri_c0_250_50,agg,2.0,2.0,0.625,False,False,2.0,False,1.0,False,2.0,0.56,0.54,0.5,0.82,0.683,0.071,True,False,True,,
fri_c0_250_50,gmm,2.0,2.0,0.505,False,False,1.0,True,1.0,False,1.0,0.54,0.54,0.5,0.82,0.659,0.0,False,True,True,,
fri_c0_250_50,autoenc,2.0,2.0,0.52,False,False,2.0,False,1.0,False,2.0,0.48,0.54,0.5,0.82,0.585,-0.214,False,False,True,,
fri_c0_250_50,dictlearn,2.0,2.0,0.73,False,False,1.0,True,1.0,False,1.0,0.54,0.54,0.5,0.82,0.659,0.0,False,True,True,,
artificial-characters,kmeans,10.0,10.0,0.2,False,False,6.0,True,1.0,False,6.0,0.227,0.138,0.1,0.918,0.247,0.113,True,False,True,,
artificial-characters,dbscan,47.0,10.0,0.802,False,False,8.0,True,1.0,False,7.0,0.216,0.138,0.1,0.918,0.236,0.1,True,False,True,,
artificial-characters,agg,10.0,10.0,0.176,False,False,6.0,True,1.0,False,6.0,0.223,0.138,0.1,0.918,0.243,0.108,True,False,True,,
artificial-characters,gmm,10.0,10.0,0.178,False,False,7.0,True,1.0,False,7.0,0.232,0.138,0.1,0.918,0.253,0.12,True,False,True,,
artificial-characters,autoenc,10.0,10.0,0.185,False,False,6.0,True,1.0,False,6.0,0.253,0.138,0.1,0.918,0.276,0.147,True,False,True,,
artificial-characters,dictlearn,10.0,10.0,0.179,False,False,7.0,True,1.0,False,7.0,0.237,0.138,0.1,0.918,0.259,0.127,True,False,True,,
GesturePhaseSegmentationProcessed,kmeans,5.0,5.0,0.736,False,False,2.0,True,1.0,False,2.0,0.382,0.299,0.2,0.667,0.573,0.227,True,False,True,,
GesturePhaseSegmentationProcessed,dbscan,2.0,5.0,0.999,True,True,2.0,True,1.0,False,1.0,0.299,0.299,0.2,0.667,0.448,0.0,False,True,True,,
GesturePhaseSegmentationProcessed,agg,5.0,5.0,0.77,False,False,2.0,True,1.0,False,2.0,0.364,0.299,0.2,0.667,0.545,0.176,True,False,True,,
GesturePhaseSegmentationProcessed,gmm,5.0,5.0,0.351,False,False,3.0,True,1.0,False,3.0,0.416,0.299,0.2,0.667,0.623,0.317,True,False,True,,
GesturePhaseSegmentationProcessed,autoenc,5.0,5.0,0.687,False,False,2.0,True,1.0,False,2.0,0.395,0.299,0.2,0.667,0.592,0.261,True,False,True,,
GesturePhaseSegmentationProcessed,dictlearn,5.0,5.0,0.412,False,False,3.0,True,1.0,False,3.0,0.41,0.299,0.2,0.667,0.614,0.301,True,False,True,,
diggle_table_a2,kmeans,9.0,9.0,0.177,False,False,8.0,True,1.0,False,8.0,0.435,0.129,0.111,0.903,0.482,0.396,True,False,True,,
diggle_table_a2,dbscan,7.0,9.0,0.343,True,False,6.0,True,1.0,False,6.0,0.532,0.129,0.111,0.903,0.589,0.521,True,False,True,,
diggle_table_a2,agg,9.0,9.0,0.177,False,False,8.0,True,1.0,False,8.0,0.468,0.129,0.111,0.903,0.518,0.438,True,False,True,,
diggle_table_a2,gmm,9.0,9.0,0.185,False,False,8.0,True,1.0,False,8.0,0.5,0.129,0.111,0.903,0.554,0.479,True,False,True,,
diggle_table_a2,autoenc,9.0,9.0,0.177,False,False,7.0,True,1.0,False,7.0,0.468,0.129,0.111,0.903,0.518,0.438,True,False,True,,
diggle_table_a2,dictlearn,9.0,9.0,0.169,False,False,6.0,True,1.0,False,6.0,0.339,0.129,0.111,0.903,0.375,0.271,True,False,True,,
kdd_ipums_la_97-small,kmeans,2.0,2.0,0.803,False,False,2.0,False,1.0,False,2.0,0.706,0.5,0.5,0.882,0.801,0.54,True,False,True,,
kdd_ipums_la_97-small,dbscan,34.0,2.0,0.357,False,False,2.0,False,1.0,False,2.0,0.754,0.5,0.5,0.882,0.856,0.667,True,False,True,,
kdd_ipums_la_97-small,agg,2.0,2.0,0.803,False,False,2.0,False,1.0,False,2.0,0.706,0.5,0.5,0.882,0.801,0.54,True,False,True,,
kdd_ipums_la_97-small,gmm,2.0,2.0,0.803,False,False,2.0,False,1.0,False,2.0,0.706,0.5,0.5,0.882,0.801,0.54,True,False,True,,
kdd_ipums_la_97-small,autoenc,2.0,2.0,0.803,False,False,2.0,False,1.0,False,2.0,0.706,0.5,0.5,0.882,0.801,0.54,True,False,True,,
kdd_ipums_la_97-small,dictlearn,2.0,2.0,0.64,False,False,2.0,False,1.0,False,2.0,0.581,0.5,0.5,0.882,0.659,0.212,True,False,True,,
Touch2,kmeans,8.0,8.0,0.335,False,False,8.0,False,1.0,False,7.0,0.472,0.17,0.125,0.906,0.521,0.41,True,False,True,,
Touch2,dbscan,2.0,8.0,0.967,True,True,2.0,True,1.0,False,1.0,0.17,0.17,0.125,0.906,0.187,0.0,False,True,True,,
Touch2,agg,8.0,8.0,0.387,False,False,7.0,True,1.0,False,6.0,0.453,0.17,0.125,0.906,0.5,0.385,True,False,True,,
Touch2,gmm,8.0,8.0,0.297,False,False,6.0,True,1.0,False,5.0,0.434,0.17,0.125,0.906,0.479,0.359,True,False,True,,
Touch2,autoenc,8.0,8.0,0.307,False,False,7.0,True,1.0,False,6.0,0.434,0.17,0.125,0.906,0.479,0.359,True,False,True,,
Touch2,dictlearn,8.0,8.0,0.278,False,False,5.0,True,1.0,False,5.0,0.453,0.17,0.125,0.906,0.5,0.385,True,False,True,,
Mobile_Price,kmeans,4.0,4.0,0.309,False,False,3.0,True,1.0,False,3.0,0.302,0.25,0.25,0.892,0.339,0.082,True,False,True,,
Mobile_Price,dbscan,3.0,4.0,0.993,True,True,3.0,True,1.0,False,1.0,0.25,0.25,0.25,0.892,0.28,0.0,False,True,True,,
Mobile_Price,agg,4.0,4.0,0.354,False,False,3.0,True,1.0,False,3.0,0.287,0.25,0.25,0.892,0.322,0.058,True,False,True,,
Mobile_Price,gmm,4.0,4.0,0.473,False,False,3.0,True,1.0,False,3.0,0.282,0.25,0.25,0.892,0.317,0.051,True,False,True,,
Mobile_Price,autoenc,4.0,4.0,0.32,False,False,3.0,True,1.0,False,3.0,0.28,0.25,0.25,0.892,0.314,0.047,True,False,True,,
Mobile_Price,dictlearn,4.0,4.0,0.307,False,False,4.0,False,1.0,False,4.0,0.247,0.25,0.25,0.892,0.277,-0.004,False,True,True,,
CostaMadre1,kmeans,2.0,2.0,0.852,False,False,1.0,True,1.0,False,1.0,0.867,0.867,0.5,0.883,0.981,0.0,False,True,False,,
CostaMadre1,dbscan,2.0,2.0,0.847,False,False,1.0,True,1.0,False,1.0,0.867,0.867,0.5,0.883,0.981,0.0,False,True,False,,
CostaMadre1,agg,2.0,2.0,0.775,False,False,1.0,True,1.0,False,1.0,0.867,0.867,0.5,0.883,0.981,0.0,False,True,False,,
CostaMadre1,gmm,2.0,2.0,0.852,False,False,1.0,True,1.0,False,1.0,0.867,0.867,0.5,0.883,0.981,0.0,False,True,False,,
CostaMadre1,autoenc,2.0,2.0,0.864,False,False,1.0,True,1.0,False,1.0,0.867,0.867,0.5,0.883,0.981,0.0,False,True,False,,
CostaMadre1,dictlearn,2.0,2.0,0.733,False,False,1.0,True,1.0,False,1.0,0.867,0.867,0.5,0.883,0.981,0.0,False,True,False,,
albert,kmeans,2.0,2.0,0.714,False,False,2.0,False,1.0,False,2.0,0.512,0.5,0.5,0.65,0.789,0.084,True,False,True,,
albert,dbscan,7.0,2.0,0.995,False,True,2.0,False,1.0,False,2.0,0.5,0.5,0.5,0.65,0.769,0.0,False,True,True,,
albert,agg,,,,,,,,,,,,,,,,,,,,True,"Unable to allocate 8.09 GiB for an array with shape (1085803300,) and data type float64"
albert,gmm,2.0,2.0,0.71,False,False,2.0,False,1.0,False,2.0,0.542,0.5,0.5,0.65,0.835,0.283,True,False,True,,
albert,autoenc,2.0,2.0,0.935,False,True,2.0,False,1.0,False,2.0,0.503,0.5,0.5,0.65,0.774,0.02,False,True,True,,
albert,dictlearn,2.0,2.0,0.923,False,True,2.0,False,1.0,False,2.0,0.534,0.5,0.5,0.65,0.822,0.228,True,False,True,,
ecoli,kmeans,8.0,8.0,0.228,False,False,7.0,True,1.0,False,6.0,0.838,0.426,0.125,0.868,0.966,0.933,True,False,True,,
ecoli,dbscan,3.0,8.0,0.634,True,False,3.0,True,1.0,False,3.0,0.706,0.426,0.125,0.868,0.814,0.633,True,False,True,,
ecoli,agg,8.0,8.0,0.422,False,False,7.0,True,1.0,False,6.0,0.882,0.426,0.125,0.868,1.017,1.033,True,False,True,,
ecoli,gmm,8.0,8.0,0.392,False,False,5.0,True,1.0,False,4.0,0.765,0.426,0.125,0.868,0.881,0.767,True,False,True,,
ecoli,autoenc,8.0,8.0,0.216,False,False,6.0,True,1.0,False,5.0,0.853,0.426,0.125,0.868,0.983,0.967,True,False,True,,
ecoli,dictlearn,8.0,8.0,0.313,False,False,6.0,True,1.0,False,5.0,0.691,0.426,0.125,0.868,0.797,0.6,True,False,True,,
electricity,kmeans,2.0,2.0,0.633,False,False,2.0,False,1.0,False,2.0,0.63,0.5,0.5,0.883,0.714,0.34,True,False,True,,
electricity,dbscan,52.0,2.0,0.383,False,False,2.0,False,1.0,False,2.0,0.516,0.5,0.5,0.883,0.584,0.042,True,False,True,,
electricity,agg,,,,,,,,,,,,,,,,,,,,True,unable to allocate array data.
electricity,gmm,2.0,2.0,0.971,False,True,2.0,False,1.0,False,2.0,0.529,0.5,0.5,0.883,0.599,0.076,True,False,True,,
electricity,autoenc,2.0,2.0,0.664,False,False,2.0,False,1.0,False,2.0,0.63,0.5,0.5,0.883,0.714,0.34,True,False,True,,
electricity,dictlearn,2.0,2.0,0.945,False,True,2.0,False,1.0,False,2.0,0.554,0.5,0.5,0.883,0.627,0.14,True,False,True,,
volcanoes-a1,kmeans,5.0,5.0,0.226,False,False,1.0,True,1.0,False,1.0,0.908,0.908,0.2,0.991,0.916,0.0,False,True,True,,
volcanoes-a1,dbscan,13.0,5.0,0.918,False,True,4.0,True,1.0,False,4.0,0.925,0.908,0.2,0.991,0.933,0.204,True,False,True,,
volcanoes-a1,agg,5.0,5.0,0.295,False,False,1.0,True,1.0,False,1.0,0.908,0.908,0.2,0.991,0.916,0.0,False,True,True,,
volcanoes-a1,gmm,5.0,5.0,0.238,False,False,1.0,True,1.0,False,1.0,0.908,0.908,0.2,0.991,0.916,0.0,False,True,True,,
volcanoes-a1,autoenc,5.0,5.0,0.238,False,False,1.0,True,1.0,False,1.0,0.908,0.908,0.2,0.991,0.916,0.0,False,True,True,,
volcanoes-a1,dictlearn,5.0,5.0,0.38,False,False,1.0,True,1.0,False,1.0,0.908,0.908,0.2,0.991,0.916,0.0,False,True,True,,
FOREX_eurchf-hour-High,kmeans,2.0,2.0,0.563,False,False,1.0,True,1.0,False,1.0,0.512,0.512,0.5,0.613,0.836,0.0,False,True,True,,
FOREX_eurchf-hour-High,dbscan,64.0,2.0,0.618,False,False,2.0,False,1.0,False,2.0,0.519,0.512,0.5,0.613,0.848,0.072,False,True,True,,
FOREX_eurchf-hour-High,agg,,,,,,,,,,,,,,,,,,,,True,"Unable to allocate 4.58 GiB for an array with shape (614584270,) and data type float64"
FOREX_eurchf-hour-High,gmm,2.0,2.0,0.945,False,True,1.0,True,1.0,False,1.0,0.512,0.512,0.5,0.613,0.836,0.0,False,True,True,,
FOREX_eurchf-hour-High,autoenc,2.0,2.0,0.575,False,False,1.0,True,1.0,False,1.0,0.512,0.512,0.5,0.613,0.836,0.0,False,True,True,,
FOREX_eurchf-hour-High,dictlearn,2.0,2.0,0.911,False,True,1.0,True,1.0,False,1.0,0.512,0.512,0.5,0.613,0.836,0.0,False,True,True,,
wine_seed_0_nrows_2000_nclasses_10_ncols_100_stratify_True,kmeans,2.0,2.0,0.724,False,False,2.0,False,1.0,False,2.0,0.54,0.5,0.5,0.802,0.673,0.132,True,False,True,,
wine_seed_0_nrows_2000_nclasses_10_ncols_100_stratify_True,dbscan,2.0,2.0,0.993,False,True,2.0,False,1.0,False,1.0,0.5,0.5,0.5,0.802,0.623,0.0,False,True,True,,
wine_seed_0_nrows_2000_nclasses_10_ncols_100_stratify_True,agg,2.0,2.0,0.774,False,False,2.0,False,1.0,False,2.0,0.53,0.5,0.5,0.802,0.66,0.099,True,False,True,,
wine_seed_0_nrows_2000_nclasses_10_ncols_100_stratify_True,gmm,2.0,2.0,0.627,False,False,2.0,False,1.0,False,2.0,0.53,0.5,0.5,0.802,0.66,0.099,True,False,True,,
wine_seed_0_nrows_2000_nclasses_10_ncols_100_stratify_True,autoenc,2.0,2.0,0.777,False,False,2.0,False,1.0,False,2.0,0.532,0.5,0.5,0.802,0.664,0.107,True,False,True,,
wine_seed_0_nrows_2000_nclasses_10_ncols_100_stratify_True,dictlearn,2.0,2.0,0.597,False,False,2.0,False,1.0,False,2.0,0.505,0.5,0.5,0.802,0.629,0.017,False,True,True,,
jannis,kmeans,4.0,4.0,0.43,False,False,2.0,True,1.0,False,2.0,0.515,0.46,0.25,0.699,0.736,0.229,True,False,True,,
jannis,dbscan,3.0,4.0,0.999,True,True,2.0,True,1.0,False,1.0,0.46,0.46,0.25,0.699,0.658,0.0,False,True,True,,
jannis,agg,,,,,,,,,,,,,,,,,,,,True,"Unable to allocate 16.7 GiB for an array with shape (2243528605,) and data type float64"
jannis,gmm,4.0,4.0,0.367,False,False,2.0,True,1.0,False,2.0,0.488,0.46,0.25,0.699,0.698,0.117,True,False,True,,
jannis,autoenc,4.0,4.0,0.403,False,False,2.0,True,1.0,False,2.0,0.532,0.46,0.25,0.699,0.76,0.3,True,False,True,,
jannis,dictlearn,4.0,4.0,0.399,False,False,1.0,True,1.0,False,1.0,0.46,0.46,0.25,0.699,0.658,0.0,False,True,True,,
steel-plates-fault_seed_2_nrows_2000_nclasses_10_ncols_100_stratify_True,kmeans,7.0,7.0,0.24,False,False,4.0,True,1.0,False,4.0,0.578,0.347,0.143,0.802,0.721,0.508,True,False,True,,
steel-plates-fault_seed_2_nrows_2000_nclasses_10_ncols_100_stratify_True,dbscan,4.0,7.0,0.82,True,False,2.0,True,1.0,False,2.0,0.486,0.347,0.143,0.802,0.606,0.305,True,False,True,,
steel-plates-fault_seed_2_nrows_2000_nclasses_10_ncols_100_stratify_True,agg,7.0,7.0,0.345,False,False,4.0,True,1.0,False,4.0,0.506,0.347,0.143,0.802,0.631,0.35,True,False,True,,
steel-plates-fault_seed_2_nrows_2000_nclasses_10_ncols_100_stratify_True,gmm,7.0,7.0,0.224,False,False,4.0,True,1.0,False,4.0,0.542,0.347,0.143,0.802,0.676,0.429,True,False,True,,
steel-plates-fault_seed_2_nrows_2000_nclasses_10_ncols_100_stratify_True,autoenc,7.0,7.0,0.205,False,False,3.0,True,1.0,False,3.0,0.532,0.347,0.143,0.802,0.663,0.407,True,False,True,,
steel-plates-fault_seed_2_nrows_2000_nclasses_10_ncols_100_stratify_True,dictlearn,7.0,7.0,0.262,False,False,3.0,True,1.0,False,3.0,0.458,0.347,0.143,0.802,0.571,0.243,True,False,True,,
online_shoppers,kmeans,2.0,2.0,0.922,False,True,1.0,True,1.0,False,1.0,0.845,0.845,0.5,0.888,0.952,0.0,False,True,False,,
online_shoppers,dbscan,42.0,2.0,0.788,False,False,2.0,False,1.0,False,2.0,0.856,0.845,0.5,0.888,0.964,0.255,True,False,False,,
online_shoppers,agg,2.0,2.0,0.932,False,True,1.0,True,1.0,False,1.0,0.845,0.845,0.5,0.888,0.952,0.0,False,True,False,,
online_shoppers,gmm,2.0,2.0,0.778,False,False,2.0,False,1.0,False,2.0,0.874,0.845,0.5,0.888,0.984,0.67,True,False,False,,
online_shoppers,autoenc,2.0,2.0,0.837,False,False,1.0,True,1.0,False,1.0,0.845,0.845,0.5,0.888,0.952,0.0,False,True,False,,
online_shoppers,dictlearn,2.0,2.0,0.915,False,True,2.0,False,1.0,False,2.0,0.886,0.845,0.5,0.888,0.997,0.943,True,False,False,,
heart-switzerland,kmeans,5.0,5.0,0.378,False,False,3.0,True,1.0,False,2.0,0.28,0.4,0.2,0.36,0.778,0.0,False,False,False,,
heart-switzerland,dbscan,5.0,5.0,0.378,False,False,3.0,True,1.0,False,2.0,0.28,0.4,0.2,0.36,0.778,0.0,False,False,False,,
heart-switzerland,agg,5.0,5.0,0.367,False,False,3.0,True,1.0,False,3.0,0.24,0.4,0.2,0.36,0.667,0.0,False,False,False,,
heart-switzerland,gmm,5.0,5.0,0.49,False,False,2.0,True,1.0,False,2.0,0.32,0.4,0.2,0.36,0.889,0.0,False,False,False,,
heart-switzerland,autoenc,5.0,5.0,0.327,False,False,4.0,True,1.0,False,3.0,0.36,0.4,0.2,0.36,1.0,0.0,False,False,False,,
heart-switzerland,dictlearn,5.0,5.0,0.612,False,False,2.0,True,1.0,False,1.0,0.4,0.4,0.2,0.36,1.111,0.0,False,True,False,,
dataset_credit,kmeans,2.0,2.0,0.994,False,True,2.0,False,1.0,False,2.0,0.503,0.5,0.5,0.776,0.649,0.013,False,True,True,,
dataset_credit,dbscan,38.0,2.0,0.225,False,False,2.0,False,1.0,False,2.0,0.551,0.5,0.5,0.776,0.71,0.185,True,False,True,,
dataset_credit,agg,2.0,2.0,0.994,False,True,2.0,False,1.0,False,2.0,0.503,0.5,0.5,0.776,0.649,0.013,False,True,True,,
dataset_credit,gmm,2.0,2.0,0.967,False,True,2.0,False,1.0,False,2.0,0.506,0.5,0.5,0.776,0.653,0.023,False,True,True,,
dataset_credit,autoenc,2.0,2.0,0.993,False,True,2.0,False,1.0,False,2.0,0.503,0.5,0.5,0.776,0.649,0.013,False,True,True,,
dataset_credit,dictlearn,2.0,2.0,0.604,False,False,2.0,False,1.0,False,2.0,0.545,0.5,0.5,0.776,0.702,0.163,True,False,True,,
FOREX_usdchf-day-Close,kmeans,2.0,2.0,0.596,False,False,1.0,True,1.0,False,1.0,0.518,0.518,0.5,0.488,1.061,0.0,False,True,False,,
FOREX_usdchf-day-Close,dbscan,7.0,2.0,0.935,False,True,2.0,False,1.0,False,2.0,0.523,0.518,0.5,0.488,1.073,0.0,False,True,False,,
FOREX_usdchf-day-Close,agg,2.0,2.0,0.6,False,False,1.0,True,1.0,False,1.0,0.518,0.518,0.5,0.488,1.061,0.0,False,True,False,,
FOREX_usdchf-day-Close,gmm,2.0,2.0,0.819,False,False,1.0,True,1.0,False,1.0,0.518,0.518,0.5,0.488,1.061,0.0,False,True,False,,
FOREX_usdchf-day-Close,autoenc,2.0,2.0,0.595,False,False,1.0,True,1.0,False,1.0,0.518,0.518,0.5,0.488,1.061,0.0,False,True,False,,
FOREX_usdchf-day-Close,dictlearn,2.0,2.0,0.879,False,False,1.0,True,1.0,False,1.0,0.518,0.518,0.5,0.488,1.061,0.0,False,True,False,,
california,kmeans,2.0,2.0,0.582,False,False,2.0,False,1.0,False,2.0,0.537,0.5,0.5,0.887,0.606,0.096,True,False,True,,
california,dbscan,11.0,2.0,0.981,False,True,2.0,False,1.0,False,2.0,0.503,0.5,0.5,0.887,0.567,0.008,False,True,True,,
california,agg,2.0,2.0,0.625,False,False,2.0,False,1.0,False,2.0,0.51,0.5,0.5,0.887,0.575,0.026,True,False,True,,
california,gmm,2.0,2.0,0.732,False,False,2.0,False,1.0,False,2.0,0.568,0.5,0.5,0.887,0.641,0.177,True,False,True,,
california,autoenc,2.0,2.0,0.567,False,False,2.0,False,1.0,False,2.0,0.544,0.5,0.5,0.887,0.614,0.115,True,False,True,,
california,dictlearn,2.0,2.0,0.813,False,False,2.0,False,1.0,False,2.0,0.5,0.5,0.5,0.887,0.564,0.0,False,True,True,,
ailerons,kmeans,2.0,2.0,0.854,False,False,2.0,False,1.0,False,2.0,0.683,0.576,0.5,0.888,0.769,0.342,True,False,True,,
ailerons,dbscan,3.0,2.0,0.996,False,True,2.0,False,1.0,False,2.0,0.578,0.576,0.5,0.888,0.651,0.006,False,True,True,,
ailerons,agg,2.0,2.0,0.803,False,False,2.0,False,1.0,False,2.0,0.705,0.576,0.5,0.888,0.795,0.415,True,False,True,,
ailerons,gmm,2.0,2.0,0.997,False,True,2.0,False,1.0,False,2.0,0.577,0.576,0.5,0.888,0.65,0.004,False,True,True,,
ailerons,autoenc,2.0,2.0,0.834,False,False,2.0,False,1.0,False,2.0,0.65,0.576,0.5,0.888,0.732,0.238,True,False,True,,
ailerons,dictlearn,2.0,2.0,1.0,False,True,2.0,False,1.0,False,1.0,0.576,0.576,0.5,0.888,0.649,0.0,False,True,True,,
dataset_credit-g,kmeans,2.0,2.0,0.534,False,False,1.0,True,1.0,False,1.0,0.7,0.7,0.5,0.745,0.94,0.0,False,True,False,,
dataset_credit-g,dbscan,2.0,2.0,0.965,False,True,1.0,True,1.0,False,1.0,0.7,0.7,0.5,0.745,0.94,0.0,False,True,False,,
dataset_credit-g,agg,2.0,2.0,0.965,False,True,1.0,True,1.0,False,1.0,0.7,0.7,0.5,0.745,0.94,0.0,False,True,False,,
dataset_credit-g,gmm,2.0,2.0,0.924,False,True,1.0,True,1.0,False,1.0,0.7,0.7,0.5,0.745,0.94,0.0,False,True,False,,
dataset_credit-g,autoenc,2.0,2.0,0.689,False,False,1.0,True,1.0,False,1.0,0.7,0.7,0.5,0.745,0.94,0.0,False,True,False,,
dataset_credit-g,dictlearn,2.0,2.0,0.669,False,False,1.0,True,1.0,False,1.0,0.7,0.7,0.5,0.745,0.94,0.0,False,True,False,,
maternal_health_risk,kmeans,3.0,3.0,0.49,False,False,2.0,True,1.0,False,2.0,0.547,0.399,0.333,0.862,0.634,0.319,True,False,True,,
maternal_health_risk,dbscan,23.0,3.0,0.56,False,False,3.0,False,1.0,False,3.0,0.591,0.399,0.333,0.862,0.686,0.415,True,False,True,,
maternal_health_risk,agg,3.0,3.0,0.434,False,False,2.0,True,1.0,False,2.0,0.537,0.399,0.333,0.862,0.623,0.298,True,False,True,,
maternal_health_risk,gmm,3.0,3.0,0.599,False,False,3.0,False,1.0,False,3.0,0.581,0.399,0.333,0.862,0.674,0.394,True,False,True,,
maternal_health_risk,autoenc,3.0,3.0,0.54,False,False,3.0,False,1.0,False,3.0,0.581,0.399,0.333,0.862,0.674,0.394,True,False,True,,
maternal_health_risk,dictlearn,3.0,3.0,0.544,False,False,3.0,False,1.0,False,3.0,0.404,0.399,0.333,0.862,0.469,0.011,False,True,True,,
airlines_seed_0_nrows_2000_nclasses_10_ncols_100_stratify_True,kmeans,2.0,2.0,0.639,False,False,1.0,True,1.0,False,1.0,0.555,0.555,0.5,0.562,0.987,0.0,False,True,False,,
airlines_seed_0_nrows_2000_nclasses_10_ncols_100_stratify_True,dbscan,2.0,2.0,0.988,False,True,2.0,False,1.0,False,2.0,0.56,0.555,0.5,0.562,0.996,0.667,False,True,False,,
airlines_seed_0_nrows_2000_nclasses_10_ncols_100_stratify_True,agg,2.0,2.0,0.704,False,False,1.0,True,1.0,False,1.0,0.555,0.555,0.5,0.562,0.987,0.0,False,True,False,,
airlines_seed_0_nrows_2000_nclasses_10_ncols_100_stratify_True,gmm,2.0,2.0,0.514,False,False,1.0,True,1.0,False,1.0,0.555,0.555,0.5,0.562,0.987,0.0,False,True,False,,
airlines_seed_0_nrows_2000_nclasses_10_ncols_100_stratify_True,autoenc,2.0,2.0,0.52,False,False,2.0,False,1.0,False,2.0,0.58,0.555,0.5,0.562,1.031,3.333,True,False,False,,
airlines_seed_0_nrows_2000_nclasses_10_ncols_100_stratify_True,dictlearn,2.0,2.0,0.709,False,False,1.0,True,1.0,False,1.0,0.555,0.555,0.5,0.562,0.987,0.0,False,True,False,,
qsar-biodeg,kmeans,2.0,2.0,0.65,False,False,1.0,True,1.0,False,1.0,0.664,0.664,0.5,0.915,0.725,0.0,False,True,True,,
qsar-biodeg,dbscan,2.0,2.0,0.982,False,True,1.0,True,1.0,False,1.0,0.664,0.664,0.5,0.915,0.725,0.0,False,True,True,,
qsar-biodeg,agg,2.0,2.0,0.649,False,False,2.0,False,1.0,False,2.0,0.735,0.664,0.5,0.915,0.803,0.283,True,False,True,,
qsar-biodeg,gmm,2.0,2.0,0.993,False,True,1.0,True,1.0,False,1.0,0.664,0.664,0.5,0.915,0.725,0.0,False,True,True,,
qsar-biodeg,autoenc,2.0,2.0,0.762,False,False,1.0,True,1.0,False,1.0,0.664,0.664,0.5,0.915,0.725,0.0,False,True,True,,
qsar-biodeg,dictlearn,2.0,2.0,0.803,False,False,1.0,True,1.0,False,1.0,0.664,0.664,0.5,0.915,0.725,0.0,False,True,True,,
CreditCardSubset,kmeans,2.0,2.0,0.536,False,False,1.0,True,1.0,False,1.0,0.998,0.998,0.5,0.999,0.999,0.0,False,True,False,,
CreditCardSubset,dbscan,4.0,2.0,0.996,False,True,1.0,True,1.0,False,1.0,0.998,0.998,0.5,0.999,0.999,0.0,False,True,False,,
CreditCardSubset,agg,2.0,2.0,0.936,False,True,1.0,True,1.0,False,1.0,0.998,0.998,0.5,0.999,0.999,0.0,False,True,False,,
CreditCardSubset,gmm,2.0,2.0,0.65,False,False,1.0,True,1.0,False,1.0,0.998,0.998,0.5,0.999,0.999,0.0,False,True,False,,
CreditCardSubset,autoenc,2.0,2.0,0.979,False,True,1.0,True,1.0,False,1.0,0.998,0.998,0.5,0.999,0.999,0.0,False,True,False,,
CreditCardSubset,dictlearn,2.0,2.0,0.955,False,True,1.0,True,1.0,False,1.0,0.998,0.998,0.5,0.999,0.999,0.0,False,True,False,,
newton_hema,kmeans,2.0,2.0,0.911,False,True,2.0,False,1.0,False,2.0,0.5,0.5,0.5,0.679,0.737,0.0,False,True,True,,
newton_hema,dbscan,2.0,2.0,0.929,False,True,2.0,False,1.0,False,2.0,0.536,0.5,0.5,0.679,0.789,0.2,True,False,True,,
newton_hema,agg,2.0,2.0,0.938,False,True,2.0,False,1.0,False,2.0,0.536,0.5,0.5,0.679,0.789,0.2,True,False,True,,
newton_hema,gmm,2.0,2.0,0.866,False,False,2.0,False,1.0,False,2.0,0.536,0.5,0.5,0.679,0.789,0.2,True,False,True,,
newton_hema,autoenc,2.0,2.0,0.929,False,True,2.0,False,1.0,False,2.0,0.536,0.5,0.5,0.679,0.789,0.2,True,False,True,,
newton_hema,dictlearn,2.0,2.0,0.634,False,False,2.0,False,1.0,False,2.0,0.5,0.5,0.5,0.679,0.737,0.0,False,True,True,,
GesturePhaseSegmentationProcessed_seed_3_nrows_2000_nclasses_10_ncols_100_stratify_True,kmeans,5.0,5.0,0.759,False,False,2.0,True,1.0,False,2.0,0.383,0.3,0.2,0.562,0.68,0.314,True,False,True,,
GesturePhaseSegmentationProcessed_seed_3_nrows_2000_nclasses_10_ncols_100_stratify_True,dbscan,2.0,5.0,0.984,True,True,1.0,True,1.0,False,1.0,0.3,0.3,0.2,0.562,0.533,0.0,False,True,True,,
GesturePhaseSegmentationProcessed_seed_3_nrows_2000_nclasses_10_ncols_100_stratify_True,agg,5.0,5.0,0.854,False,False,2.0,True,1.0,False,2.0,0.352,0.3,0.2,0.562,0.627,0.2,True,False,True,,
GesturePhaseSegmentationProcessed_seed_3_nrows_2000_nclasses_10_ncols_100_stratify_True,gmm,5.0,5.0,0.374,False,False,2.0,True,1.0,False,2.0,0.42,0.3,0.2,0.562,0.747,0.457,True,False,True,,
GesturePhaseSegmentationProcessed_seed_3_nrows_2000_nclasses_10_ncols_100_stratify_True,autoenc,5.0,5.0,0.656,False,False,2.0,True,1.0,False,2.0,0.448,0.3,0.2,0.562,0.796,0.562,True,False,True,,
GesturePhaseSegmentationProcessed_seed_3_nrows_2000_nclasses_10_ncols_100_stratify_True,dictlearn,5.0,5.0,0.463,False,False,3.0,True,1.0,False,3.0,0.383,0.3,0.2,0.562,0.68,0.314,True,False,True,,
PriceRunner,kmeans,10.0,10.0,0.162,False,False,7.0,True,1.0,False,7.0,0.581,0.156,0.1,1.0,0.581,0.504,True,False,True,,
PriceRunner,dbscan,553.0,10.0,0.02,False,False,10.0,False,1.0,False,10.0,1.0,0.156,0.1,1.0,1.0,1.0,True,False,True,,
PriceRunner,agg,,,,,,,,,,,,,,,,,,,,True,unable to allocate array data.
PriceRunner,gmm,10.0,10.0,0.133,False,False,6.0,True,1.0,False,6.0,0.552,0.156,0.1,1.0,0.552,0.469,True,False,True,,
PriceRunner,autoenc,10.0,10.0,0.142,False,False,6.0,True,1.0,False,6.0,0.556,0.156,0.1,1.0,0.556,0.474,True,False,True,,
PriceRunner,dictlearn,10.0,10.0,0.294,False,False,9.0,True,1.0,False,9.0,0.487,0.156,0.1,1.0,0.487,0.392,True,False,True,,
Loan_Status,kmeans,2.0,2.0,0.779,False,False,1.0,True,1.0,False,1.0,0.778,0.778,0.5,0.875,0.889,0.0,False,True,True,,
Loan_Status,dbscan,25.0,2.0,0.987,False,True,2.0,False,1.0,False,2.0,0.778,0.778,0.5,0.875,0.889,0.003,False,True,True,,
Loan_Status,agg,,,,,,,,,,,,,,,,,,,,True,"Unable to allocate 4.83 GiB for an array with shape (647982000,) and data type float64"
Loan_Status,gmm,2.0,2.0,0.857,False,False,1.0,True,1.0,False,1.0,0.778,0.778,0.5,0.875,0.889,0.0,False,True,True,,
Loan_Status,autoenc,2.0,2.0,0.869,False,False,1.0,True,1.0,False,1.0,0.778,0.778,0.5,0.875,0.889,0.0,False,True,True,,
Loan_Status,dictlearn,2.0,2.0,0.648,False,False,1.0,True,1.0,False,1.0,0.778,0.778,0.5,0.875,0.889,0.0,False,True,True,,
ibm-employee-attrition,kmeans,2.0,2.0,0.673,False,False,1.0,True,1.0,False,1.0,0.84,0.84,0.5,0.823,1.021,0.0,False,True,False,,
ibm-employee-attrition,dbscan,2.0,2.0,0.983,False,True,1.0,True,1.0,False,1.0,0.84,0.84,0.5,0.823,1.021,0.0,False,True,False,,
ibm-employee-attrition,agg,2.0,2.0,0.641,False,False,1.0,True,1.0,False,1.0,0.84,0.84,0.5,0.823,1.021,0.0,False,True,False,,
ibm-employee-attrition,gmm,2.0,2.0,0.52,False,False,1.0,True,1.0,False,1.0,0.84,0.84,0.5,0.823,1.021,0.0,False,True,False,,
ibm-employee-attrition,autoenc,2.0,2.0,0.743,False,False,1.0,True,1.0,False,1.0,0.84,0.84,0.5,0.823,1.021,0.0,False,True,False,,
ibm-employee-attrition,dictlearn,2.0,2.0,0.821,False,False,1.0,True,1.0,False,1.0,0.84,0.84,0.5,0.823,1.021,0.0,False,True,False,,
first-order-theorem-proving_seed_0_nrows_2000_nclasses_10_ncols_100_stratify_True,kmeans,6.0,6.0,0.423,False,False,1.0,True,1.0,False,1.0,0.417,0.417,0.167,0.583,0.717,0.0,False,True,True,,
first-order-theorem-proving_seed_0_nrows_2000_nclasses_10_ncols_100_stratify_True,dbscan,9.0,6.0,0.875,False,False,3.0,True,1.0,False,3.0,0.463,0.417,0.167,0.583,0.794,0.273,True,False,True,,
first-order-theorem-proving_seed_0_nrows_2000_nclasses_10_ncols_100_stratify_True,agg,6.0,6.0,0.438,False,False,1.0,True,1.0,False,1.0,0.417,0.417,0.167,0.583,0.717,0.0,False,True,True,,
first-order-theorem-proving_seed_0_nrows_2000_nclasses_10_ncols_100_stratify_True,gmm,6.0,6.0,0.439,False,False,1.0,True,1.0,False,1.0,0.417,0.417,0.167,0.583,0.717,0.0,False,True,True,,
first-order-theorem-proving_seed_0_nrows_2000_nclasses_10_ncols_100_stratify_True,autoenc,6.0,6.0,0.525,False,False,2.0,True,1.0,False,2.0,0.43,0.417,0.167,0.583,0.738,0.076,True,False,True,,
first-order-theorem-proving_seed_0_nrows_2000_nclasses_10_ncols_100_stratify_True,dictlearn,6.0,6.0,0.387,False,False,2.0,True,1.0,False,2.0,0.427,0.417,0.167,0.583,0.734,0.061,False,False,True,,
anneal,kmeans,5.0,5.0,0.442,False,False,1.0,True,1.0,False,1.0,0.761,0.761,0.2,0.928,0.82,0.0,False,True,True,,
anneal,dbscan,17.0,5.0,0.442,False,False,2.0,True,1.0,False,2.0,0.783,0.761,0.2,0.928,0.844,0.133,True,False,True,,
anneal,agg,5.0,5.0,0.422,False,False,1.0,True,1.0,False,1.0,0.761,0.761,0.2,0.928,0.82,0.0,False,True,True,,
anneal,gmm,5.0,5.0,0.426,False,False,1.0,True,1.0,False,1.0,0.761,0.761,0.2,0.928,0.82,0.0,False,True,True,,
anneal,autoenc,5.0,5.0,0.359,False,False,1.0,True,1.0,False,1.0,0.761,0.761,0.2,0.928,0.82,0.0,False,True,True,,
anneal,dictlearn,5.0,5.0,0.478,False,False,1.0,True,1.0,False,1.0,0.761,0.761,0.2,0.928,0.82,0.0,False,True,True,,
mc1,kmeans,2.0,2.0,0.936,False,True,1.0,True,1.0,False,1.0,0.993,0.993,0.5,0.996,0.997,0.0,False,True,False,,
mc1,dbscan,60.0,2.0,0.356,False,False,1.0,True,1.0,False,1.0,0.993,0.993,0.5,0.996,0.997,0.0,False,True,False,,
mc1,agg,2.0,2.0,0.946,False,True,1.0,True,1.0,False,1.0,0.993,0.993,0.5,0.996,0.997,0.0,False,True,False,,
mc1,gmm,2.0,2.0,0.79,False,False,1.0,True,1.0,False,1.0,0.993,0.993,0.5,0.996,0.997,0.0,False,True,False,,
mc1,autoenc,2.0,2.0,0.935,False,True,1.0,True,1.0,False,1.0,0.993,0.993,0.5,0.996,0.997,0.0,False,True,False,,
mc1,dictlearn,2.0,2.0,0.908,False,True,1.0,True,1.0,False,1.0,0.993,0.993,0.5,0.996,0.997,0.0,False,True,False,,
anneal,kmeans,2.0,2.0,0.942,False,True,2.0,False,1.0,False,2.0,0.606,0.539,0.5,1.0,0.606,0.145,True,False,True,,
anneal,dbscan,14.0,2.0,0.461,False,False,2.0,False,1.0,False,2.0,0.706,0.539,0.5,1.0,0.706,0.361,True,False,True,,
anneal,agg,2.0,2.0,0.942,False,True,2.0,False,1.0,False,2.0,0.606,0.539,0.5,1.0,0.606,0.145,True,False,True,,
anneal,gmm,2.0,2.0,0.851,False,False,2.0,False,1.0,False,2.0,0.65,0.539,0.5,1.0,0.65,0.241,True,False,True,,
anneal,autoenc,2.0,2.0,0.942,False,True,2.0,False,1.0,False,2.0,0.606,0.539,0.5,1.0,0.606,0.145,True,False,True,,
anneal,dictlearn,2.0,2.0,0.93,False,True,2.0,False,1.0,False,2.0,0.572,0.539,0.5,1.0,0.572,0.072,True,False,True,,
KDDCup09_upselling,kmeans,2.0,2.0,0.992,False,True,2.0,False,1.0,False,2.0,0.496,0.5,0.5,0.81,0.612,-0.013,False,True,True,,
KDDCup09_upselling,dbscan,3.0,2.0,0.995,False,True,2.0,False,1.0,False,2.0,0.5,0.5,0.5,0.81,0.616,0.0,False,True,True,,
KDDCup09_upselling,agg,2.0,2.0,0.998,False,True,2.0,False,1.0,False,2.0,0.498,0.5,0.5,0.81,0.614,-0.006,False,True,True,,
KDDCup09_upselling,gmm,2.0,2.0,0.73,False,False,2.0,False,1.0,False,2.0,0.55,0.5,0.5,0.81,0.679,0.163,True,False,True,,
KDDCup09_upselling,autoenc,2.0,2.0,0.509,False,False,2.0,False,1.0,False,2.0,0.619,0.5,0.5,0.81,0.763,0.383,True,False,True,,
KDDCup09_upselling,dictlearn,2.0,2.0,0.598,False,False,2.0,False,1.0,False,2.0,0.511,0.5,0.5,0.81,0.631,0.038,True,False,True,,
Cardiovascular-Disease-dataset,kmeans,2.0,2.0,1.0,False,True,2.0,False,1.0,False,2.0,0.5,0.5,0.5,0.689,0.727,0.0,False,True,True,,
Cardiovascular-Disease-dataset,dbscan,69.0,2.0,0.958,False,True,2.0,False,1.0,False,2.0,0.515,0.5,0.5,0.689,0.747,0.077,True,False,True,,
Cardiovascular-Disease-dataset,agg,,,,,,,,,,,,,,,,,,,,True,"Unable to allocate 11.7 GiB for an array with shape (1567972000,) and data type float64"
Cardiovascular-Disease-dataset,gmm,2.0,2.0,0.985,False,True,2.0,False,1.0,False,2.0,0.506,0.5,0.5,0.689,0.735,0.032,False,True,True,,
Cardiovascular-Disease-dataset,autoenc,2.0,2.0,0.999,False,True,2.0,False,1.0,False,2.0,0.5,0.5,0.5,0.689,0.726,0.0,False,True,True,,
Cardiovascular-Disease-dataset,dictlearn,2.0,2.0,0.722,False,False,2.0,False,1.0,False,2.0,0.51,0.5,0.5,0.689,0.74,0.049,False,True,True,,
MiniBooNE,kmeans,2.0,2.0,0.998,False,True,2.0,False,1.0,False,2.0,0.502,0.5,0.5,0.932,0.539,0.005,False,True,True,,
MiniBooNE,dbscan,21.0,2.0,0.975,False,True,2.0,False,1.0,False,2.0,0.509,0.5,0.5,0.932,0.547,0.022,False,True,True,,
MiniBooNE,agg,,,,,,,,,,,,,,,,,,,,True,"Unable to allocate 12.7 GiB for an array with shape (1705134003,) and data type float64"
MiniBooNE,gmm,2.0,2.0,0.956,False,True,2.0,False,1.0,False,2.0,0.533,0.5,0.5,0.932,0.572,0.076,True,False,True,,
MiniBooNE,autoenc,2.0,2.0,0.998,False,True,2.0,False,1.0,False,2.0,0.502,0.5,0.5,0.932,0.539,0.005,False,True,True,,
MiniBooNE,dictlearn,2.0,2.0,0.757,False,False,2.0,False,1.0,False,2.0,0.647,0.5,0.5,0.932,0.695,0.341,True,False,True,,
kdd_ipums_la_97-small_seed_3_nrows_2000_nclasses_10_ncols_100_stratify_True,kmeans,2.0,2.0,0.806,False,False,2.0,False,1.0,False,2.0,0.71,0.5,0.5,0.855,0.83,0.592,True,False,True,,
kdd_ipums_la_97-small_seed_3_nrows_2000_nclasses_10_ncols_100_stratify_True,dbscan,9.0,2.0,0.221,False,False,2.0,False,1.0,False,2.0,0.72,0.5,0.5,0.855,0.842,0.62,True,False,True,,
kdd_ipums_la_97-small_seed_3_nrows_2000_nclasses_10_ncols_100_stratify_True,agg,2.0,2.0,0.806,False,False,2.0,False,1.0,False,2.0,0.71,0.5,0.5,0.855,0.83,0.592,True,False,True,,
kdd_ipums_la_97-small_seed_3_nrows_2000_nclasses_10_ncols_100_stratify_True,gmm,2.0,2.0,0.806,False,False,2.0,False,1.0,False,2.0,0.71,0.5,0.5,0.855,0.83,0.592,True,False,True,,
kdd_ipums_la_97-small_seed_3_nrows_2000_nclasses_10_ncols_100_stratify_True,autoenc,2.0,2.0,0.805,False,False,2.0,False,1.0,False,2.0,0.71,0.5,0.5,0.855,0.83,0.592,True,False,True,,
kdd_ipums_la_97-small_seed_3_nrows_2000_nclasses_10_ncols_100_stratify_True,dictlearn,2.0,2.0,0.658,False,False,2.0,False,1.0,False,2.0,0.64,0.5,0.5,0.855,0.749,0.394,True,False,True,,
FOREX_eurusd-day-Close,kmeans,2.0,2.0,0.528,False,False,2.0,False,1.0,False,2.0,0.481,0.505,0.5,0.5,0.962,0.0,False,False,False,,
FOREX_eurusd-day-Close,dbscan,3.0,2.0,0.962,False,True,1.0,True,1.0,False,1.0,0.505,0.505,0.5,0.5,1.011,0.0,False,True,False,,
FOREX_eurusd-day-Close,agg,2.0,2.0,0.655,False,False,1.0,True,1.0,False,1.0,0.505,0.505,0.5,0.5,1.011,0.0,False,True,False,,
FOREX_eurusd-day-Close,gmm,2.0,2.0,0.889,False,False,1.0,True,1.0,False,1.0,0.505,0.505,0.5,0.5,1.011,0.0,False,True,False,,
FOREX_eurusd-day-Close,autoenc,2.0,2.0,0.528,False,False,2.0,False,1.0,False,2.0,0.481,0.505,0.5,0.5,0.962,0.0,False,False,False,,
FOREX_eurusd-day-Close,dictlearn,2.0,2.0,0.946,False,True,1.0,True,1.0,False,1.0,0.505,0.505,0.5,0.5,1.011,0.0,False,True,False,,
puma8NH,kmeans,2.0,2.0,0.507,False,False,2.0,False,1.0,False,2.0,0.499,0.502,0.5,0.827,0.604,-0.009,False,True,True,,
puma8NH,dbscan,3.0,2.0,0.999,False,True,2.0,False,1.0,False,1.0,0.502,0.502,0.5,0.827,0.607,0.0,False,True,True,,
puma8NH,agg,2.0,2.0,0.62,False,False,2.0,False,1.0,False,2.0,0.565,0.502,0.5,0.827,0.683,0.194,True,False,True,,
puma8NH,gmm,2.0,2.0,0.502,False,False,2.0,False,1.0,False,2.0,0.664,0.502,0.5,0.827,0.803,0.498,True,False,True,,
puma8NH,autoenc,2.0,2.0,0.535,False,False,2.0,False,1.0,False,2.0,0.545,0.502,0.5,0.827,0.659,0.132,True,False,True,,
puma8NH,dictlearn,2.0,2.0,0.724,False,False,2.0,False,1.0,False,2.0,0.506,0.502,0.5,0.827,0.613,0.013,False,True,True,,
Employee-Turnover-at-TECHCO,kmeans,2.0,2.0,0.546,False,False,1.0,True,1.0,False,1.0,0.986,0.986,0.5,0.984,1.002,0.0,False,True,False,,
Employee-Turnover-at-TECHCO,dbscan,1101.0,2.0,0.006,False,False,1.0,True,1.0,False,1.0,0.986,0.986,0.5,0.984,1.002,0.0,False,True,False,,
Employee-Turnover-at-TECHCO,agg,,,,,,,,,,,,,,,,,,,,True,unable to allocate array data.
Employee-Turnover-at-TECHCO,gmm,2.0,2.0,0.588,False,False,1.0,True,1.0,False,1.0,0.986,0.986,0.5,0.984,1.002,0.0,False,True,False,,
Employee-Turnover-at-TECHCO,autoenc,2.0,2.0,0.568,False,False,1.0,True,1.0,False,1.0,0.986,0.986,0.5,0.984,1.002,0.0,False,True,False,,
Employee-Turnover-at-TECHCO,dictlearn,2.0,2.0,0.766,False,False,1.0,True,1.0,False,1.0,0.986,0.986,0.5,0.984,1.002,0.0,False,True,False,,
pwLinear,kmeans,2.0,2.0,0.506,False,False,2.0,False,1.0,False,2.0,0.775,0.525,0.5,0.875,0.886,0.714,True,False,True,,
pwLinear,dbscan,2.0,2.0,0.944,False,True,1.0,True,1.0,False,1.0,0.525,0.525,0.5,0.875,0.6,0.0,False,True,True,,
pwLinear,agg,2.0,2.0,0.637,False,False,2.0,False,1.0,False,2.0,0.675,0.525,0.5,0.875,0.771,0.429,True,False,True,,
pwLinear,gmm,2.0,2.0,0.506,False,False,2.0,False,1.0,False,2.0,0.775,0.525,0.5,0.875,0.886,0.714,True,False,True,,
pwLinear,autoenc,2.0,2.0,0.512,False,False,2.0,False,1.0,False,2.0,0.575,0.525,0.5,0.875,0.657,0.143,True,False,True,,
pwLinear,dictlearn,2.0,2.0,0.738,False,False,2.0,False,1.0,False,2.0,0.5,0.525,0.5,0.875,0.571,-0.071,False,False,True,,
taiwanese_bankruptcy_prediction,kmeans,2.0,2.0,0.631,False,False,1.0,True,1.0,False,1.0,0.968,0.968,0.5,0.971,0.997,0.0,False,True,False,,
taiwanese_bankruptcy_prediction,dbscan,2.0,2.0,0.996,False,True,1.0,True,1.0,False,1.0,0.968,0.968,0.5,0.971,0.997,0.0,False,True,False,,
taiwanese_bankruptcy_prediction,agg,2.0,2.0,0.713,False,False,1.0,True,1.0,False,1.0,0.968,0.968,0.5,0.971,0.997,0.0,False,True,False,,
taiwanese_bankruptcy_prediction,gmm,2.0,2.0,0.903,False,True,1.0,True,1.0,False,1.0,0.968,0.968,0.5,0.971,0.997,0.0,False,True,False,,
taiwanese_bankruptcy_prediction,autoenc,2.0,2.0,0.989,False,True,1.0,True,1.0,False,1.0,0.968,0.968,0.5,0.971,0.997,0.0,False,True,False,,
taiwanese_bankruptcy_prediction,dictlearn,2.0,2.0,0.944,False,True,1.0,True,1.0,False,1.0,0.968,0.968,0.5,0.971,0.997,0.0,False,True,False,,
fri_c3_500_25,kmeans,2.0,2.0,0.632,False,False,2.0,False,1.0,False,2.0,0.59,0.56,0.5,0.84,0.702,0.107,True,False,True,,
fri_c3_500_25,dbscan,2.0,2.0,0.632,False,False,2.0,False,1.0,False,2.0,0.59,0.56,0.5,0.84,0.702,0.107,True,False,True,,
fri_c3_500_25,agg,2.0,2.0,0.748,False,False,2.0,False,1.0,False,2.0,0.54,0.56,0.5,0.84,0.643,-0.071,False,False,True,,
fri_c3_500_25,gmm,2.0,2.0,0.573,False,False,2.0,False,1.0,False,2.0,0.7,0.56,0.5,0.84,0.833,0.5,True,False,True,,
fri_c3_500_25,autoenc,2.0,2.0,0.59,False,False,2.0,False,1.0,False,2.0,0.59,0.56,0.5,0.84,0.702,0.107,True,False,True,,
fri_c3_500_25,dictlearn,2.0,2.0,0.665,False,False,1.0,True,1.0,False,1.0,0.56,0.56,0.5,0.84,0.667,0.0,False,True,True,,
Diabetes130US,kmeans,2.0,2.0,0.6,False,False,2.0,False,1.0,False,2.0,0.537,0.5,0.5,0.563,0.955,0.594,True,False,True,,
Diabetes130US,dbscan,58.0,2.0,0.617,False,False,2.0,False,1.0,False,2.0,0.596,0.5,0.5,0.563,1.059,1.528,True,False,True,,
Diabetes130US,agg,,,,,,,,,,,,,,,,,,,,True,"Unable to allocate 12.0 GiB for an array with shape (1617183756,) and data type float64"
Diabetes130US,gmm,2.0,2.0,0.815,False,False,2.0,False,1.0,False,2.0,0.556,0.5,0.5,0.563,0.987,0.887,True,False,True,,
Diabetes130US,autoenc,2.0,2.0,0.775,False,False,2.0,False,1.0,False,2.0,0.534,0.5,0.5,0.563,0.949,0.54,True,False,True,,
Diabetes130US,dictlearn,2.0,2.0,0.929,False,True,2.0,False,1.0,False,2.0,0.522,0.5,0.5,0.563,0.927,0.343,True,False,True,,
mw1,kmeans,2.0,2.0,0.832,False,False,1.0,True,1.0,False,1.0,0.926,0.926,0.5,0.938,0.987,0.0,False,True,False,,
mw1,dbscan,3.0,2.0,0.947,False,True,1.0,True,1.0,False,1.0,0.926,0.926,0.5,0.938,0.987,0.0,False,True,False,,
mw1,agg,2.0,2.0,0.904,False,True,1.0,True,1.0,False,1.0,0.926,0.926,0.5,0.938,0.987,0.0,False,True,False,,
mw1,gmm,2.0,2.0,0.814,False,False,1.0,True,1.0,False,1.0,0.926,0.926,0.5,0.938,0.987,0.0,False,True,False,,
mw1,autoenc,2.0,2.0,0.807,False,False,1.0,True,1.0,False,1.0,0.926,0.926,0.5,0.938,0.987,0.0,False,True,False,,
mw1,dictlearn,2.0,2.0,0.714,False,False,1.0,True,1.0,False,1.0,0.926,0.926,0.5,0.938,0.987,0.0,False,True,False,,
heloc,kmeans,2.0,2.0,0.943,False,True,2.0,False,1.0,False,2.0,0.504,0.5,0.5,0.72,0.7,0.018,False,True,True,,
heloc,dbscan,2.0,2.0,0.943,False,True,2.0,False,1.0,False,2.0,0.504,0.5,0.5,0.72,0.7,0.018,False,True,True,,
heloc,agg,2.0,2.0,0.943,False,True,2.0,False,1.0,False,2.0,0.504,0.5,0.5,0.72,0.7,0.018,False,True,True,,
heloc,gmm,2.0,2.0,0.943,False,True,2.0,False,1.0,False,2.0,0.504,0.5,0.5,0.72,0.7,0.018,False,True,True,,
heloc,autoenc,2.0,2.0,0.943,False,True,2.0,False,1.0,False,2.0,0.504,0.5,0.5,0.72,0.7,0.018,False,True,True,,
heloc,dictlearn,2.0,2.0,0.681,False,False,2.0,False,1.0,False,2.0,0.507,0.5,0.5,0.72,0.705,0.032,False,True,True,,
pendigits,kmeans,10.0,10.0,0.219,False,False,9.0,True,1.0,False,9.0,0.719,0.104,0.1,0.992,0.724,0.692,True,False,True,,
pendigits,dbscan,17.0,10.0,0.616,False,False,6.0,True,1.0,False,6.0,0.333,0.104,0.1,0.992,0.336,0.258,True,False,True,,
pendigits,agg,10.0,10.0,0.213,False,False,9.0,True,1.0,False,9.0,0.731,0.104,0.1,0.992,0.737,0.706,True,False,True,,
pendigits,gmm,10.0,10.0,0.146,False,False,10.0,False,1.0,False,10.0,0.815,0.104,0.1,0.992,0.822,0.801,True,False,True,,
pendigits,autoenc,10.0,10.0,0.217,False,False,9.0,True,1.0,False,9.0,0.724,0.104,0.1,0.992,0.73,0.699,True,False,True,,
pendigits,dictlearn,10.0,10.0,0.188,False,False,8.0,True,1.0,False,8.0,0.634,0.104,0.1,0.992,0.64,0.597,True,False,True,,
