dataset_id,LSE_kmeans,LSE_dbscan,LSE_agg,LSE_gmm,LSE_autoenc,LSE_dictlearn,best_method,gt_accuracy,majority_accuracy,gt_lift_over_majority,ae_mean_0,ae_mean_1,ae_mean_2,ae_mean_3,ae_mean_4,ae_mean_5,ae_mean_6,ae_mean_7,ae_mean_8,ae_mean_9,ae_var_0,ae_var_1,ae_var_2,ae_var_3,ae_var_4,ae_var_5,ae_var_6,ae_var_7,ae_var_8,ae_var_9,ae_mean_10,ae_mean_11,ae_mean_12,ae_mean_13,ae_mean_14,ae_mean_15,ae_mean_16,ae_mean_17,ae_mean_18,ae_mean_19,ae_var_10,ae_var_11,ae_var_12,ae_var_13,ae_var_14,ae_var_15,ae_var_16,ae_var_17,ae_var_18,ae_var_19
43924,0.630435,0.630435,0.608696,0.467391,0.597826,0.402174,kmeans,0.621622,0.290541,0.331081,1.3644347190856934,1.3503942489624023,-1.998823881149292,0.43196120858192444,-0.23553109169006348,-0.9556824564933777,-3.075648307800293,1.0351213216781616,-0.2528548538684845,0.42458516359329224,23.285858154296875,24.815784454345703,24.21889305114746,24.3431396484375,22.25507164001465,23.265892028808594,20.61225128173828,26.064992904663086,22.759931564331055,23.985715866088867,,,,,,,,,,,,,,,,,,,,
732,0.707317,0.707317,0.707317,0.560976,0.585366,0.585366,kmeans,0.82,0.54,0.28,0.30612269043922424,-0.12010032683610916,-0.018269948661327362,0.09753017127513885,0.479095458984375,0.5403934121131897,-0.10970946401357651,0.46776947379112244,,,1.3713756799697876,1.6072803735733032,1.2943698167800903,1.4880707263946533,1.1424423456192017,1.501923680305481,1.0686782598495483,1.4211621284484863,,,,,,,,,,,,,,,,,,,,,,
1459,0.21162,0.245736,0.221748,0.260661,0.253198,0.236141,gmm,0.917808,0.138454,0.779354,0.40172043442726135,-0.25067776441574097,-0.13812413811683655,-1.301705241203308,0.5575044751167297,0.0007158369990065694,-0.10006260126829147,-0.8295033574104309,-0.22784335911273956,-1.137442708015442,0.4718529284000397,0.6050015687942505,0.270651638507843,0.5258180499076843,0.4143757224082947,0.20529837906360626,0.2575918138027191,0.5088461637496948,0.4833022952079773,0.46845006942749023,0.5639290809631348,0.7310090065002441,-0.8879533410072327,-0.27178409695625305,-0.3184754252433777,0.22668364644050598,1.3731268644332886,-0.6252200603485107,0.5876665711402893,0.8178818225860596,0.3728109896183014,0.9953239560127258,0.33088117837905884,0.7287828922271729,0.4972972571849823,0.4364032745361328,0.1278717815876007,0.35491424798965454,0.5753840804100037,0.6291417479515076
1495,1.0,1.0,1.0,1.0,0.98,0.56,kmeans,1.0,0.58,0.42,0.6944801211357117,-0.19801291823387146,-0.5522875785827637,-0.4929158091545105,0.3868950307369232,-0.4121043086051941,0.4668005704879761,0.3915794789791107,,,0.8052504062652588,0.8600171804428101,1.8987411260604858,2.3891942501068115,0.9465451836585999,1.1460744142532349,1.011766791343689,1.2933927774429321,,,,,,,,,,,,,,,,,,,,,,
4538,0.518968,0.447648,0.494689,0.465857,0.536419,0.501517,autoenc,0.667342,0.298734,0.368608,1.1836282014846802,-0.6629995703697205,-1.8543635606765747,0.92588210105896,0.08244256675243378,1.4514447450637817,0.6716269254684448,0.35118362307548523,-0.7015207409858704,1.4150563478469849,4.934087753295898,3.0513811111450195,5.6671833992004395,3.4882607460021973,3.520348072052002,4.777136325836182,3.2829716205596924,4.4653215408325195,3.8021509647369385,5.956883907318115,,,,,,,,,,,,,,,,,,,,
46176,0.987097,0.451613,0.535484,0.787097,0.56129,0.6,kmeans,0.724299,0.308411,0.415888,0.6468870639801025,-0.1714847832918167,0.3878203332424164,-0.2420729398727417,1.3982007503509521,-0.1303807646036148,-0.18745891749858856,0.21705563366413116,-0.65903639793396,0.028030510991811752,4.5822930335998535,3.275235891342163,4.348202228546143,5.446437358856201,9.431275367736816,5.168280124664307,4.448702335357666,6.690086841583252,3.1612980365753174,6.504821300506592,2.1982553005218506,-0.44409096240997314,,,,,,,,,3.044037342071533,2.6250252723693848,,,,,,,,
694,0.392857,0.589286,0.410714,0.571429,0.446429,0.321429,dbscan,0.903226,0.129032,0.774194,-0.38177797198295593,-0.3105235695838928,0.0552799329161644,0.4042862057685852,0.35116812586784363,-0.04558774083852768,-0.9468739032745361,-0.00048824038822203875,0.31258314847946167,-0.12410657852888107,0.23974497616291046,0.794075071811676,0.5618521571159363,0.542582094669342,0.5112212300300598,0.45423293113708496,0.21268051862716675,1.4717212915420532,1.2059519290924072,0.05463647097349167,0.32985106110572815,-0.05661648139357567,0.07942940294742584,-0.650880753993988,0.4523163139820099,-0.5648930072784424,-0.370787650346756,0.26917892694473267,,,0.6929569840431213,0.5966492295265198,0.8025630712509155,0.3689558207988739,0.492389440536499,0.06827010959386826,1.121726632118225,0.5574826598167419,,
43958,0.568009,0.682263,0.683351,0.562568,0.589771,0.564744,agg,0.885356,0.5,0.385356,-1.889809250831604,-0.4372614622116089,1.922210693359375,0.8753955960273743,-0.9130051136016846,0.25859788060188293,-0.42391514778137207,0.9003915786743164,,,48.52709197998047,40.65159225463867,43.56504821777344,43.5805549621582,45.33381652832031,45.76161193847656,28.251968383789062,44.01586151123047,,,,,,,,,,,,,,,,,,,,,,
42544,0.520833,0.1875,0.5,0.541667,0.479167,0.416667,gmm,0.90566,0.169811,0.735849,0.01909811981022358,0.2869676947593689,-0.15512914955615997,-1.237428903579712,-0.19737443327903748,-0.31396520137786865,-0.17471344769001007,0.0848408043384552,-0.037388890981674194,0.6336752772331238,0.8873618245124817,1.0014140605926514,0.5680215358734131,0.45358213782310486,0.5558304786682129,0.5039525032043457,0.4709160029888153,0.6134196519851685,1.172531008720398,0.6095404028892517,-0.31657692790031433,0.3645598888397217,0.6049218773841858,-0.11590726673603058,-0.7211127281188965,-0.11714628338813782,,,,,1.1868454217910767,0.3745977580547333,0.4068015515804291,0.39465755224227905,0.8133946657180786,0.48996633291244507,,,,
46944,0.280802,0.283668,0.275072,0.266476,0.272206,0.269341,dbscan,0.8725,0.25,0.6225,-0.6786403059959412,1.7310192584991455,-0.7963477373123169,-0.8398016095161438,0.5038099884986877,0.3993246853351593,1.0203777551651,-1.4820910692214966,,,2.177243709564209,2.972691059112549,3.004380702972412,1.7068634033203125,2.6159424781799316,2.5498759746551514,1.802016258239746,3.83785343170166,,,,,,,,,,,,,,,,,,,,,,
45035,0.790828,0.781213,0.758867,0.756788,0.756658,0.756918,kmeans,0.66063,0.500043,0.160587,0.2899888753890991,-0.014336428605020046,0.13845551013946533,-0.4321039617061615,0.017950797453522682,0.616676390171051,0.5597143173217773,-0.6671504974365234,,,15.318336486816406,11.929393768310547,9.814212799072266,20.95631980895996,10.81231689453125,7.791031360626221,11.628146171569824,16.8790283203125,,,,,,,,,,,,,,,,,,,,,,
39,0.779661,0.813559,1.0,0.813559,0.762712,0.762712,agg,0.867647,0.426471,0.441176,0.6477652788162231,-0.32782286405563354,0.3344879746437073,-1.00391685962677,-0.46404680609703064,0.5115619897842407,0.13391214609146118,-0.17598028481006622,1.3874484300613403,0.08505211770534515,0.9627197980880737,0.3679901659488678,1.0044186115264893,0.5801615118980408,0.46658119559288025,0.4924899935722351,0.9738342761993408,0.43015405535697937,0.6843108534812927,0.6193673014640808,-0.6085232496261597,-0.13882037997245789,-0.29779815673828125,-0.09493831545114517,-0.2963472604751587,0.34527096152305603,,,,,0.3801908493041992,0.6040049195289612,0.6228543519973755,0.7986271977424622,0.6768184304237366,0.9057019948959351,,,,
44033,0.645491,0.593057,0.560213,0.581245,0.55762,0.612648,kmeans,0.902144,0.500065,0.402079,-1.207929015159607,2.0724313259124756,-1.8868488073349,-0.047638457268476486,0.5155770182609558,0.41480815410614014,1.6565117835998535,1.103117823600769,,,3.2204430103302,4.472044944763184,7.1984124183654785,2.477191686630249,7.868441104888916,6.353128433227539,6.899580478668213,3.3339123725891113,,,,,,,,,,,,,,,,,,,,,,
1527,0.263566,0.934884,0.330233,0.269767,0.283721,0.376744,dbscan,0.990783,0.907834,0.082949,-0.3542741537094116,0.21643638610839844,-0.5396348834037781,0.016987750306725502,-0.6559481024742126,-0.4790986180305481,0.042248159646987915,-0.21555893123149872,0.22160604596138,0.30569878220558167,0.5133649706840515,0.28371596336364746,0.2782142460346222,0.6949669718742371,0.5471104979515076,0.25982803106307983,0.954692542552948,0.5195465683937073,0.3285452127456665,1.0790941715240479,,,,,,,,,,,,,,,,,,,,
44367,0.672897,0.623053,0.660436,0.660436,0.663551,0.626168,kmeans,0.8025,0.5,0.3025,-0.528606116771698,0.29566729068756104,-0.5740593075752258,-0.20143108069896698,0.3548799753189087,-1.3710299730300903,0.21876496076583862,1.1256015300750732,,,1.4399508237838745,1.5905598402023315,1.8697057962417603,1.8993453979492188,1.246978998184204,1.2104979753494263,1.7516611814498901,1.3899333477020264,,,,,,,,,,,,,,,,,,,,,,
26,0.30129,0.481047,0.305979,0.277061,0.265338,0.228214,dbscan,0.987269,0.333333,0.653935,-4.301713943481445,1.1945773363113403,-6.450944423675537,0.5433979034423828,-0.40295344591140747,4.361632347106934,-1.0787736177444458,-4.378802299499512,-0.4916263222694397,0.3487788140773773,6.006723880767822,12.654899597167969,5.536051273345947,4.575332164764404,4.7674241065979,12.23400592803955,9.556732177734375,7.191028594970703,12.6953125,7.947956562042236,,,,,,,,,,,,,,,,,,,,
44505,0.573718,0.596154,0.50641,0.538462,0.442308,0.387821,dbscan,0.802057,0.347044,0.455013,1.4111627340316772,1.0019737482070923,0.5172207951545715,1.3951936960220337,1.4729423522949219,0.17138689756393433,0.6019013524055481,-0.930932879447937,-0.0172059815376997,-3.115230083465576,3.132366180419922,2.5247654914855957,0.9147156476974487,1.5944173336029053,1.5572047233581543,3.145106315612793,2.040447473526001,2.7208328247070312,1.6321055889129639,1.0957434177398682,-0.05823627486824989,-1.3689987659454346,0.45724180340766907,-2.060420036315918,,,,,,,0.949801504611969,1.781199336051941,1.7246137857437134,3.15818452835083,,,,,,
44677,0.590426,0.617021,0.531915,0.585106,0.534574,0.577128,dbscan,0.94,0.5575,0.3825,-0.07711326330900192,-0.46429118514060974,-0.6828058362007141,0.18792805075645447,-0.9739856123924255,0.060658350586891174,-1.264367699623108,0.2249748259782791,,,8.142282485961914,11.778836250305176,12.40584945678711,6.05933952331543,5.263535022735596,9.629733085632324,6.67854118347168,8.95338249206543,,,,,,,,,,,,,,,,,,,,,,
46543,0.649055,0.704589,0.649055,0.652526,0.649055,0.702275,dbscan,0.775651,0.50015,0.275501,-0.2190380096435547,1.6945862770080566,1.0944924354553223,0.28592848777770996,-1.2175668478012085,0.15217213332653046,0.4164918065071106,-0.04145802557468414,,,0.9295390844345093,2.2408673763275146,1.6972533464431763,1.3285282850265503,1.3794807195663452,0.5845778584480286,0.9358823895454407,1.3754541873931885,,,,,,,,,,,,,,,,,,,,,,
45028,0.60563,0.566822,0.575294,0.641159,0.614922,0.562449,gmm,0.8866,0.500121,0.386479,-0.3904290199279785,-0.029014963656663895,0.6108372807502747,0.42517805099487305,-0.1184329241514206,0.11081624031066895,-1.0536959171295166,1.4031935930252075,,,0.48827096819877625,1.0408965349197388,0.9116815328598022,1.0071220397949219,0.8048529028892517,1.538580060005188,0.4760175049304962,1.2967708110809326,,,,,,,,,,,,,,,,,,,,,,
734,0.768947,0.651372,0.794347,0.650143,0.732487,0.648914,agg,0.887636,0.576,0.311636,-2.6365082263946533,-1.1660665273666382,0.11513900756835938,0.9710931181907654,-0.13940535485744476,1.6780357360839844,-0.5774651765823364,1.3074262142181396,,,4.580506324768066,4.7232160568237305,4.992816925048828,5.264231204986572,5.8001179695129395,2.528183937072754,3.3709254264831543,4.319597244262695,,,,,,,,,,,,,,,,,,,,,,
44619,0.355224,0.692537,0.358209,0.280597,0.280597,0.435821,dbscan,0.968208,0.699422,0.268786,-0.5092193484306335,0.4234761893749237,-0.19440163671970367,-0.7187087535858154,-0.29727527499198914,-0.1529638171195984,0.6937877535820007,-1.0397893190383911,,,4.413952350616455,2.5140466690063477,2.5140316486358643,4.380512237548828,3.7514309883117676,4.008589267730713,4.0035200119018555,4.2266435623168945,,,,,,,,,,,,,,,,,,,,,,
46842,0.577143,0.674286,0.571429,0.674286,0.674286,0.468571,dbscan,0.862069,0.399015,0.463054,-0.6447284817695618,-0.2221093624830246,-0.3947960436344147,-0.6055370569229126,-0.3905344009399414,-0.7667126655578613,0.45833250880241394,-0.03805174306035042,,,0.8618883490562439,1.2417998313903809,0.644821286201477,1.0498945713043213,0.7650169730186462,0.6728652715682983,0.6157217621803284,0.5897470712661743,,,,,,,,,,,,,,,,,,,,,,
46952,0.591623,0.685864,0.691099,0.612565,0.570681,0.670157,agg,0.905213,0.663507,0.241706,-0.3815584182739258,0.16579288244247437,-0.6879240870475769,0.10620156675577164,-0.6710138916969299,0.3166065812110901,-0.2778567969799042,0.8501068353652954,,,6.864704608917236,6.8509745597839355,8.144768714904785,6.406973361968994,10.458858489990234,5.817502498626709,8.246606826782227,12.042943954467773,,,,,,,,,,,,,,,,,,,,,,
784,0.636364,0.909091,0.636364,0.636364,0.727273,0.772727,dbscan,0.785714,0.5,0.285714,-0.28351062536239624,-0.13993313908576965,0.3661343455314636,0.6135945320129395,-0.5907601118087769,0.025874251499772072,0.8594663739204407,0.6508889198303223,,,1.7868750095367432,0.9048418998718262,1.429996132850647,1.1500879526138306,1.008959174156189,1.0885131359100342,1.5060348510742188,0.9529953002929688,,,,,,,,,,,,,,,,,,,,,,
44671,0.635556,0.524444,0.573333,0.693333,0.76,0.622222,autoenc,0.5625,0.3,0.2625,1.3413877487182617,-0.5981596112251282,-2.099647045135498,0.5302345156669617,-0.10330189764499664,1.1436011791229248,0.3365086019039154,-0.01665857620537281,-0.8027344346046448,1.3777815103530884,4.308708667755127,2.6209585666656494,7.084909439086914,2.5228934288024902,2.633425235748291,3.9306106567382812,2.1255648136138916,3.7003142833709717,2.5425806045532227,4.4682207107543945,,,,,,,,,,,,,,,,,,,,
46554,0.79001,0.889554,0.783182,0.79001,0.55666,0.837805,dbscan,0.927556,0.777778,0.149778,-2.4517822265625,1.8051133155822754,0.4186500906944275,0.1462954580783844,3.5588371753692627,2.7722525596618652,-1.8972070217132568,-5.608098983764648,,,13.628560066223145,8.439865112304688,5.036534786224365,7.751851558685303,3.7739205360412598,9.63161849975586,11.301436424255371,8.34219741821289,,,,,,,,,,,,,,,,,,,,,,
46963,0.838298,0.578723,0.846809,0.570213,0.842553,0.565957,agg,0.867159,0.516605,0.350554,0.1841212958097458,-0.10113696753978729,-0.34792473912239075,0.5427074432373047,0.8381287455558777,-1.1884535551071167,0.1630983203649521,0.05976160615682602,,,2.443793773651123,2.6259074211120605,5.042208194732666,4.907449245452881,3.0992250442504883,3.019071340560913,4.333636283874512,2.593226909637451,,,,,,,,,,,,,,,,,,,,,,
44663,0.416309,0.76824,0.381974,0.60515,0.463519,0.532189,dbscan,0.5825,0.4175,0.165,0.6382598280906677,-0.6203626990318298,0.533877432346344,1.0279446840286255,0.641384482383728,0.32779398560523987,-0.6925010085105896,-1.6440430879592896,0.5165452361106873,-0.5250493884086609,4.835111618041992,3.9313745498657227,9.113027572631836,5.181939601898193,5.354852676391602,3.3033576011657715,7.446861743927002,4.436568260192871,5.935986518859863,6.034898281097412,-0.7617558836936951,1.3542410135269165,,,,,,,,,3.8357644081115723,4.033548831939697,,,,,,,,
1,0.616667,0.805556,0.683333,0.516667,0.55,0.577778,dbscan,1.0,0.761111,0.238889,-0.3887544572353363,0.024205021560192108,-0.5088760256767273,-0.7455406188964844,0.15804022550582886,0.09733018279075623,-0.9372730255126953,-0.919336199760437,0.7741559743881226,-0.11554738134145737,9.7283935546875,7.908689498901367,10.559012413024902,12.734272003173828,14.293787956237793,9.157197952270508,8.300942420959473,11.065200805664062,8.875181198120117,7.682430267333984,,,,,,,,,,,,,,,,,,,,
44259,0.5,0.661111,0.5,0.711111,0.505556,0.5,gmm,1.0,0.538889,0.461111,0.14963103830814362,0.08819114416837692,0.32393839955329895,-0.050936538726091385,-0.14847466349601746,-0.4752899408340454,0.12771572172641754,0.35109418630599976,,,10.156841278076172,16.608861923217773,13.392237663269043,12.613814353942871,10.140933990478516,11.399394989013672,19.34546661376953,13.65722370147705,,,,,,,,,,,,,,,,,,,,,,
44158,0.655257,0.629584,0.650367,0.652812,0.627139,0.704156,dictlearn,0.812314,0.500497,0.311817,-0.6816233396530151,0.1267346888780594,0.2735797166824341,0.2883416712284088,0.23571433126926422,0.6332420706748962,-0.27855685353279114,0.5118194818496704,,,15.775919914245605,18.36454200744629,13.762816429138184,17.47119903564453,16.991901397705078,12.283178329467773,14.86662769317627,17.285755157470703,,,,,,,,,,,,,,,,,,,,,,
45547,0.703387,0.814956,0.7059,0.806614,0.81757,0.772741,autoenc,0.710643,0.500286,0.210357,1.3689730167388916,-2.4597952365875244,0.919573187828064,-0.7113732099533081,-0.8234196305274963,-1.494564175605774,1.9677876234054565,0.7086220979690552,,,5.660431385040283,4.386829376220703,3.783876657485962,5.644053936004639,3.562650680541992,4.469160556793213,5.323273658752441,7.116686820983887,,,,,,,,,,,,,,,,,,,,,,
44395,0.830409,0.845029,0.830409,0.830409,0.830409,0.748538,dbscan,0.855,0.5,0.355,0.09953324496746063,-0.7188000679016113,-0.04652943089604378,0.9191891551017761,1.927947998046875,1.3259575366973877,1.8004614114761353,-1.5938568115234375,,,3.8731157779693604,1.6659436225891113,3.7364110946655273,3.5630979537963867,1.5727535486221313,4.865793228149414,4.022524833679199,2.611140489578247,,,,,,,,,,,,,,,,,,,,,,
816,0.60369,0.60738,0.681919,0.802952,0.659779,0.612546,gmm,0.826724,0.502135,0.324588,-0.9929906725883484,-0.020431840792298317,0.8721368312835693,0.6806434392929077,-0.053218647837638855,0.9964842796325684,-0.750033438205719,1.4945601224899292,,,1.1759635210037231,0.9924986362457275,1.0311706066131592,0.8566115498542786,0.8811203241348267,1.0485670566558838,0.9615699648857117,1.0459718704223633,,,,,,,,,,,,,,,,,,,,,,
721,0.885714,0.6,0.771429,0.885714,0.657143,0.571429,kmeans,0.875,0.525,0.35,0.45750293135643005,0.6541927456855774,0.8630916476249695,-0.24690787494182587,-1.4685834646224976,0.2928965985774994,0.291549414396286,0.334116667509079,,,0.6828135251998901,0.659791111946106,0.7640055418014526,0.7983936071395874,0.6190791130065918,0.7429099082946777,0.767901599407196,0.7431980967521667,,,,,,,,,,,,,,,,,,,,,,
335,0.5,0.981818,0.581818,0.5,0.718182,0.436364,dbscan,0.990991,0.522523,0.468468,1.163175344467163,-0.05302337184548378,0.6737672686576843,0.135110542178154,0.12225312739610672,0.37563398480415344,0.8172974586486816,1.0820213556289673,,,1.5260839462280273,1.6202470064163208,1.3897309303283691,1.2789005041122437,1.3922638893127441,1.540165901184082,1.2995619773864746,1.421172857284546,,,,,,,,,,,,,,,,,,,,,,
896,0.702381,0.702381,0.642857,0.833333,0.702381,0.642857,gmm,0.84,0.56,0.28,0.512328565120697,-0.4650387167930603,-0.6629698276519775,-1.1936432123184204,-0.08235222846269608,-0.44430360198020935,0.3403092324733734,0.09766271710395813,,,1.3637056350708008,1.006042242050171,1.1210300922393799,1.0778005123138428,0.7898740172386169,0.9184696078300476,1.1679720878601074,0.8798937201499939,,,,,,,,,,,,,,,,,,,,,,
46584,0.72973,0.608108,0.513514,0.689189,0.756757,0.743243,autoenc,0.552239,0.313433,0.238806,-0.6345749497413635,-0.6361353993415833,0.6324440240859985,0.4511200487613678,0.254509299993515,-0.038011666387319565,0.27150142192840576,-0.21928587555885315,,,3.605081796646118,4.501143932342529,4.183933734893799,3.1635162830352783,3.7188680171966553,4.799129962921143,5.347845077514648,4.249786376953125,,,,,,,,,,,,,,,,,,,,,,
45022,0.954142,1.058353,0.988504,0.98738,0.948144,0.926653,dbscan,0.562878,0.5,0.062878,-0.7590373158454895,-1.4345303773880005,0.6397382020950317,-0.35140305757522583,-0.0829114243388176,1.147188663482666,-0.19158479571342468,-0.4903903007507324,,,1.3118398189544678,1.2459821701049805,0.8267656564712524,1.1049418449401855,1.031805396080017,1.2892311811447144,0.38070613145828247,0.5115143060684204,,,,,,,,,,,,,,,,,,,,,,
45026,0.700486,0.700486,0.700486,0.700486,0.700486,0.703266,dictlearn,0.7195,0.5,0.2195,-0.3879969120025635,-0.4766133725643158,-1.1190078258514404,-1.8255897760391235,-0.4564601480960846,0.7633891701698303,-1.2390116453170776,-1.923913836479187,,,1.5665717124938965,1.5180624723434448,3.047593832015991,3.200665235519409,3.4466922283172607,1.797275185585022,4.567404747009277,2.342301368713379,,,,,,,,,,,,,,,,,,,,,,
32,0.687299,0.326914,0.699679,0.821641,0.684548,0.574966,gmm,0.991814,0.104138,0.887676,0.6647793054580688,-0.53315269947052,1.6993401050567627,0.38789331912994385,-1.0275696516036987,-0.5934361815452576,-0.4134281575679779,-2.8312008380889893,0.8197940587997437,2.9723849296569824,0.596410870552063,0.8071422576904297,0.934899628162384,0.8185270428657532,0.9004142880439758,0.9023125767707825,0.6949703693389893,0.6489489078521729,0.589631974697113,0.4970061779022217,0.165962353348732,-0.7382255792617798,-0.1033027321100235,-1.759191870689392,-0.15325716137886047,0.21276693046092987,0.847767174243927,0.0830746665596962,-1.6318167448043823,-0.9452547430992126,0.4817529022693634,0.7218369841575623,0.4751179814338684,0.8473274111747742,0.5044152736663818,0.5209993124008179,0.33502358198165894,0.8844029307365417,0.7698227763175964,0.7907006144523621
