dataset_id,LSE_kmeans,LSE_dbscan,LSE_agg,LSE_gmm,LSE_autoenc,LSE_dictlearn,best_method,gt_accuracy,n_instances,n_features,n_classes,skewness_mean,kurtosis_mean,mean_abs_pearson,hopkins,intrinsic_dim_ratio,pca_var_pc1,pca_top3_var,pca_entropy,pairwise_dist_mean,pairwise_dist_cv,pairwise_dist_p90,knn5_dist_mean,knn5_dist_cv,knn5_dist_p90,feature_sparsity,high_corr_frac,corr_dispersion,dl_mean_0,dl_mean_1,dl_mean_2,dl_mean_3,dl_var_0,dl_var_1,dl_var_2,dl_var_3
44507,0.5064,0.3024,0.4789,0.5294,0.3293,0.425,gmm,0.788,1552.0,27.0,7.0,1.2817170952124124,5.334154380780415,0.273874073110077,0.9999999999995646,0.4444444444444444,0.3505404027985766,0.576579549956487,0.6808733611826105,6.982604074583715,0.3386220427527113,10.01554214023568,2.0668845120061468,0.4864613470230197,3.196203310439054,0.004033027873234,0.0569800569800569,0.2477003552002395,0.3974107150165429,-0.0988396357298428,0.0079920083913113,0.1894306490461175,5.269089597791957,1.3944995452213842,1.154050441625542,0.9171307484053032
44227,0.6623,0.7086,0.6589,0.6623,0.6689,0.7285,dictlearn,0.755,1600.0,28.0,2.0,4.101762262912933,48.92171508938827,0.088471993709345,0.9999999999999996,0.7142857142857143,0.1259748285605292,0.3103995918613724,0.8942214732838777,6.966431598055489,0.3536565533121968,8.999304462181593,2.339046469913595,0.7895480907766634,4.208272759538627,0.0027232142857142,0.0079365079365079,0.1333299054196383,-0.3582721139730928,0.1067052060084557,0.2881451574938983,0.1258140648808235,0.9676617199110552,1.1177144001758177,0.8809602459283447,1.468556418453819
44624,0.6813,0.1062,0.6684,0.6269,0.6865,0.5881,autoenc,0.965,1600.0,100.0,10.0,0.3480441835461302,0.5588897020221966,0.253561547065102,1.0,0.26,0.2296561580170258,0.5058215918477249,0.5975471073810624,13.80477171680765,0.2183228212034366,17.467980096791173,5.469293185745762,0.2189852213822498,7.012469368994403,0.0085125,0.0175757575757575,0.1944485948925561,-0.0548191841155062,-0.1408794895637479,-0.0814618940117134,-0.0083348757167813,10.470985823455512,10.123845352535136,8.514667728222104,9.221256524321817
41168,0.7388,0.4932,,0.5904,0.6531,0.5662,kmeans,0.5069,66986.0,54.0,4.0,1.5005166024405394,21.178141662289217,0.0536889976188929,1.0,0.7222222222222222,0.1401989342973812,0.2762017550647455,0.8895793852959228,10.064293589855188,0.2778659026724374,11.945283217415502,5.7576107697735655,0.1303766399414007,6.597123501795531,0.009603720401499,0.0125786163522012,0.1473045978772835,0.0232784863715847,-0.117989529993562,0.0323642563295652,0.1769328088832718,2.315115955962114,1.7545673104848778,1.1489533617383825,3.0842146782390936
1465,0.7801,0.4255,0.8652,0.617,0.6738,0.227,agg,0.3917,84.0,9.0,6.0,0.0713180196937007,1.1926495002949276,0.1252650654757065,0.5175210349333809,1.0,0.2101394500683724,0.5119075839087233,0.9581932260533744,4.168912285771635,0.2194571742196149,5.310232822877513,2.763172175098956,0.1641610919288017,3.392223963641651,0.0066137566137566,0.0,0.0908739226630096,0.0551406447834395,-0.0373694662529208,0.0277154597455948,0.0659865791286209,0.4472159489044255,0.2567643775385922,0.3039933406997728,0.2671278484113616
830,0.9798,0.5294,0.9467,0.9632,0.9301,0.4026,kmeans,0.9444,200.0,10.0,2.0,0.1167000921148421,1.0654850050570115,0.1103217038817593,0.9433406002865036,0.8,0.2429095630556087,0.5114017305656319,0.9059019547000416,4.370264310563409,0.228966923313706,5.678039333498873,2.5446003477178585,0.1082043567941355,2.916073097382584,0.006,0.0222222222222222,0.1790258705444203,0.0274714429675407,0.0016537802271338,0.0367469678320201,0.0192484667868727,0.4992510828643304,0.3331111807374652,0.3313673351363865,0.3568563269518682
44744,0.5119,0.5437,0.5418,0.6762,0.5787,0.503,gmm,1.0,1600.0,9.0,5.0,6.849333810651775,242.37138474684312,0.1960405119506823,0.9999510065778332,0.6666666666666666,0.3527771172562642,0.672988906930772,0.7642009119536783,3.3118115073747703,0.8941855833797919,6.16636383237798,0.5223136350521626,2.933041133863226,0.7363450467222721,0.083125,0.0833333333333333,0.2734818615805797,-0.3648926931978504,0.0203657961412407,-0.017246828462855,0.0114582719270858,1.5828296828287804,0.9451261226986216,0.5293822437086853,0.8925389269093894
44701,0.6012,0.1208,0.6012,0.4985,0.4834,0.5287,kmeans,0.8275,1600.0,100.0,10.0,3.6621941911954834,77.89869185138049,0.2169784119603172,1.0,0.61,0.2513674635318295,0.446644784482659,0.7188655302482361,13.376514264980182,0.3393244100921682,17.93496355312817,6.172666528089442,0.5124320571460562,9.11882571264,0.00354375,0.0068686868686868,0.1955808672994093,0.027799880824639,-0.4028961755343943,-0.3167289305258131,0.4166747127948901,15.736312330676029,5.632953591457772,5.471996810521947,3.870060881737464
46553,0.9536,0.5887,,0.9536,0.6116,0.5767,kmeans,0.8685,36000.0,27.0,2.0,3.468241026372896,110.44708096600776,0.062264476199514,1.0,0.6666666666666666,0.1093084892926447,0.2753812696106908,0.8891537303553991,7.0823202331463735,0.2755756546573625,8.58632295112042,1.639599371220365,0.5118258465365179,2.4833548244452963,0.0061244855967078,0.017094017094017,0.1366945940512449,0.1189698924695118,-0.0078917670211162,-0.0002787310132789,0.0492849022687241,1.0084348710521875,0.8371556137686503,0.5553486881307799,0.8990846899319831
694,0.4022,0.5413,0.4152,0.6152,0.4304,0.3725,gmm,0.9127,248.0,8.0,9.0,0.2706492599605751,0.9171433460202616,0.7102259787287476,0.9999999950521948,0.375,0.8094243343322923,0.9925035876585973,0.3068555480321213,3.519944590459635,0.5446018341761067,5.880173501017445,0.4707089933058879,0.3877456780729438,0.7049768054574934,0.0015120967741935,0.6071428571428571,0.3506993757894606,-0.1062024786876498,0.1060008336662673,0.1912090943291068,0.0752584428458506,0.5267645851836348,0.6877192550620478,0.9622551393887824,0.5933285623508442
44232,0.7242,0.8083,0.8107,1.0142,0.7851,,gmm,0.6186,2666.0,3404.0,2.0,,,,,0.7429494712103408,0.0014507540535037,0.0037509432234108,0.9985206152898908,74.00412669477595,0.0024769918281013,74.22358265073004,73.17960475487969,0.0008211593800654,73.26780840800535,0.1959728328086722,1.381237886112102e-06,0.0036897051594871,,,,,,,,
42544,0.5474,0.1471,0.4493,0.5392,0.4657,0.4493,kmeans,0.85,212.0,10.0,8.0,3.086680154217789,25.61111819863712,0.2890523369408886,0.9999999956381872,0.7,0.363838147387454,0.760350345860669,0.760033457513914,3.885126668842432,0.575578942685009,5.915225658883276,1.5506023958654742,0.8297118214431062,2.273525931681078,0.005188679245283,0.0222222222222222,0.2470490549201933,0.1823495553721823,0.1710808760446753,0.0929479787707045,-0.0831667466415122,0.9143767675700518,1.208877538824905,1.4308367845544774,0.4550427359846267
46745,0.5008,0.4348,,0.5603,0.6688,0.3778,autoenc,1.0,24000.0,15.0,6.0,0.6139090624601463,0.9272122687719778,0.2689728527571628,1.0,0.4666666666666667,0.3079370166829812,0.6740948033001366,0.7063488347253063,5.199167038904738,0.3292267786865775,7.089931536002298,0.0246596374490907,0.3082243005251736,0.0338074568421616,0.0116277777777777,0.0380952380952381,0.2390639287811753,0.1661951028179754,-0.114220347716406,0.0809933940248212,0.0475683804734646,1.394865678054427,1.412892018900365,1.090456104181789,0.8979261876706847
1044,0.5557,0.488,0.5748,0.5984,0.5517,0.4895,gmm,0.692,8748.0,30.0,3.0,2.675907921304399,19.42929669603898,0.0993843462796976,1.0,0.6333333333333333,0.1334385738611464,0.3193314590536519,0.8588192683042336,7.310235622855199,0.3608621719455471,10.491304993015811,2.88211663371626,0.4408332614608569,4.394740054184002,0.0043819539704313,0.0091954022988505,0.1531440007199585,0.0771005891849672,-0.0777644096678711,-0.187247259618996,0.138284456490401,1.5921810577728643,1.2501174145812433,1.1126334622364908,1.0502406700100202
46560,0.6021,0.4564,,0.4891,0.458,0.4568,kmeans,0.7298,40000.0,27.0,3.0,1.901320379049852,17.553655657056012,0.0270966552212113,1.0,0.925925925925926,0.0904199942649414,0.186086654443954,0.9857643645500748,7.008120109432428,0.2312891742081262,8.526339810847649,3.338466502712202,0.1687850981931214,3.9441709997399834,0.0033379629629629,0.0,0.0597644972694383,-0.0282919879694912,-0.086335685155945,-0.1198183852608924,0.1069960176339337,0.7022639067617723,0.7890259738095591,0.6810397693454378,0.7330495138898744
46331,0.3503,0.2217,0.2893,0.3341,0.2567,0.2366,kmeans,0.8593,164.0,75.0,6.0,,,,1.0,0.44,0.1612514621371411,0.3154981732755835,0.7717472211302961,11.663273778160535,0.2825982166370306,15.892831069265352,7.281920616125388,0.3981155042891298,10.84851979248761,0.0273983739837398,0.009009009009009,0.1578569286154959,-0.0760365172561945,-0.4736537959375781,0.2712853115190095,0.2589794925827,6.208765557616913,4.468490364854019,3.060102302654268,3.257076092937333
40994,1.3333,1.0,0.9798,1.0303,0.9192,0.9899,kmeans,0.5,432.0,18.0,2.0,0.0248831094770477,1.202034471788146,0.019648467064193,0.5827759118728629,0.9444444444444444,0.0641578640822877,0.189808038449861,0.9982438048144248,5.949434245201875,0.139393467718765,7.006326675038928,4.075116489772817,0.0694353317805756,4.440904162197,0.0060442386831275,0.0,0.0142986620964881,0.0060980496407828,0.0127197079064613,-0.0093173169933345,-0.0106269559304247,0.2317310399041931,0.2279021671875451,0.2380338392592247,0.2304573391934947
60,0.5913,0.5913,0.6209,0.6019,0.5997,0.4156,agg,0.8554,4000.0,40.0,3.0,0.0901293464372585,0.2300818294585604,0.0899591130649418,0.9999999999988094,0.85,0.1992812134829482,0.3086756567359197,0.8981579428620557,8.801264602490058,0.1508177792316716,10.59015017946695,5.692756630903343,0.0721152622184099,6.223364881494827,0.00758125,0.0,0.1732314532770441,0.0339353197678873,0.2056754446274219,-0.2557534039825956,0.2892540705835874,0.9725742032954364,0.681091557762666,1.3699661214393564,1.4680701160643996
44463,0.6489,0.6426,0.7022,0.6144,0.6771,0.6865,agg,0.7975,1600.0,104.0,2.0,,,,1.0,0.5288461538461539,0.0903157130517826,0.2139793001345688,0.8364620342899831,12.908183264440408,0.4292894144643335,18.0160462649155,6.634847237824929,0.619460486169785,9.742199422635805,0.050030048076923,0.0082150858849887,0.122126273972562,0.068653386968052,0.3776845780139431,0.0266162724460959,0.4156797830209424,4.042854277635135,5.8968215714507775,2.8044246431680158,2.344778133742796
1559,1.0667,0.6667,0.9667,1.6778,1.7,0.4333,autoenc,0.375,84.0,9.0,4.0,0.0531870363798571,1.1969216104590956,0.1368334199813992,0.460309268070374,1.0,0.2252451814837663,0.5122051206204279,0.955367795170612,4.174176707128767,0.213352434597487,5.281989771051984,2.7695621754066013,0.1294112689972835,3.2800331291051736,0.0039682539682539,0.0,0.086449637988482,-0.0331660256910922,0.0326906476140966,-0.0011912915016085,0.0474457347982566,0.4017010173978744,0.2587212782373913,0.274379083952766,0.3282388540585146
46840,0.4269,0.223,0.4545,0.4111,0.3691,0.3788,agg,0.927,1688.0,31.0,7.0,4.553368783631965,81.52558956657865,0.0982920874622492,0.9999999999999796,0.6451612903225806,0.1363752325375525,0.3037828122801425,0.8570132773536101,7.092648678077204,0.3964010545602854,10.512418642569754,2.1333087159506725,1.0534837862637572,4.562055273482034,0.0012039443510166,0.0172043010752688,0.1466986646907911,0.2701114094855305,0.0194177731272357,-0.0722473254063034,0.1879849355505244,1.520043349936306,1.0040851204537051,1.4791962168078254,1.5777005853507815
1519,0.3922,0.3922,0.3922,0.3922,0.3922,0.3922,kmeans,0.85,93.0,90.0,3.0,3.199802831510272,22.97854237082921,0.1769049253973555,1.0,0.2111111111111111,0.1549218078971576,0.3870676439287732,0.6282099673551497,10.169055242562104,0.8715328155769494,23.059524049166576,5.866484662524659,1.250623224677334,18.357047452445865,0.0352449223416965,0.0162297128589263,0.1992051594833287,0.3080228947815884,0.5141540027044256,0.3136769797190167,0.2820920173643508,9.348753921268806,7.958635522200534,10.42897864910371,7.897866203703471
756,0.9478,0.619,0.9977,0.9728,0.9728,0.5646,agg,0.9545,127.0,15.0,2.0,0.7676842695721278,1.2162616280781748,0.3763041215613391,0.9999981037707244,0.6,0.4709700499917189,0.7392911249627463,0.6572628017799487,5.135112360309413,0.3830306162570703,7.702221506184113,2.480484114369063,0.4070267378599497,3.912415413075895,0.0036745406824146,0.0952380952380952,0.2777861110158575,0.1027817679919533,0.1414731667421169,0.238196444614382,0.090802942789576,2.540560834405368,1.0501377443481643,1.1827684207749645,0.3033167898301615
1477,0.353,0.2621,0.3271,0.422,0.3261,0.3816,gmm,0.9952,11128.0,129.0,6.0,11.504142230798127,816.3636789373368,0.4942016248113411,1.0,0.1007751937984496,0.5382390634798606,0.7486598656745271,0.3766818264871563,12.802620903292802,0.7521028901706437,22.75378674638805,1.1671458713732867,3.539379110385864,1.970687535630772,0.0155129319713105,0.1500726744186046,0.2690642095692164,-0.0259811839687361,0.0812411777866928,-0.099952881823479,0.3397212306995579,47.47025363991185,7.602243272460914,13.464872760568804,9.539390592141556
1552,0.6615,0.6235,0.6659,0.6615,0.5928,0.606,agg,0.379,880.0,18.0,5.0,0.5587905749688359,1.5262056421468575,0.0784568137850644,0.9919807863700906,0.7222222222222222,0.1475151537414031,0.3542896520294462,0.8899711226508231,5.911972202364362,0.1765587588262313,7.197422668524123,2.944365271552282,0.1713119091455727,3.726089196408363,0.0006313131313131,0.0130718954248366,0.1488923166461005,0.2755649239319788,0.0286936352638581,0.285474414781566,0.0467318381322648,0.499513218011959,0.5938285898616701,0.4549465701943995,0.6477560782586609
44683,0.8384,0.6734,0.8215,0.6902,0.8552,0.6801,autoenc,0.7425,1600.0,100.0,2.0,,,,1.0,0.67,0.160998324149111,0.2575050230261521,0.8636054082337774,13.595072409813518,0.1927733998881804,16.89274207517097,9.697510617757182,0.1409669641806216,11.26057526962626,0.0479375,0.008080808080808,0.1476634586681812,-0.0046348665968955,0.0125191126370437,0.1766762644110176,0.1198419851014193,3.542541722274205,2.641654946485823,4.170002083860259,2.819245931337278
44073,0.6451,0.5888,0.6082,0.7137,0.7269,0.6856,autoenc,0.8498,10700.0,10.0,2.0,0.9963482869302546,3.696627822029383,0.2780406877584249,0.9999997745957708,0.7,0.4261737464514152,0.6792906054303911,0.7717113142117156,3.947666298329669,0.5184938999367088,6.6532235084871125,0.8931482832779685,0.5877826259594621,1.5970624913625775,0.0073551401869158,0.0666666666666666,0.2739896362559126,-0.1670808071044231,0.2036513355792514,0.1938096712798731,0.1185149717067863,0.8652743796169382,0.8393709853263719,0.7915814411721519,0.351341776954986
44605,0.3684,0.7158,0.4842,0.2947,0.4105,0.4842,dbscan,0.4398,864.0,100.0,9.0,,,,1.0,0.74,0.0385607585974759,0.0967389193485966,0.9408511107129502,9.2709657287957,1.0472095700331718,24.85300235943764,3.5601413268514057,2.201621200016821,14.731077732562172,0.1,0.0008080808080808,0.0533581870700466,0.1244743108985267,0.1371224255973515,0.047031591546775,0.0881556259405767,3.065023304985293,2.447444942124834,1.9089306307537777,1.937064440683641
41764,0.8713,0.809,0.8715,0.8603,0.8625,0.8398,agg,0.618,1467.0,1844.0,2.0,,,,,0.7554229934924078,0.0062907314036064,0.008799194035061,0.9986673816751148,54.36859107036695,0.0037139829270827,54.65457380095012,54.185924084786855,0.000114246038804,54.18645415504826,0.1990515860869719,1.7066392976649643e-05,0.0048875011256905,0.1056903529487121,0.1479803938973576,0.0258931671766491,0.0255683339941657,4.23336758658774,1.9891497372545424,0.9828886520379664,0.9583824049457544
41671,0.5752,0.58,,0.7584,0.6126,0.748,gmm,0.3463,16000.0,20.0,5.0,3.282878175233105,18.346919755678883,0.1763790317738566,0.9999999999999832,0.55,0.2544509537800943,0.5260408575420877,0.7517012300308729,5.158378925225985,0.5901026866914395,8.639083650361261,0.8321048093355775,1.1720031239765731,2.2388933039732906,0.00405,0.0631578947368421,0.2373438186523413,0.3640726915208347,0.3217949329874205,0.2036990626957898,0.1829190724472164,2.828767203966101,2.8009417877092098,0.7205568315808011,0.5118973474905895
44580,0.8271,0.8271,0.8737,0.8737,0.8737,0.8656,agg,0.3815,1600.0,2465.0,3.0,,,,,0.2515212981744422,0.0062980017273361,0.0153553657009698,0.8750232450073274,39.803568344273714,0.338601804428779,58.28604636146172,27.285113793356395,0.455248505249694,46.03874317664864,0.6478879310344827,1.3171412765733251e-05,0.0091027142010778,0.0984343148916347,0.1664869881718048,0.0687788878974546,-0.1155068780184714,2.4378564416917383,2.811549451131425,2.7920406565515226,2.964152275343377
1566,0.7957,0.7957,0.8236,0.7767,0.7957,0.8297,dictlearn,0.6088,969.0,100.0,2.0,3.078632137475178,9.644209153796163,0.9954751013996778,1.0,0.01,0.9955220783508858,0.9977795458914936,0.008316678585012,7.256533964654775,1.6739380549322505,24.55369425919786,0.415543061960502,2.542145535937107,1.3587841048556366,0.0023839009287925,1.0,0.0026127081447258,0.0956982730802616,0.5621915869823936,0.4521353179383433,-0.49545943223762,17.984931591460064,7.545988918308615,4.22582365548173,14.61572015450293
4153,0.7143,0.3429,0.6,0.6571,0.6857,0.5714,kmeans,0.9722,144.0,66.0,6.0,0.7301314833460577,2.3045785356336226,0.5948546970493955,1.0,0.1818181818181818,0.6953088151450131,0.8053404377741732,0.3406889772200714,10.333021101242933,0.4949064074652904,16.710577530504423,3.8664048314215984,0.6076850502211957,6.478550180107564,0.0046296296296296,0.5258741258741259,0.3622219852560697,0.2590747673964554,0.3019552590700586,-0.0134921954323757,-0.5084553174877076,16.30272230919139,5.8111231306139945,2.34571882568017,5.90811115853816
44791,1.0054,1.032,1.0054,1.0054,0.9919,1.0027,dbscan,0.4973,1600.0,100.0,2.0,,,,1.0,0.56,0.0432979229271275,0.1087792453346721,0.881132877868423,7.849280850828362,1.1183283711233167,17.37777356712492,2.5292098072700124,2.414830104186015,6.518552895494422,0.35034375,0.001010101010101,0.0368592156724661,0.0606372838307035,0.0536948576195478,0.0476436390214168,0.0828462322218139,2.657894720247965,2.134956783210868,1.8241203736371063,1.6569527609231816
44548,0.6187,0.9867,1.488,0.8987,0.5813,0.696,agg,0.5,1600.0,72.0,2.0,0.7649558714446081,1.823447043406776,0.3559321805320966,1.0,0.2777777777777778,0.4217331390799167,0.6946658548862037,0.5135578997467479,11.237797491576302,0.3460943007599677,16.699143011733327,4.965412985803298,0.2788983286515301,6.679391962042264,0.0289930555555555,0.1486697965571205,0.3017862532695909,0.0710032664720615,-0.0253891269407211,-0.0711894520594774,0.059088745100775,9.781406486898437,9.058809082655428,4.690256027307251,6.287375363925544
43974,0.5388,,,0.5651,0.5388,0.6967,dictlearn,0.9318,58398.0,50.0,2.0,22.199783771483155,1516.2717966967246,0.8072501973882769,1.0,0.08,0.8652051916885191,0.9335463148431428,0.167104617109472,3.927423726665897,2.767361587222578,5.002351607695192,0.5123740559709313,2.028842432252973,0.7617369085684412,0.03381588410562,0.7355102040816327,0.3084740964714568,0.3176237727446732,0.1932695509731587,0.1008012118924335,0.1402868081297747,42.378073009002144,0.5136798305773222,0.2565602155038234,0.6823632899977305
14,0.6939,0.1195,0.6268,0.6385,0.6997,0.5219,autoenc,0.8575,1600.0,76.0,10.0,0.5483574558509223,0.4754234642631554,0.1456769254977959,1.0,0.7631578947368421,0.1568214503412857,0.2845835494571578,0.8630664974632613,12.173335724516974,0.1694852787160721,14.769997391040611,7.161689501781114,0.2336773871826583,9.260101407327364,0.0071628289473684,0.0,0.1034364390266921,-0.0637908792802851,0.2425417517399846,0.1419922353125082,-0.127065504008973,3.687776261021132,3.6110673133420095,2.591969394192119,2.50600127285112
1446,1.2115,1.0673,1.1346,1.2115,1.2308,1.0962,autoenc,0.5,236.0,37.0,2.0,3.694132039415343,26.392326414528977,0.5253494704073589,1.0,0.2972972972972973,0.6243375927297202,0.7734476814181449,0.4386355836188871,6.922702187697902,0.7420838810304616,11.875080578504816,3.1078746530891563,0.8913212598327608,4.9225224725874135,0.0098488318827301,0.3153153153153153,0.3384285088279486,0.3753107971243863,0.1372958904668987,0.0075241896812861,-0.0216841281693697,9.765383678882966,2.047645665988125,4.0027993384860014,1.723480241055387
40984,0.5681,0.4296,0.561,0.6948,0.5986,0.3826,gmm,0.9221,1848.0,16.0,7.0,3.960305572093653,48.13570709227936,0.3058478560656764,0.9999999999634576,0.5,0.4585777788019757,0.7348074604113424,0.632227439769758,4.932648786994775,0.6173899714991813,8.24987599982414,0.6041681120136584,1.9032156314169264,1.002159301777236,0.0065273268398268,0.1583333333333333,0.3465538806840053,0.2977524783248478,0.1860923214577475,0.2795705068725772,0.1972960863763409,3.29476596850836,2.0840465248865,0.9718948883920456,0.3539459293166202
44740,0.4982,0.4982,0.608,0.5473,0.5346,0.4104,agg,0.3488,1600.0,100.0,10.0,0.6189855907699333,0.5763611091114889,0.0768830894892297,0.9999999999896776,0.71,0.090939678970319,0.2100021433589906,0.8712249992290553,14.010476873314232,0.1237998021574084,16.217054211036903,10.118112708617971,0.103327266157965,11.473651391545449,0.0055,0.001010101010101,0.1156593018403196,0.0229341474483508,0.0391844575689877,0.0295985643880222,0.0434164687575824,3.529918557891392,3.694978700050133,2.7145655549833028,2.7891604036290247
32,0.6915,0.3077,,0.8228,0.6883,0.5732,gmm,0.9891,8793.0,16.0,10.0,0.5097057175059504,1.0249047886379703,0.2714807949825559,0.9999999951809688,0.625,0.2951815792354544,0.6577000882730097,0.7483124492035984,5.4867358962790185,0.2777849932242888,7.431262605663684,0.964106038795361,0.3663040914011709,1.4307232211820495,0.007719208461276,0.0083333333333333,0.2033578824851267,-0.0273314557915017,0.1502281647445685,0.0174090647067701,-0.0098391748104617,1.3010135408921149,1.424675701966135,1.1582784183928498,0.6082020616703352
44153,0.529,0.3471,0.5264,0.5201,0.5128,0.4681,kmeans,0.7367,676.0,18.0,4.0,1.0880864485930808,5.631487126873716,0.4061152993244931,0.9999999999998646,0.3888888888888889,0.5224337573544181,0.7983733243104617,0.5467881900657449,5.493178299611066,0.4413703130852408,8.574209624142734,1.70396663237761,0.3436885852323357,2.085365962716136,0.0016436554898093,0.196078431372549,0.3403679912867395,0.1305832103778045,0.1502692169229205,0.1298783444250357,-0.0404011444185817,1.7988960477755878,1.5624221088573107,1.5051953100504905,2.0072757929822087
1476,0.3535,0.2736,,0.4293,0.3509,0.3853,gmm,0.9946,11128.0,128.0,6.0,11.571604046826348,822.6636309402086,0.4946771984745099,1.0,0.09375,0.5389750304077808,0.7509506208368986,0.3756991238408618,12.73491037296791,0.754087045005745,22.689715788633688,1.157852879836381,3.566377730459559,1.9613278567063368,0.0156341267523364,0.1520669291338582,0.2701794436109119,-0.024811829022183,0.0811169299392541,-0.0996982378875492,0.3380117837438885,47.193082471784045,7.601477831336025,13.461659395099664,9.49483401312628
1520,0.2857,0.2857,0.2857,0.2857,0.2857,0.5,dictlearn,0.7,131.0,90.0,5.0,3.705637944128851,29.559116504067127,0.1952978437359493,0.9999999999999724,0.2333333333333333,0.1806262170801804,0.4251895707724882,0.6277903919096904,9.643744796128802,0.9748508454655572,25.79517169514921,5.439173313740985,1.3715000048718462,15.708553873222105,0.0282442748091603,0.0162297128589263,0.2005622106499976,0.5482723033273693,0.2235613111341034,0.3560044147223422,0.2263384407581908,12.122532635882587,8.754938773640282,8.592342215894863,9.042733576923885
44588,0.4256,0.5605,0.5601,0.484,0.659,0.5119,autoenc,0.6443,588.0,91.0,5.0,4.866890443163574,40.9541094582704,0.0848542594882447,1.0,0.4395604395604395,0.0711523420307732,0.1951843332094446,0.7923500949081396,13.078941470161682,0.2564658530547062,15.89479662556326,5.867835699674645,0.5053060701664587,9.324539852115809,0.0041302235179786,0.0136752136752136,0.1347468764042818,0.2005541026067802,0.2333382298086443,0.3271562005797153,-0.3190764675431168,3.902148076648405,3.602482856211048,3.762626124366685,2.7500804749429806
44667,0.4974,0.4803,0.5307,0.6411,0.4453,0.4478,gmm,0.3997,1600.0,51.0,6.0,5.807244769359153,111.70308795282736,0.2448690157718968,1.0,0.4117647058823529,0.2982090271382096,0.4857640548169688,0.6796792990833594,8.543973093904556,0.635212516920951,13.833044101821034,2.0244377096184394,1.4680147996781892,5.0535789171971945,0.0131740196078431,0.0274509803921568,0.2180284875885607,0.2312958627105691,-0.283747610541088,0.0541400528168612,0.0652919779687503,8.253187318909815,5.09222777856615,2.867973159496239,2.728944603046071
47000,0.6176,0.5578,0.7468,0.6192,0.5425,0.7048,agg,0.5693,623.0,1569.0,3.0,,,,,0.3766730401529636,0.0036980523503119,0.0101151843137368,0.9993023597157754,50.179887293496,0.0028680044335115,50.34462784099138,49.98454051229375,0.0007151490722114,50.01339902510882,0.1988681179391644,0.0005072774807819,0.0229285430752378,0.0667625938597183,-0.0705210179135433,-0.0748192375375918,0.129625648835296,2.239808611816469,1.994775243040043,1.962050460921277,2.0944115710121767
1497,0.4876,0.2565,0.4636,0.4222,0.4579,0.439,kmeans,0.9877,4364.0,24.0,4.0,1.5182658126610924,3.2386013710563937,0.1704933940230415,0.9998111688113096,0.875,0.19079344829859,0.4086308923688119,0.890116963035246,6.718320119424643,0.239648740248129,8.87292245885927,1.7921669293003522,0.5844987240551642,3.247780840373016,0.0060819584479071,0.0,0.1199694567257479,0.2813551628922263,0.109054039182305,-0.0913219437444971,-0.0212787033201634,1.4698753597990994,1.263005562552425,0.719531982752337,0.7465709125551941
44698,0.6369,0.1688,0.6688,0.6497,0.6274,0.6688,agg,0.785,1600.0,100.0,10.0,3.3792005632606053,74.57342959779282,0.2099261488047817,1.0,0.61,0.2253937851776481,0.4406929452702031,0.7235043713648284,13.363345454238932,0.3113169193638639,17.84831093195916,6.271499998124559,0.4636888823841926,9.055512674363564,0.0025125,0.0042424242424242,0.1847671939152593,-0.0083394803163447,-0.2029077624195452,0.2796807749524488,-0.2277467601946091,15.095944145092735,5.261484194683955,6.164493738956163,4.510974676372856
46871,0.5008,0.4348,,0.5603,0.6688,0.3778,autoenc,1.0,24000.0,15.0,6.0,0.6139090624601463,0.9272122687719778,0.2689728527571628,1.0,0.4666666666666667,0.3079370166829812,0.6740948033001366,0.7063488347253063,5.199167038904738,0.3292267786865775,7.089931536002298,0.0246596374490907,0.3082243005251736,0.0338074568421616,0.0116277777777777,0.0380952380952381,0.2390639287811753,0.1661951028179754,-0.114220347716406,0.0809933940248212,0.0475683804734646,1.394865678054427,1.412892018900365,1.090456104181789,0.8979261876706847
188,0.4256,0.5605,0.5601,0.484,0.659,0.5119,autoenc,0.6443,588.0,91.0,5.0,4.866890443163574,40.9541094582704,0.0848542594882447,1.0,0.4395604395604395,0.0711523420307732,0.1951843332094446,0.7923500949081396,13.078941470161682,0.2564658530547062,15.89479662556326,5.867835699674645,0.5053060701664587,9.324539852115809,0.0041302235179786,0.0136752136752136,0.1347468764042818,0.2005541026067802,0.2333382298086443,0.3271562005797153,-0.3190764675431168,3.902148076648405,3.602482856211048,3.762626124366685,2.7500804749429806
44514,0.3802,0.2451,0.387,0.4177,0.3663,0.3191,gmm,0.8468,1600.0,100.0,5.0,1.6916446049502525,5.662644695404514,0.2719419644359495,1.0,0.46,0.3688295403540991,0.5081378815983097,0.6530509639451032,13.571367241883957,0.3044307523897208,18.92657263905295,7.190299166477955,0.2279902331184315,9.13672343977202,0.00823125,0.0583838383838383,0.2644145524867413,0.0883786010900629,0.1501994408844741,0.0204536335985694,0.0071374044264792,16.47411122753264,3.770783794915467,3.4145555667141023,7.553623666108215
44626,0.8571,0.1065,0.8312,0.7714,0.7636,0.7065,kmeans,0.9625,1600.0,100.0,10.0,0.3284652834891834,0.5475328738408646,0.2521687597898994,1.0,0.25,0.2469074834178092,0.504802354785512,0.6039547194772994,13.833857050183283,0.2144717722589657,17.493785731385074,5.628016090708857,0.2171958421734861,7.247324426696692,0.011625,0.0195959595959595,0.1966709545383776,-0.1123776258350233,-0.1049855516683033,0.0292244458619801,0.0271456632403516,15.706199230986012,10.474267513219688,7.300440783365535,3.731010532973328
46519,0.3384,,,0.3428,0.2954,0.35,dictlearn,0.9621,41068.0,79.0,4.0,10.313292799361848,692.7151693314261,0.0837745720361794,1.0,0.5316455696202531,0.1574813339985241,0.2838866240577382,0.8102381093465486,11.426803842491688,0.3724380487813719,15.284434676714037,3.760903834887047,0.6544652950543134,6.2364139438320985,0.0007345027019096,0.0246673158065563,0.1695737818971796,0.7871767521621357,0.4440378486633068,-0.4390864310481158,0.2058607567333993,8.110761575427786,3.1090758174722217,1.9822404059577765,2.0589779020337704
44610,0.7969,0.6985,0.8986,0.8968,0.8198,0.7407,agg,0.7105,1166.0,37.0,2.0,5.417851130697258,74.22388364445486,0.3618453174190049,0.9999993805942068,0.4054054054054054,0.4231120880999191,0.6433651624258627,0.6054586216896932,6.955191281626451,0.7287240677110016,11.812139686539822,2.242000823038996,1.212340031184144,4.296043352822142,0.0041490890547494,0.072072072072072,0.2477141672235769,0.1720114700031078,0.2105373248935707,0.2696105956842649,0.1355492333100247,5.673181839067151,5.243015926928011,3.9534842937248342,1.6430354050521223
44735,0.6333,0.2276,0.5556,0.5574,0.4327,0.3878,kmeans,0.4393,1600.0,100.0,10.0,,,,1.0,0.41,0.253172284405238,0.4414531190257105,0.6816820828517596,11.932556101019063,0.3926083106285335,17.183818301219574,5.842829070359426,0.4309951230184912,7.891677963617395,0.1955875,0.0161616161616161,0.1996617034834292,0.1655207429123761,-0.0268749149735837,0.2936751437790409,-0.2030212629753568,12.064347830115018,7.313389742198292,3.523436649143719,2.847152955132748
44382,0.6786,0.5587,0.7092,0.6403,0.625,0.5255,agg,0.98,1600.0,26.0,2.0,5.288631756159473,43.07125198062018,0.1005392165600461,1.0,0.7307692307692307,0.128506712976759,0.3244438043525883,0.8858082403382235,6.295770110184001,0.5389384035717877,11.025784383216244,1.8851297786739716,0.8573462702804813,3.998885771047602,0.0027403846153846,0.0,0.1331192133999723,0.2515391523971496,0.2252299334618906,-0.2654564434096391,0.2445565507217285,1.1530183557403917,1.810265257208384,1.3647286378273569,1.6203141279384707
44553,0.529,0.3471,0.5264,0.5201,0.5128,0.4681,kmeans,0.7367,676.0,18.0,4.0,1.0880864485930808,5.631487126873716,0.4061152993244931,0.9999999999998646,0.3888888888888889,0.5224337573544181,0.7983733243104617,0.5467881900657449,5.493178299611066,0.4413703130852408,8.574209624142734,1.70396663237761,0.3436885852323357,2.085365962716136,0.0016436554898093,0.196078431372549,0.3403679912867395,0.1305832103778045,0.1502692169229205,0.1298783444250357,-0.0404011444185817,1.7988960477755878,1.5624221088573107,1.5051953100504905,2.0072757929822087
44573,0.8926,0.8926,0.8926,0.8926,0.8926,0.9128,dictlearn,0.7525,80.0,100.0,2.0,,,,1.0,0.36,0.2338779162739607,0.4320715123630363,0.7186616386995631,13.809805467668836,0.2266355351193205,17.26998198258818,9.477759602282047,0.2562953684035034,11.956570340663772,0.01575,0.0123232323232323,0.195212160112351,-0.1889985184623376,0.4116643894426759,0.3285879655933971,0.4345163614407383,10.086097339985438,8.581804134178354,5.802048466454298,5.500159173239902
970,0.8208,0.4381,0.7714,0.8333,0.6525,0.4376,gmm,1.0,672.0,70.0,2.0,1.125278393570611,2.4708925634238383,0.1471319032847768,1.0,0.8142857142857143,0.1520825558623547,0.3226261117293879,0.8676064549178097,11.69280962260031,0.1596972961451449,14.089625419561663,7.997733850436605,0.0973858550088495,8.838536999242663,0.0106505102040816,0.0,0.1144690582337863,-0.0472926071891938,-0.1220975298992712,0.2238699908085447,0.2621389871832494,4.962119372414998,3.848260783988783,2.795856457467449,2.143668666912162
46382,0.5092,0.3294,0.3115,0.4546,0.4297,0.2414,kmeans,0.6185,575.0,728.0,6.0,,,,,0.7486263736263736,0.0045907000958158,0.0121380978636531,0.9987459742940114,34.198169283688564,0.0210874576175256,34.29358718989381,34.01003288879779,0.0121601979945846,33.984635174844605,0.1980721452460583,3.778889611076681e-06,0.0059677917136534,0.1294748585045051,0.0573491605308236,0.0984668852434938,-0.1312626299935926,1.7031679778703943,1.8878436466007733,1.7271288005863004,1.583389877387959
377,0.5583,0.225,0.7083,0.6583,0.55,0.3917,agg,1.0,480.0,60.0,6.0,0.1750687787830704,0.7054703376597953,0.4570227389213381,1.0,0.4833333333333333,0.5250209153236974,0.6937480064622936,0.5339133003629621,10.378473052087458,0.3411752638000302,15.04800278512172,4.845776683382657,0.1001481889540402,5.473458161457533,0.0061458333333333,0.1559322033898305,0.2715432491135433,0.0210630194317145,0.3814587908089021,0.3511797181213738,0.0165109425983297,19.135808489009417,3.2645388925212626,2.6478550778972814,4.333576840159851
44672,0.6222,0.4493,0.5841,0.7135,0.6144,0.6014,gmm,0.4616,1600.0,32.0,5.0,1.3153802064595423,27.4111471565177,0.0959630712091994,0.9999999999999988,0.625,0.1321349674814571,0.3146494129920264,0.8487855946275996,6.648068350833996,0.7048679987277217,12.423230719761806,2.958092487065979,0.9981665536852098,6.465445637137706,0.06345703125,0.0161290322580645,0.1634361026496566,0.1969600253143708,0.1095714588685398,0.1101120941240748,-0.2072842247077224,1.7477873350981663,1.7200303284574574,1.8958461131802904,1.6166570986204905
44577,0.8313,0.6,0.8313,0.8313,0.6,0.85,dictlearn,0.8081,80.0,100.0,2.0,,,,1.0,0.37,0.2369014079667768,0.4268200976950385,0.7212799330923657,13.866669563536714,0.2067813667156751,17.283325002960176,9.566730507427676,0.2079385421664374,12.056771000960396,0.015375,0.0129292929292929,0.194318289179994,0.002616018101945,0.4325004369408904,-0.2992851555716848,0.2640887499329289,15.103237334172697,8.25646502549364,3.032050234908484,3.451245113005931
40691,0.5192,0.4182,0.5749,1.185,0.7082,0.5097,gmm,0.3897,1279.0,11.0,6.0,1.6441546832610243,7.897213130795111,0.2020777836540021,0.9999998580163478,0.8181818181818182,0.2835869529357093,0.5974135095913425,0.8530519743430909,4.3415816305816,0.4082891339106483,6.479574368875271,1.5596947251055784,0.4474669992498979,2.243070061827165,0.0081739995735304,0.0,0.1861504557708266,0.0477611160239355,0.0657550116667565,-0.0222757781073577,0.1491622243048516,0.9625620633299588,0.6402203740542702,0.4364852297639616,0.8277982868811757
41801,0.8448,0.888,0.9276,0.8742,0.8454,,agg,0.5662,1465.0,1842.0,2.0,,,,,0.755157437567861,0.006301335095236,0.0088087137956094,0.9986641490950912,54.33052269050266,0.0037144915429433,54.60799093918952,54.14886665967075,3.02347247783532e-05,54.14950722187828,0.1993099947008186,1.7103483743728477e-05,0.0048960629020484,,,,,,,,
44555,0.529,0.3471,0.5264,0.5201,0.5128,0.4681,kmeans,0.7367,676.0,18.0,4.0,1.0880864485930808,5.631487126873716,0.4061152993244931,0.9999999999998646,0.3888888888888889,0.5224337573544181,0.7983733243104617,0.5467881900657449,5.493178299611066,0.4413703130852408,8.574209624142734,1.70396663237761,0.3436885852323357,2.085365962716136,0.0016436554898093,0.196078431372549,0.3403679912867395,0.1305832103778045,0.1502692169229205,0.1298783444250357,-0.0404011444185817,1.7988960477755878,1.5624221088573107,1.5051953100504905,2.0072757929822087
716,1.0,1.0,0.8929,1.0,1.0,0.8571,kmeans,0.5833,80.0,50.0,2.0,0.162424268122982,1.1331742696806268,0.0908794964175513,0.1044072869658231,0.72,0.0745583865961109,0.1804722535603363,0.9104861642085582,10.02104884547275,0.0916983789901813,11.215465397356372,8.695622976431702,0.0411985678338087,9.166072037074615,0.00475,0.0016326530612244,0.0785401485917611,0.1848674145457562,0.0397752159789634,-0.0471431024027166,0.025095628170145,1.5166703947770988,1.1197110969089104,1.0122648182453815,1.0979409419938535
775,0.8658,0.6644,0.6711,0.8188,0.4027,0.6913,kmeans,0.7525,80.0,25.0,2.0,0.1367542060707918,1.0949661279363634,0.0974006752837933,0.6153884477802996,0.8,0.1152334216843462,0.2722232456005852,0.9351229318029318,7.060908109607398,0.1247977716445339,8.19384526398036,5.757558084678844,0.0577832386521903,6.070591806614817,0.0045,0.0033333333333333,0.0898298762731951,0.0720450529430295,-0.0157687869695975,-0.0036794824124949,-0.0296345407043327,0.8454038337431955,0.7180547573290663,0.6642762143923473,0.6338991916526089
768,0.7342,0.7342,0.7342,0.6076,0.5063,0.6962,kmeans,0.798,80.0,25.0,2.0,0.2158392856864132,1.102873488437652,0.098996649157234,0.9639155311266346,0.8,0.1392306602579265,0.298705509209183,0.9179516953040208,7.048543900846004,0.1383493776847968,8.303928791863807,5.636134243366483,0.0647757760672263,6.110988751913936,0.006,0.0066666666666666,0.1152779014778224,0.0569647905952905,-0.0611918825803354,-0.0467083378708897,0.068994393142831,1.0976029064079764,0.7803807420176783,0.6338395045566669,0.7199703478870466
762,0.9423,0.9423,0.8269,1.0,0.9423,0.7179,gmm,0.7879,80.0,10.0,2.0,0.1747747522847118,1.0705903251127256,0.1415979464349887,0.8726959175351091,0.8,0.2357220639153711,0.5309841234054447,0.9051925771221596,4.396142038653456,0.2190239016008524,5.662708864255055,2.969243974672744,0.1044756538029887,3.375769074163204,0.0025,0.0222222222222222,0.1587785432444462,0.066482093051847,0.0642662150313589,0.0019328428583263,0.0105712297092677,0.5452585703378527,0.4016023356373222,0.4535554298884133,0.2686710958783723
812,1.0687,1.0687,0.7099,0.916,0.8626,0.7557,kmeans,0.6616,80.0,25.0,2.0,0.1350495636145116,1.1166019801587723,0.0921657248530586,0.5342677737521095,0.84,0.0953879899936365,0.2476604079406769,0.940366384232806,7.056494387198041,0.1297895671980712,8.245002063521946,5.724169573448743,0.0684642528739132,6.230275136128039,0.006,0.0033333333333333,0.0800155784267341,0.011047958813957,-0.0855726927274613,0.0749215868544485,0.0525428411379118,0.7827177380373809,0.6375405299410624,0.628032870460912,0.5677531280682955
808,0.703,0.703,0.5333,0.8364,0.6485,0.6121,gmm,0.8333,80.0,10.0,2.0,0.1471240797374356,1.202226055281767,0.0864451400246889,0.3096489107207604,0.9,0.1559341126842135,0.4184492401543461,0.977413959192046,4.417801098578959,0.194218752324546,5.505042702193891,3.133204010991484,0.1037635696928384,3.501642951814602,0.0025,0.0,0.0623136224304261,0.0061713824966516,-0.0094699039681451,0.0538952296894107,-0.0419216458242449,0.3185119631142342,0.3163701025926451,0.2752786634479103,0.3023157363954966
868,0.5569,0.5569,0.5808,0.6766,0.6108,0.7006,dictlearn,0.8434,80.0,25.0,2.0,0.2092764656011712,1.1017845812591742,0.1061582086779008,0.9435110387425444,0.76,0.1278025472200078,0.3082822687892713,0.9066017900429724,7.04847600136555,0.1384203222042272,8.330189166377211,5.628538185751599,0.0616023929840446,6.092732065848621,0.005,0.0066666666666666,0.1179154588446516,0.0252114046960669,0.0555596701867366,-0.041666123524638,0.0104446175374463,0.9094858653888516,0.7627734611941902,0.9837338139403508,0.6970653887117061
1512,0.7787,0.6176,0.5699,0.5557,0.8309,0.6553,autoenc,0.3238,160.0,13.0,5.0,2.00632215952559,15.820354383064837,0.1326889484674306,0.9990276741361632,0.8461538461538461,0.2312854851323742,0.445151583423916,0.9241709314995566,4.827890461423238,0.3499816874348006,6.435436157600238,2.712396779785516,0.4604088249683304,3.6014443816286668,0.0081730769230769,0.0,0.1445740680521286,-0.1073658143490225,-0.0063549026148662,0.1415665040965631,0.0766903069227306,0.6945053835920463,0.5809044288438638,0.7861720132313849,0.9351431049685128
9,0.3556,0.225,0.3088,0.3392,0.4075,0.2553,autoenc,0.8465,164.0,75.0,6.0,,,,1.0,0.44,0.1612514621371411,0.3154981732755835,0.7717472211302961,11.663273778160535,0.2825982166370306,15.892831069265352,7.281920616125388,0.3981155042891298,10.848519792487611,0.0273983739837398,0.009009009009009,0.1578569286154959,-0.0760365172561948,-0.4736537959375784,0.2712853115190095,0.2589794925826998,6.208765557616916,4.468490364854019,3.060102302654268,3.25707609293733
952,0.5312,0.3233,0.4873,0.4908,0.4376,0.433,kmeans,0.6873,171.0,9.0,6.0,2.0447768354874825,8.755701181542126,0.2395486765890615,0.9994515762389852,0.6666666666666666,0.2795596637980175,0.6774433691570425,0.8138803417522333,3.6427888869453455,0.6036814919706642,6.2452372908442895,1.4798508951249514,0.976036469678872,2.95949225694547,0.0110461338531513,0.0277777777777777,0.182695175272406,0.2008806845640419,0.3178361459068916,0.1299207513284986,0.1316428742997193,1.0234700689724705,0.7762568951537485,0.9289154422251492,0.3810466773824086
41,0.5053,0.3316,0.5105,0.5558,0.4642,0.4905,gmm,0.754,171.0,9.0,6.0,2.0376424165731386,10.554151841820502,0.2258034229398582,0.9994228855354628,0.6666666666666666,0.2728628328158544,0.6620688119400537,0.8247023929932273,3.6902481868373536,0.5740747703479719,6.19507493725552,1.4662212599391526,0.9267723720538906,2.878898142889393,0.0084470435347628,0.0,0.18324584161418,0.2065389831253697,0.2997797509546198,-0.1529226316687995,0.1128427468546495,0.9028598468403451,0.7830419656370279,0.5091612174151253,0.745120916315299
46334,0.5053,0.3316,0.5105,0.5558,0.4642,0.4905,gmm,0.754,171.0,9.0,6.0,2.0376424165731386,10.554151841820502,0.2258034229398582,0.9994228855354628,0.6666666666666666,0.2728628328158544,0.6620688119400537,0.8247023929932273,3.6902481868373536,0.5740747703479719,6.19507493725552,1.4662212599391526,0.9267723720538906,2.878898142889393,0.0084470435347628,0.0,0.18324584161418,0.2065389831253697,0.2997797509546198,-0.1529226316687995,0.1128427468546495,0.9028598468403451,0.7830419656370279,0.5091612174151253,0.745120916315299
41701,0.8166,1.0297,0.8398,0.8096,0.7628,0.8799,dbscan,0.4153,421.0,557.0,4.0,,,,,0.7145421903052065,0.0219475091054995,0.0407234937254855,0.9916583274685318,29.832030414195174,0.0135851993758528,30.34817426019826,29.158340681455552,0.0023675413846126,29.237731127709207,0.2030516381872689,0.0001033284682846,0.0199162615550984,0.1564417845662167,0.0099356471728953,0.1409741422215632,-0.06693572199754,4.170037186048327,2.2413108083316984,1.9653435365266572,1.986799686719612
41919,1.1605,1.191,0.9549,1.2258,1.1771,1.0011,gmm,0.359,421.0,22.0,4.0,0.707185214951699,1.1140501896032218,0.3205003673608485,0.9999999997801466,0.4545454545454545,0.3955882732374327,0.6785826540652888,0.6450808736982758,6.345882487839487,0.3085776449120344,8.616789466637744,2.2580568569040063,0.2823161908505446,3.090778138150021,0.0043187216583891,0.0692640692640692,0.2670073197058488,0.1623499341625658,-0.0135534351972915,0.1137360585546987,-0.0794670923278274,3.219545473091242,1.4480432725574388,1.2523904193088933,1.2482814417049384
46879,0.7746,0.7746,0.7746,0.7746,0.7746,0.4932,kmeans,0.4783,432.0,14.0,4.0,0.301473944081451,1.5889197845148428,0.6283682686644739,0.99999999999906,0.2142857142857142,0.7005606545109883,0.9805202914667108,0.3236102401974957,4.598572674967765,0.571965971007206,8.433426539406318,0.1004974366848589,3.822367683027393,0.0,0.0,0.4615384615384615,0.3322853105752127,0.005486054490918,-0.1525973185369016,0.1669397722147531,-0.025849355158196,4.420497000183073,0.568820872971635,1.3533759162706178,0.4484908346590998
1553,0.6274,0.4729,0.5379,0.6274,0.5379,0.667,dictlearn,0.5069,560.0,18.0,3.0,0.8098422655100642,1.8303419072289795,0.0968644078490244,0.9858991124462724,0.6666666666666666,0.2041192041083875,0.4129852224339791,0.8562738660788377,5.857651290100893,0.2259869972080093,7.5977313637152655,2.8842742985977456,0.2404235091729887,3.9290515941610726,0.0014880952380952,0.0457516339869281,0.1912103894176149,0.0732333639384562,0.0385102532334993,0.201236245804576,-0.0282601414072645,0.8542297060794513,0.7596432010877145,0.6485148494806705,0.6394415484458014
46505,0.399,0.3441,0.4052,0.4345,0.3645,0.3687,gmm,0.7179,575.0,10.0,4.0,8.022662644931389,132.83677841221265,0.0658582061749814,0.9999999999878504,0.9,0.1613541957487607,0.4115628602546126,0.9790494935837448,3.535445675956448,0.7764453952544561,5.228407597589078,1.4797400085045094,1.2147899500999242,2.150157022976086,0.02,0.0,0.0786260548312783,0.0994727649428727,0.0411784959886822,0.0774029493596212,-0.0914807690964278,0.6763036150901411,0.9302051749030305,0.8201106778701339,0.7658487878858923
46827,0.6176,0.5578,0.7468,0.6192,0.5425,0.7048,agg,0.5693,623.0,1569.0,3.0,,,,,0.3766730401529636,0.0036980523503119,0.0101151843137368,0.9993023597157754,50.179887293496,0.0028680044335115,50.34462784099138,49.98454051229375,0.0007151490722114,50.01339902510882,0.1988681179391644,0.0005072774807819,0.0229285430752378,0.0667625938597183,-0.0705210179135433,-0.0748192375375918,0.129625648835296,2.239808611816469,1.994775243040043,1.962050460921277,2.0944115710121767
458,1.0082,0.5063,0.9928,1.0082,0.9957,0.745,kmeans,0.9876,672.0,70.0,4.0,1.1263733326433665,2.4485834144165417,0.147925249493768,1.0,0.8,0.1527154643195625,0.3240827472065034,0.8660056553318388,11.69324716562279,0.1594568354698068,14.083897995163303,7.976503937021007,0.0998520605930128,8.916755874083831,0.009141156462585,0.0,0.1149989854340773,0.0367766243926056,-0.1468866383137731,0.2444213371831568,0.2586586525207781,4.98561594879091,3.870062712094893,2.7979826064680857,2.1989235842453447
44556,0.529,0.3471,0.5264,0.5201,0.5128,0.4681,kmeans,0.7367,676.0,18.0,4.0,1.0880864485930808,5.631487126873716,0.4061152993244931,0.9999999999998646,0.3888888888888889,0.5224337573544181,0.7983733243104617,0.5467881900657449,5.493178299611066,0.4413703130852408,8.574209624142734,1.70396663237761,0.3436885852323357,2.085365962716136,0.0016436554898093,0.196078431372549,0.3403679912867395,0.1305832103778045,0.1502692169229205,0.1298783444250357,-0.0404011444185817,1.7988960477755878,1.5624221088573107,1.5051953100504905,2.0072757929822087
44554,0.529,0.3471,0.5264,0.5201,0.5128,0.4681,kmeans,0.7367,676.0,18.0,4.0,1.0880864485930808,5.631487126873716,0.4061152993244931,0.9999999999998646,0.3888888888888889,0.5224337573544181,0.7983733243104617,0.5467881900657449,5.493178299611066,0.4413703130852408,8.574209624142734,1.70396663237761,0.3436885852323357,2.085365962716136,0.0016436554898093,0.196078431372549,0.3403679912867395,0.1305832103778045,0.1502692169229205,0.1298783444250357,-0.0404011444185817,1.7988960477755878,1.5624221088573107,1.5051953100504905,2.0072757929822087
44557,0.529,0.3471,0.5264,0.5201,0.5128,0.4681,kmeans,0.7367,676.0,18.0,4.0,1.0880864485930808,5.631487126873716,0.4061152993244931,0.9999999999998646,0.3888888888888889,0.5224337573544181,0.7983733243104617,0.5467881900657449,5.493178299611066,0.4413703130852408,8.574209624142734,1.70396663237761,0.3436885852323357,2.085365962716136,0.0016436554898093,0.196078431372549,0.3403679912867395,0.1305832103778045,0.1502692169229205,0.1298783444250357,-0.0404011444185817,1.7988960477755878,1.5624221088573107,1.5051953100504905,2.0072757929822087
44606,0.3034,0.5955,0.2697,0.2697,0.4045,0.3146,dbscan,0.412,864.0,100.0,9.0,,,,1.0,0.74,0.0326429995887214,0.0915491598453285,0.9429417997028848,8.79425277306448,1.1755409257286984,25.22656071986212,3.3116241691382533,2.4696733034783307,14.731077732562172,0.08,0.0014141414141414,0.0543402155404046,0.0577401065918558,0.1014520927198446,0.0667049529513842,8.618620220793808e-15,2.877172881673277,2.682903401527505,2.310925330829442,1.8684707284039737
44603,0.2381,0.6095,0.2286,0.2857,0.3333,0.4667,dbscan,0.4861,864.0,100.0,9.0,,,,1.0,0.76,0.0329795775866011,0.0866558584444751,0.9464344099479431,9.06064488129847,1.1043119754680415,29.41090203901512,3.387415977332725,2.388897885686206,14.731077732562012,0.09,0.0016161616161616,0.0489682052043417,0.0577413802318658,0.0680710511442252,0.0871623502668068,0.046936260805006,2.8772998133028347,2.361602512363126,2.06392213121968,1.901199855120814
44607,0.338,0.3803,0.3662,0.3521,0.4225,0.4366,dictlearn,0.3287,864.0,100.0,9.0,,,,1.0,0.72,0.0287761251930169,0.0764154500185919,0.9395639445126228,8.649115944056321,1.152681366949557,24.485245839976,3.320994009737085,2.39002762585332,17.00010247970731,0.13,0.0008080808080808,0.0456780990411193,0.107200417765628,0.1400587184742529,0.0658737715136866,3.285437765464815e-15,2.2129777106587074,1.7525163739159086,1.870261476351513,1.868470728403984
44604,0.2353,0.3039,0.3529,0.4412,0.4706,0.4412,autoenc,0.4722,864.0,100.0,9.0,,,,1.0,0.74,0.0391746448873061,0.0931272877749965,0.9400554582154982,9.19693154092645,1.0853039154627195,25.09569684975387,3.24494500018909,2.461955376610796,13.18354355709305,0.08,0.0012121212121212,0.0574401902135128,0.0952237185507939,0.1064774678766604,0.0711824581123573,0.056788956855302,3.3430522471457724,2.50463272893979,1.929917233985441,1.6171634687477834
46788,0.4017,0.1906,0.3804,0.3713,0.3867,0.3888,kmeans,1.0,876.0,1178.0,8.0,,,,,0.7028862478777589,0.0206113266228924,0.0464576574575694,0.9836772935263498,43.80860560208752,0.0228045865159367,45.05435411034765,42.22494832174527,0.0055760033451826,42.47504358082433,0.1864810335604809,6.202641748394887e-05,0.0239399470476207,0.047288769001253,0.0556395391240469,0.0024279132722559,-0.0320271644445301,11.080910826643638,9.579869174387712,5.300241582752728,6.5484718036438325
