dataset_id,LSE_kmeans,LSE_dbscan,LSE_agg,LSE_gmm,LSE_autoenc,LSE_dictlearn,best_method,gt_accuracy,dl2_k4_mean,dl2_k4_var,dl2_k4_sparsity,dl2_k4_l1_p10,dl2_k4_l1_p50,dl2_k4_l1_p90,dl2_k4_peak,dl2_k4_recon_mean,dl2_k4_recon_cv,dl2_k8_mean,dl2_k8_var,dl2_k8_sparsity,dl2_k8_l1_p10,dl2_k8_l1_p50,dl2_k8_l1_p90,dl2_k8_peak,dl2_k8_recon_mean,dl2_k8_recon_cv,dl2_k16_mean,dl2_k16_var,dl2_k16_sparsity,dl2_k16_l1_p10,dl2_k16_l1_p50,dl2_k16_l1_p90,dl2_k16_peak,dl2_k16_recon_mean,dl2_k16_recon_cv
44507,0.5064,0.3024,0.4789,0.5294,0.3293,0.425,gmm,0.788,0.07314910605638557,3.0749033325366524,0.2773840206185567,1.776743422875025,3.7419831182580237,7.157790679577,8.545597904715777,3.136958908658048,0.25045631815395847,0.10968066726355828,1.8135076003254718,0.4495811855670103,3.19607248642776,4.712186449644791,7.937756744919931,7.177272097303845,2.294272554868431,0.35093850862852494,0.04145806031809682,0.9303994874803726,0.6719152706185567,3.584421722070728,5.007633098114043,8.463931666219711,6.420341514824929,1.7059589208106767,0.28174755856971373
44227,0.6623,0.7086,0.6589,0.6623,0.6689,0.7285,dictlearn,0.755,0.03770766659392113,1.656034963811865,0.41109375,0.7847226745784762,2.2849028287910595,4.016952296992905,17.67028402672778,4.095312860665324,0.35137667425860714,0.15014087232864246,1.2699443697683208,0.663046875,0.9997579777339176,2.7976374535109514,6.445091961894421,11.24830164645168,3.6244035705414137,0.3310480077530343,0.10947981818083768,1.0325965988664236,0.7647265625,1.472646220271219,4.3006107438747065,8.698200743340363,9.948392085885814,2.4815256398507266,0.3614099510750932
44624,0.6813,0.1062,0.6684,0.6269,0.6865,0.5881,autoenc,0.965,-0.041426214740372024,11.86929229564435,0.14453125,5.602631646328754,9.88832477569198,14.33418611780818,10.562885603196396,6.2592791874988665,0.2230086453172211,0.041692689133742994,7.112598742509837,0.24171875,8.924819910920775,13.033306094765107,18.260838071607825,10.492942246915593,4.853937558699311,0.1877870909704497,-0.10203663270069803,3.512528435823652,0.4655859375,9.857805507180954,13.556805994548471,18.879383055049395,9.702646068263896,3.9204365867551565,0.18058395160580068
41168,0.7388,0.4932,,0.5904,0.6531,0.5662,kmeans,0.5069,0.014312408182897243,2.894172572515261,0.29621114859821457,1.4705391450006475,3.6635583989030316,6.48513931449993,33.83677663514941,6.051617984677934,0.2051434774587874,0.03157500836070413,1.689410471531105,0.45489729197145673,2.1148493773161476,4.608170419312156,8.114793274326496,24.200479967390354,5.776951908739718,0.18495842677697955,0.007285035428095292,0.988662919332145,0.510058071835906,3.882136155054294,6.7278547418176124,10.87698952963623,16.863309101296423,5.258894544670681,0.17175985237754085
1465,0.7801,0.4255,0.8652,0.617,0.6738,0.227,agg,0.3917,0.026709519955355372,0.6584494836810376,0.3898809523809524,0.8376737759487162,1.7650806710256752,3.007169333065629,2.8359645431066545,2.0762972962400865,0.22446833051351422,0.015685299329082542,0.48896855548262796,0.5550595238095238,1.7252489705111855,2.759278149991408,3.8106399178959243,2.5752969917950193,1.437863457613885,0.26104592045831476,0.0,0.0,0.0,0.0,0.0,0.0,0.0,0.0,0.0
830,0.9798,0.5294,0.9467,0.9632,0.9301,0.4026,kmeans,0.9444,0.008112328415984686,0.7686136998019445,0.3925,0.7048670200633413,2.0970582687082584,3.280181836837051,2.8193285970824578,2.113863585458978,0.2163284336631013,0.002134302941708959,0.5587217991812872,0.445625,2.013938579750871,3.3508920391108106,4.562804075769584,2.954696243393255,1.3806599830815003,0.14496853381104283,0.0,0.0,0.0,0.0,0.0,0.0,0.0,0.0,0.0
44744,0.5119,0.5437,0.5418,0.6762,0.5787,0.503,gmm,1.0,-0.04680113995810613,1.2573953829444389,0.62828125,0.2443022157182891,0.5660174135503391,2.9262682562305966,25.40427237741937,1.4175224474574444,0.6060367383554516,-0.008801659550132552,0.7627793267827226,0.7015625,0.4298477434307359,1.235915692448843,4.113134082990586,16.141769132130907,0.7860297599272086,0.17961288329050054,0.0,0.0,0.0,0.0,0.0,0.0,0.0,0.0,0.0
44701,0.6012,0.1208,0.6012,0.4985,0.4834,0.5287,kmeans,0.8275,-0.03908475563012314,9.628893219690914,0.18265625,4.382483211810054,8.448819000712499,11.427600986886103,11.820548739304568,6.425892763916438,0.5019334407612762,0.0911065693092286,5.639432136229509,0.40734375,5.85113101961082,9.187076638615272,13.5519831975211,17.463205530806157,5.835738215531814,0.4462921435419717,-0.12430461941025367,3.137432407330573,0.6510546875,6.248739983487237,9.506158543054326,14.757503935322056,19.983079875213384,5.2793355545589336,0.3516383907565623
46553,0.9536,0.5887,,0.9536,0.6116,0.5767,kmeans,0.8685,0.030357583315501983,1.2964576195674025,0.45927083333333335,0.7505983257418443,2.1259955044850303,3.9023940468143223,23.11197560148114,4.273729246773337,0.25192071600526367,0.06891444010520313,1.5231763754858905,0.5936770833333334,2.1692032200482756,3.193466771928982,5.856475204931275,62.225050612489696,3.736208293048123,0.19891396881071635,0.13217431862109133,1.1302943098854112,0.701296875,4.106212841665449,5.878607916942647,8.867190261409437,33.887267759731195,2.4264504631229937,0.257794259848058
694,0.4022,0.5413,0.4152,0.6152,0.4304,0.3725,gmm,0.9127,0.04414107140305276,0.9876889499075002,0.5645161290322581,0.562732703447053,2.2173408534463546,3.502009982256968,3.7253532744531137,0.7885736279891348,0.338587098428555,0.09285195510168125,0.5105907393611374,0.7525201612903226,0.7199563121941119,2.2438483687009017,3.493071573574154,2.954740522790279,0.6288401445654833,0.20735994463340188,0.0,0.0,0.0,0.0,0.0,0.0,0.0,0.0,0.0
44232,0.7242,0.8083,0.8107,1.0142,0.7851,,gmm,0.6186,,,,,,,,,,,,,,,,,,,,,,,,,,,
42544,0.5474,0.1471,0.4493,0.5392,0.4657,0.4493,kmeans,0.85,0.05283359078244795,1.3631855970317248,0.5318396226415094,0.2639479829992535,1.4881720554646578,3.627440334998138,9.175679166295994,1.5172048712938162,0.3202682660852173,0.033325200726333194,0.7385163037098913,0.7063679245283019,0.5772714872465191,1.7963359146244522,3.8583332732834883,6.115990306110314,1.1360438842044278,0.3150759605070758,0.0,0.0,0.0,0.0,0.0,0.0,0.0,0.0,0.0
46745,0.5008,0.4348,,0.5603,0.6688,0.3778,autoenc,1.0,0.023650913228126777,1.8094024595412666,0.4228854166666667,0.6983689750049586,2.8572935460213804,4.782305817680206,3.813957172315063,2.101611438892183,0.2014407589378218,-0.06474136723599276,1.1462011038770912,0.61625,2.701630986126623,3.594447711491905,4.754593143303257,3.8785364481836693,1.3298408787507903,0.3533000133542785,0.0,0.0,0.0,0.0,0.0,0.0,0.0,0.0,0.0
1044,0.5557,0.488,0.5748,0.5984,0.5517,0.4895,gmm,0.692,-0.014093359730403847,1.8080127182017558,0.37034179240969367,0.6575850495027461,2.0730587469479747,5.262332821613027,16.243095243310805,4.2003063122475135,0.3676415486097056,-0.0335969248927759,1.4910584242954659,0.41578074988568814,1.6937175941630946,3.75993833712798,8.179664706974261,13.80751125454973,3.4882100948670307,0.33397240459660915,0.036410429442772264,1.0300191091967006,0.5945644718792867,2.9171012229467927,5.556723806531042,10.905686725321852,10.989023242131971,2.4974514836691553,0.29185579794908717
46560,0.6021,0.4564,,0.4891,0.458,0.4568,kmeans,0.7298,-0.031869001570090476,0.9821292608497287,0.79160625,0.0,0.7261257738568826,2.413774716668626,9.758761625885082,4.567164001680578,0.22225312300442931,0.038578548014033785,0.8438548346170621,0.782203125,0.20130749461134836,1.6085438312944962,3.7083161619356115,8.942605005435171,4.217471205631757,0.11848107413792353,-0.00583707224519637,0.6312284327448747,0.5965203125,2.8022452555513913,4.7640214870613695,7.584869276966876,6.400695706167823,3.3409309243344913,0.16408207683077614
46331,0.3503,0.2217,0.2893,0.3341,0.2567,0.2366,kmeans,0.8593,0.006441099201588624,5.2370598154721835,0.37652439024390244,0.9628482484821397,3.374626164820654,9.062634759790466,11.944397323861415,6.540664749037312,0.3426515085629332,0.0747226225280317,3.6131428333287996,0.5030487804878049,1.9053078857318848,4.775639105954637,11.29716255108932,10.386498496583005,5.7083993787636125,0.3873549303540747,0.04647431230492581,2.5361581179478927,0.7046493902439024,2.7870092820593597,6.403133665341689,12.446256288380805,10.330971918986938,4.5728466043263705,0.3666500163644004
40994,1.3333,1.0,0.9798,1.0303,0.9192,0.9899,kmeans,0.5,-0.0007916378130821668,0.5189936671934599,0.42824074074074076,0.3153143065863519,1.5369972944538886,3.07021027768419,3.0595147524574973,3.743006414571801,0.14681268217906035,0.002343060610479003,0.4988794842920001,0.4322916666666667,1.452225481704887,3.20301820808519,4.882693057297799,3.0211776121915044,3.245317452398905,0.17484745006339283,-0.001492456976120504,0.46050431795167673,0.4513888888888889,4.29403616865372,5.958017169509953,7.543630003034526,3.04963715260891,2.12394191447199,0.1720463585486129
60,0.5913,0.5913,0.6209,0.6019,0.5997,0.4156,agg,0.8554,0.0668439878499943,1.682560077899498,0.4288125,1.5845603957679932,3.040818570314811,4.777719663704458,5.165497937688043,5.27726307622211,0.12189448210462046,0.011640557333289642,1.0108966515149813,0.4129375,2.713252166828947,4.667946115430288,7.029330375837696,4.880899019483056,4.916374481706493,0.1247668476214115,0.0013219047020919987,0.6882945896988563,0.43871875,4.871392040930887,7.450874421723743,10.62436077214631,4.634678679040725,4.238098190005186,0.12577863404820036
44463,0.6489,0.6426,0.7022,0.6144,0.6771,0.6865,agg,0.7975,0.1696383413504276,4.812286417075739,0.305625,1.1281990157847985,3.8176486587902634,8.389897193085739,18.513169960696374,7.638275733643528,0.536269030377396,0.1573059950286652,3.630993293590707,0.4896875,2.4693178086600014,5.368017244083632,12.213697545492705,13.860980430931624,6.867177070312687,0.5867946191723807,0.14473933323026336,2.638489616890232,0.7012890625,2.8850747916201342,6.8161548271186865,15.304992283843061,17.165493714857234,6.138157329651432,0.5393751421732048
1559,1.0667,0.6667,0.9667,1.6778,1.7,0.4333,autoenc,0.375,-0.0008154663515485443,0.675564082585255,0.4107142857142857,0.7227417802335017,2.0713740337127886,2.892430559414972,2.79152174533741,2.018476515711586,0.239213235913195,0.021086589302202356,0.4664087165575021,0.5729166666666666,1.9187034805833882,2.638879763688056,3.5685935873028645,2.557001391611495,1.4856210853560659,0.24537814713196965,0.0,0.0,0.0,0.0,0.0,0.0,0.0,0.0,0.0
46840,0.4269,0.223,0.4545,0.4111,0.3691,0.3788,agg,0.927,0.11352792402561121,1.9108119966692922,0.5620556872037915,0.38845084626417004,1.8829579722489087,4.812474542407212,7.826318547289151,4.057925239161599,0.5175940045644837,0.0024116121160031286,1.5397225823931995,0.6151510663507109,1.1961403454457749,2.787008560272782,7.53678816370443,12.09227711045806,3.448953746888619,0.5059819236432906,0.03476603124221421,1.2095723247350494,0.7897289691943128,2.019801853980058,3.960750440733344,10.171539410309073,9.094102412625311,2.4270129260089317,0.2777251440233064
1519,0.3922,0.3922,0.3922,0.3922,0.3922,0.3922,kmeans,0.85,0.2764117991250209,9.632709499670266,0.48655913978494625,0.3172306157908156,0.796939541776994,8.603405299582608,24.945149187637867,4.953330475379906,0.976438221006206,0.19231845871681152,7.389507630620424,0.6182795698924731,0.35326922252071735,0.9012181230364911,19.462730844414658,22.51622533895098,3.941356895385007,0.8183149524869872,0.18733165012378214,4.57786251017128,0.7547043010752689,0.36849170936440884,1.513414646095109,17.752185335467495,18.34181512177512,2.5253402411142263,0.6792444324563325
756,0.9478,0.619,0.9977,0.9728,0.9728,0.5646,agg,0.9545,0.11542455893326242,1.8755374469857757,0.38188976377952755,1.0231681350417883,2.8034234235353424,5.340917595665882,5.061482126435761,1.8549548283676887,0.33323946385873066,0.03432566793451958,0.9664131895193799,0.6171259842519685,1.6814990896750002,2.9067701846504974,5.771787931995952,4.322552953503073,1.4844391633197014,0.2552380797552897,0.0,0.0,0.0,0.0,0.0,0.0,0.0,0.0,0.0
1477,0.353,0.2621,0.3271,0.422,0.3261,0.3816,gmm,0.9952,0.05121790198183552,21.645882984516177,0.321553738317757,2.8132319195938167,7.17121460836386,17.882271606116387,97.86708194291589,3.6540666944229154,1.0153076897334257,0.0062730406018912995,11.395762099650666,0.45935927390366643,3.7519447591215123,8.33877114865932,18.231765575996416,98.93821710584689,2.7079188335782995,1.1161059797170918,-0.10859985255021953,5.214210441491126,0.6630627695902228,4.176804044045776,8.328835708012669,16.917074387505078,72.4494294866437,2.1146083295739144,1.216658295458327
1552,0.6615,0.6235,0.6659,0.6615,0.5928,0.606,agg,0.379,0.14108048394484024,1.0453153783541038,0.34517045454545453,1.0132420681092604,2.1445911261779393,4.217476855541087,2.78378141341215,3.323858410220954,0.14622030964388627,0.03354503293979708,0.8107348807701665,0.3991477272727273,2.5137892938530504,3.917316007729023,5.984018156779078,3.122887078205691,2.6711734300219665,0.16621244877831848,0.006462442059833492,0.523837288731687,0.5354403409090909,4.079863014934569,5.749913890848639,7.841923271889866,3.093527947527317,1.6998805003183075,0.1322601042142931
44683,0.8384,0.6734,0.8215,0.6902,0.8552,0.6801,autoenc,0.7425,0.04404045820349355,4.485382296700936,0.23796875,1.8289304489865856,5.151807732047822,9.666516050495957,11.219907407049156,8.17857523912705,0.21041980323336468,0.07556658691774044,2.742745419702877,0.446015625,2.7297442276076556,6.365006901473138,11.673919752828368,13.675889668915344,7.8604622270378774,0.18549661924677574,0.0728301812790571,1.6410325590127208,0.5639453125,3.9231731927979614,7.899006430701535,14.41685109707408,14.155714698573654,7.424405562012336,0.14792439255731063
44073,0.6451,0.5888,0.6082,0.7137,0.7269,0.6856,autoenc,0.8498,0.060769447911355884,1.092650520734553,0.4711448598130841,0.31658660404984257,1.4617317134265533,3.9154848823176613,9.347756177386817,1.679931888114931,0.3963975540533755,0.04881154623504968,0.5912546415205981,0.6147313084112149,0.6272262262347629,1.9267226710323957,4.876199415996639,7.74083340482284,1.2516626002733973,0.2750432089470009,0.0,0.0,0.0,0.0,0.0,0.0,0.0,0.0,0.0
44605,0.3684,0.7158,0.4842,0.2947,0.4105,0.4842,dbscan,0.4398,0.10790585435579185,2.4420935747744115,0.9699074074074074,0.0,0.0,0.0,38.40718988570275,5.4275459758822135,1.306645992551977,0.0564677928103648,2.103326784892994,0.9130497685185185,0.0,0.0,2.6394422205227412,30.997050890758597,5.147674680463381,1.3116078264357796,0.019886942632364776,1.7264796454557116,0.9509548611111112,0.0,0.0,5.268242380458198,29.98277108515872,4.752550915936143,1.2952555981960778
41764,0.8713,0.809,0.8715,0.8603,0.8625,0.8398,agg,0.618,0.05115574279207146,2.590535718764308,0.6566121336059987,0.4259356025783128,2.417589319582449,4.717303267033949,23.363735944120567,38.23241121884714,0.03650974690267934,0.0370850696181404,1.7842057971473544,0.8284764826175869,0.4224062904054776,2.4196897536970265,4.72153161550987,30.828831194471448,38.12935700636281,0.06326981017980211,0.0279794045687117,1.3801761647811992,0.9144512610770279,0.4246588007490656,2.429219596704377,4.7654963495438585,34.39988944386374,37.92318506582573,0.09688228017397528
41671,0.5752,0.58,,0.7584,0.6126,0.748,gmm,0.3463,0.21642906537570314,2.1300504647823018,0.418296875,0.21742450851995443,1.062475848353107,4.664946597293425,14.764132297173278,2.6897426509267897,0.5259100936220804,0.11621282267753547,1.4007584735176914,0.60009375,0.3197799086269863,1.5842551861088296,7.308652211612642,10.088008764045352,2.1271705623544857,0.4333901288643346,0.062333676865283925,0.7930072716077295,0.74105078125,0.49643164870960715,2.9849846946497287,9.363897799718394,8.30050037997506,1.1710738311618067,0.17145055678305893
44580,0.8271,0.8271,0.8737,0.8737,0.8737,0.8656,agg,0.3815,0.04147150462451783,3.1526058158240344,0.74625,0.0,1.2012498341706388,3.334519287785692,40.76322965771234,26.444876648394647,0.4696735185277211,0.036695467470102265,2.921247102636158,0.840703125,0.0,1.4038356893815407,3.902806727209523,46.26512643781072,26.29334485153369,0.4673508958111082,8.838989602076964e-05,2.7380168358007135,0.8828125,0.12164213897585974,1.9664233922869938,7.064712742416189,44.673522294478765,25.98972557497929,0.4638280696982193
1566,0.7957,0.7957,0.8236,0.7767,0.7957,0.8297,dictlearn,0.6088,0.07793494191943114,11.545245353402953,0.13209494324045407,2.0087551653666837,3.784995672201011,10.738265314992821,39.55176792155028,0.6026731015600507,0.4864473481323683,-0.11850230573043533,5.737409341567998,0.7089783281733746,2.006057427186332,3.776778509307958,10.743817178411355,31.2151330284725,0.5689116619002428,0.33879140250153267,0.2082999433666889,3.453759982346893,0.9000902992776058,2.006642155429122,3.7767586507902733,10.730265469891147,30.121962114041402,0.5287596152043718,0.16643743393293758
4153,0.7143,0.3429,0.6,0.6571,0.6857,0.5714,kmeans,0.9722,0.0056568505998162676,8.884877628755303,0.3350694444444444,4.670382666421192,6.846789226423901,10.296430352826128,12.940284299091415,3.0822394190903144,0.49672480691705573,-0.18434316440547827,4.7321887852302655,0.5416666666666666,5.231067885229126,7.110356546906029,11.646448655602747,10.084420778407239,2.5814448821144733,0.43352794197729044,0.08629508022985063,2.228359579321123,0.7105034722222222,5.527696108853269,7.209887366857698,12.330083421840522,8.78349783660647,1.9803840038089018,0.40280111575975397
44791,1.0054,1.032,1.0054,1.0054,0.9919,1.0027,dbscan,0.4973,0.07138478245009339,2.133144740013944,0.9715625,0.0,0.0,0.04984873474859335,53.059168044416666,4.5441433219593215,1.3114085681994339,0.08213678267585627,1.6846755619170306,0.969375,0.0,0.0,0.9508497671680807,44.255049194845036,4.3972152272401805,1.2758740801770734,0.06035604403829582,1.362013988608165,0.9725,0.0,0.0,3.538452096947365,37.17127902610886,4.128447707761955,1.208854107017446
44548,0.6187,0.9867,1.488,0.8987,0.5813,0.696,agg,0.5,0.0089323398387379,9.318221204769353,0.195,2.9954703761581136,7.910314898108124,13.628534794869166,14.474670007217219,4.2844929956943725,0.28936958478824426,-0.009545562946506015,4.334492453903351,0.37796875,4.23082094400145,8.937752729968519,15.907487838512235,10.254355403289379,3.6231910321562664,0.27576797907011397,0.01284596746943275,1.920766532195377,0.5786328125,5.158989369462221,9.18250431364936,16.30308057357225,9.825168929256861,3.119899340692305,0.22922978209724434
43974,0.5388,,,0.5651,0.5388,0.6967,dictlearn,0.9318,0.17594009590927645,11.258977509047345,0.5820319189013322,0.09306482676424094,0.856374937338888,2.5885875228298847,41.84176577625594,1.3889125636307198,0.8255910972321531,0.10235824469065666,5.681742047614788,0.7138557827322853,0.3343843526271468,1.1548516521649386,3.0138827530716634,26.126118517914634,1.0903137604810067,0.9376674468548443,0.04811707844647113,2.826607683405815,0.8357841878146511,0.43365823537548864,1.2116438978311814,2.9512925069530414,15.18357615414841,0.9550823134263338,1.06620415201016
14,0.6939,0.1195,0.6268,0.6385,0.6997,0.5219,autoenc,0.8575,0.031664726670515855,4.17578210959869,0.28515625,1.8018453352538444,4.9762580512854075,8.324249949689431,9.462293949475269,7.120442887394789,0.21232453367056373,0.08573220567772986,2.720120240072305,0.354921875,3.7922345588509616,7.24800134462078,10.964129995409195,8.003610948446855,6.534647920074426,0.20881019589503516,0.08312903245927344,1.7708833238235522,0.46828125,6.138676352924018,9.423819545201008,14.028925582154452,8.040103678208713,5.771320087770173,0.21138756189278143
1446,1.2115,1.0673,1.1346,1.2115,1.2308,1.0962,autoenc,0.5,0.13615986314350614,5.155587281459723,0.3940677966101695,1.6077843741724172,3.073285121620099,7.3565765626742845,17.93513926957342,2.6512798822061088,0.41808491601187797,0.05051683789343332,2.6649702946385148,0.5227754237288136,2.058480603352214,3.5203114669667093,8.287488445406348,14.157058508322326,2.172781997737006,0.33573128768368143,0.034959900755999064,1.4524405494561652,0.7092161016949152,2.3372170515691186,3.8100316669844636,8.476759240183666,10.842806022912185,1.6541783872741345,0.28550018227536583
40984,0.5681,0.4296,0.561,0.6948,0.5986,0.3826,gmm,0.9221,0.2380139320799577,2.205429288268757,0.5715638528138528,0.3612547358379173,2.295022064903942,5.126497878574871,11.871498159235546,1.6587695827667013,0.682728370513403,0.19194993224169674,1.2720010526445584,0.7399215367965368,0.5253995672483345,2.6816295076278527,5.208809297165994,10.43361097731291,1.1847765676523765,0.40329870911903354,-0.039680092016686694,0.6296769584114734,0.8635010822510822,0.755804085165258,2.7160408274517516,5.389712105182921,7.7326190786890825,0.8432304916942112,0.27325966870786295
44740,0.4982,0.4982,0.608,0.5473,0.5346,0.4104,agg,0.3488,0.01894089964782331,4.480791427092737,0.175625,2.654758748651987,5.684847723849416,9.618182168444063,9.671836314698561,8.602914131667314,0.1474115291389398,0.0039560861232158795,3.237845428785226,0.22171875,5.893781740260826,9.623233594842294,13.832440017523007,7.428532176683631,7.836390924699688,0.16756265270870982,-0.0027350264350712926,2.107781243645574,0.2990234375,10.530357814399505,14.38801337682246,19.281400273649943,6.574134989625731,6.867939228968542,0.17867925113050293
32,0.6915,0.3077,,0.8228,0.6883,0.5732,gmm,0.9891,0.010649256417187183,1.7809814295480555,0.3420334356874787,2.0712079469542433,3.127148467546836,4.6905557426915045,4.805049237981744,2.2035853056150603,0.300562052026938,0.001467383484979502,0.9953218193391485,0.5351700216080973,2.6219833801574497,3.6767963265677026,5.327329033585272,4.6879321904805,1.6939097714049087,0.28204377684309473,-0.033121206231362596,0.4889547848934762,0.7347321733196861,2.7300576675767614,3.794963797794045,5.292721920596355,4.190662544226677,1.3361528116688979,0.2677221292704483
44153,0.529,0.3471,0.5264,0.5201,0.5128,0.4681,kmeans,0.7367,0.05926853877780024,2.365760443889182,0.41494082840236685,1.0187332394974526,3.1556107158041815,5.519339194146888,8.096076171664636,1.8316156617009656,0.24542433323746213,0.10775661009447997,1.1148148035983165,0.6109467455621301,1.4198155162708876,3.3762190968828945,5.6246899433179784,6.577266262483164,1.4458421158972123,0.24254242425752615,0.010685226617372704,0.49926773231963223,0.7732063609467456,1.6902938360552064,3.389005933771111,5.419016087293363,5.519277757708489,1.1984641034110473,0.23433256186144633
1476,0.3535,0.2736,,0.4293,0.3509,0.3853,gmm,0.9946,0.05125702283216104,21.55941100759749,0.320902228612509,2.809105553058214,7.138449723325645,17.89456040478679,97.83646997961857,3.6104996134941016,1.0192071052194738,0.007655395834174043,11.229061062508018,0.4571576204169662,3.6915069091869657,8.342945922124837,17.923980719962888,89.18291128761214,2.672127654929704,1.1260607948667707,-0.1067459727608764,5.1294787338591545,0.6640400341480949,4.122036635674286,8.260585382010792,16.75411360646283,71.21500678998156,2.095124197337178,1.2264287120008037
1520,0.2857,0.2857,0.2857,0.2857,0.2857,0.5,dictlearn,0.7,0.22387285222383174,10.42517127181145,0.4064885496183206,0.3728726591855253,1.079533820891989,6.986528115217792,29.897735762373173,4.68921533911309,1.0126472206989199,0.1254206149901591,7.345806491841395,0.4856870229007634,0.6158712710681095,1.4085839565571794,13.54935714886179,25.979930112563128,3.800037403909451,0.8639236359942196,0.08797278265529127,4.547625825232657,0.7142175572519084,0.5988511914139965,1.8305431279025268,17.907669757499818,21.868392895186616,2.6355219117900877,0.7393892683221158
44588,0.4256,0.5605,0.5601,0.484,0.659,0.5119,autoenc,0.6443,0.0957719056753501,4.1148368703580385,0.6207482993197279,0.022165956684968083,0.41602032758015783,6.4210114240356235,11.356204913772373,8.119483154114038,0.30572804255385966,0.12798257819587242,3.992414705790432,0.5835459183673469,0.6937490027532027,5.4002206049518,9.308309726106799,10.965034670249132,6.931885720751517,0.3543833131507352,0.28190248569293536,3.1049258321425564,0.8694727891156463,4.534249609061202,7.035828032126995,10.120397991946954,10.07350408875411,5.32357106724874,0.3865971969411891
44667,0.4974,0.4803,0.5307,0.6411,0.4453,0.4478,gmm,0.3997,0.037941330130661435,5.58887931170263,0.393125,1.3458523016702029,2.4857422324430245,8.038133949058146,34.41356989451076,4.321653538008051,0.5565476676513158,0.043805253543410444,3.5748842462450927,0.52265625,2.1079678053965885,3.806039845575789,10.154120059700412,26.398344477805153,3.367231710164917,0.5610746754438405,0.003863026154925528,2.088835918709191,0.71453125,2.4296017511691477,4.392475232579828,12.349590121748632,18.49556513419503,2.3863506596186848,0.4999956192693324
47000,0.6176,0.5578,0.7468,0.6192,0.5425,0.7048,agg,0.5693,0.018803167945211877,2.591392265678882,0.5617977528089888,0.08859665195864415,1.6795309815507675,5.75779898087939,14.791063609789838,35.26938909359926,0.017288613925702245,0.06022399316155251,2.292277191007978,0.7241171749598716,0.21501547092627607,1.6674487497039432,6.516941240903864,22.750091193760234,35.068272235455275,0.07092396966346082,0.06595155721228788,2.1243906802705776,0.8639646869983949,0.21361400260617633,1.7058268559967604,6.751485030566798,28.902399345860857,34.61958110605141,0.13339858286426418
1497,0.4876,0.2565,0.4636,0.4222,0.4579,0.439,kmeans,0.9877,0.03439519955723347,1.707922476598985,0.3184578368469294,1.3287538899351858,3.1247088978758266,5.099156234998387,5.338461908604861,3.5523886862945977,0.28010414561381136,0.05399532156457445,1.1120822978860787,0.46030018331805683,2.0455052294839486,3.924505046541392,6.746343935971467,5.3126253624178545,3.0842283898084966,0.2559077523263036,0.04440548231952341,0.7019166646364748,0.6867839138405133,2.648464689808588,4.460387306104393,8.396655141079808,4.165082161742037,2.4307993102711314,0.25270272975118513
44698,0.6369,0.1688,0.6688,0.6497,0.6274,0.6688,agg,0.785,-0.01465823941795917,9.65950689254642,0.188125,4.969737085922025,7.909555435942652,12.078810793208312,11.862784166274158,6.607036077065015,0.43661342946032966,0.07576173062733976,5.562162213373735,0.32578125,6.271714449985116,9.366104203082,14.531160028944758,12.649998552325041,5.804802832564272,0.4570497891146388,0.0187255163031964,3.2675086124103507,0.6365625,6.675490568956397,9.612778563166192,15.037373586843746,19.958886460883456,5.287071071292618,0.3294791052747346
46871,0.5008,0.4348,,0.5603,0.6688,0.3778,autoenc,1.0,0.023650913228126777,1.8094024595412666,0.4228854166666667,0.6983689750049586,2.8572935460213804,4.782305817680206,3.813957172315063,2.101611438892183,0.2014407589378218,-0.06474136723599276,1.1462011038770912,0.61625,2.701630986126623,3.594447711491905,4.754593143303257,3.8785364481836693,1.3298408787507903,0.3533000133542785,0.0,0.0,0.0,0.0,0.0,0.0,0.0,0.0,0.0
188,0.4256,0.5605,0.5601,0.484,0.659,0.5119,autoenc,0.6443,0.0957719056753501,4.1148368703580385,0.6207482993197279,0.022165956684968083,0.41602032758015783,6.4210114240356235,11.356204913772373,8.119483154114038,0.30572804255385966,0.12798257819587242,3.992414705790432,0.5835459183673469,0.6937490027532027,5.4002206049518,9.308309726106799,10.965034670249132,6.931885720751517,0.3543833131507352,0.28190248569293536,3.1049258321425564,0.8694727891156463,4.534249609061202,7.035828032126995,10.120397991946954,10.07350408875411,5.32357106724874,0.3865971969411891
44514,0.3802,0.2451,0.387,0.4177,0.3663,0.3191,gmm,0.8468,0.03946225186999206,9.559046479750554,0.20546875,2.6572040593967095,7.332426139199718,13.863364208690921,14.177407001352421,6.573562968058416,0.28361169322488955,0.0709821527841564,5.198650230961864,0.369609375,3.6671845659353584,8.621029183603769,15.799197900762922,14.738417402048656,6.1008290258548525,0.24629957062733296,0.009651865139887847,2.7048669722246323,0.56140625,5.322746335632398,9.830565399356495,17.252840449546436,11.481961876072488,5.4344752886423136,0.23658684558373455
44626,0.8571,0.1065,0.8312,0.7714,0.7636,0.7065,kmeans,0.9625,-0.021164426687950315,11.496931515897604,0.14828125,5.173801072297133,9.387649848108957,14.178362374890078,10.193382349323208,6.499902242497026,0.20106358476794867,0.046954460046828794,6.8602062916339035,0.22921875,9.113002425063176,12.910380269773611,17.99542638935373,9.75186194895394,5.034322753228634,0.19756432987202727,0.1380518345919141,3.5098517001310894,0.44328125,10.45505967483833,14.04645840606699,19.64054241723805,9.88674659126846,3.9955943208213887,0.18149500840349314
46519,0.3384,,,0.3428,0.2954,0.35,dictlearn,0.9621,0.14097516964889892,4.955685331514691,0.22603365150482127,1.493976379942878,2.781160537597781,9.430418319130698,20.206387196098824,6.595305694908036,0.5152703300102887,0.07651315781868277,3.406429825956519,0.4773668062725236,1.9153827926893772,4.130780737835067,10.583276799794794,31.470129105266984,6.116870025558433,0.49750459748565007,0.10932216698811124,2.266936764844994,0.6869871310996396,2.7092607173665755,6.772711004742891,14.26843539695263,20.720871536818578,5.110869140399975,0.571683371714165
44610,0.7969,0.6985,0.8986,0.8968,0.8198,0.7407,agg,0.7105,0.14065027971635688,4.808368925977363,0.3730703259005146,0.964728122596088,2.4469040860065445,6.352994390831668,28.88907779451914,3.111491495242151,0.5187636105840582,0.14196720090940784,2.769934040793047,0.529909948542024,1.3895448740370435,3.0632005377487674,7.573670086137862,23.4251024288075,2.5356387084278658,0.43190406829184447,0.04562056879422031,1.4123202176963012,0.680692538593482,1.7772394076357643,3.7708360375708683,9.034725210901932,15.67158603584722,1.883075672411026,0.35297785829910705
44735,0.6333,0.2276,0.5556,0.5574,0.4327,0.3878,kmeans,0.4393,0.04046167712074416,7.774321319675376,0.2971875,2.177636374381772,5.38086723628525,9.971795884402734,20.018356207698307,6.037311703403746,0.42626292238501645,0.1524188858394337,4.665536143506916,0.358515625,3.6701155011460154,7.458170595412392,12.766871577088557,17.209257068302467,5.268753526072861,0.4253150169192335,0.09354919642819269,2.6542365681991957,0.535234375,5.089162180353988,9.118172017407286,15.539846854897956,16.871187990195704,4.4030904976496466,0.3691827377820999
44382,0.6786,0.5587,0.7092,0.6403,0.625,0.5255,agg,0.98,0.10076631940298107,1.8955311881015993,0.59359375,0.0,0.5963910943935578,5.092298461779622,12.81085197033621,3.6598198808968307,0.4888272988358064,0.11896038105495772,1.3567592947686529,0.675625,0.15882978884032564,1.5548999349691552,6.3819685358670855,11.198762957696278,3.133883720769221,0.49632843970563645,0.10922879113685811,0.9903623384656836,0.8467578125,0.22588596367647937,2.0382689580847018,8.576100393703179,11.796217862044536,2.261786578724145,0.35018139423067907
44553,0.529,0.3471,0.5264,0.5201,0.5128,0.4681,kmeans,0.7367,0.05926853877780024,2.365760443889182,0.41494082840236685,1.0187332394974526,3.1556107158041815,5.519339194146888,8.096076171664636,1.8316156617009656,0.24542433323746213,0.10775661009447997,1.1148148035983165,0.6109467455621301,1.4198155162708876,3.3762190968828945,5.6246899433179784,6.577266262483164,1.4458421158972123,0.24254242425752615,0.010685226617372704,0.49926773231963223,0.7732063609467456,1.6902938360552064,3.389005933771111,5.419016087293363,5.519277757708489,1.1984641034110473,0.23433256186144633
44573,0.8926,0.8926,0.8926,0.8926,0.8926,0.9128,dictlearn,0.7525,0.15656874349583888,9.234557473642017,0.234375,4.9955803235240825,6.887131911407533,10.55957432961041,10.825913189338118,7.061785935609218,0.23325785019743553,0.30673764274276905,5.455237914776981,0.421875,6.350661286221841,7.915811317331467,12.116549971316283,11.527987673535186,6.316739175264763,0.2209717738484378,0.17186118023275546,3.3076361414374147,0.6359375,6.2640907146682885,9.690877902390506,13.629181509284031,10.444095519799069,5.216643397564083,0.2290224787698496
970,0.8208,0.4381,0.7714,0.8333,0.6525,0.4376,gmm,1.0,0.056950959423380576,4.635866916790378,0.2537202380952381,2.929357117770108,5.358206360610145,7.89324474111132,7.719443576837703,6.669935583763333,0.1554888792445255,-0.06408497783842641,2.5488025725899157,0.44754464285714285,3.704407288177767,6.222713512648176,9.03658487560248,8.316372118437851,6.315930523867329,0.14069749545989121,0.018282337633152186,1.4164360322788634,0.5284598214285714,5.229429968276703,7.921168001900011,11.636010403841997,7.666571176701957,5.797451365511971,0.12942766335399766
46382,0.5092,0.3294,0.3115,0.4546,0.4297,0.2414,kmeans,0.6185,0.03939922229230497,1.847121468307498,0.9552173913043478,0.0,0.0,0.2407232303405346,24.55809773223401,23.972973589162972,0.049704041191939864,0.1023941041271506,1.6643853953560666,0.8741304347826087,0.0,0.12236589487125857,2.177989019395813,23.626494383348493,23.8206398966191,0.060407086581825156,0.07124838692075754,1.315971564847198,0.935,0.0,0.1316280465375041,2.9235526012886526,23.232698927135942,23.4938033501338,0.13088950382514045
377,0.5583,0.225,0.7083,0.6583,0.55,0.3917,agg,1.0,0.11605324256919698,8.614176369861097,0.37604166666666666,0.9131976329163992,6.494542639969399,9.830720320970388,9.294370829629145,4.059545255734808,0.20440073911205425,0.04244245463635841,4.317445848149651,0.546875,1.0551652588124316,7.037273403180024,10.30283679961547,9.359360909207394,3.6136706055553076,0.10292594912840163,0.05065307182873096,1.5219233575023836,0.7001302083333333,1.649363878822873,7.173608503948155,10.381329115557312,7.553287310708059,3.2985916117797354,0.09320740613591394
44672,0.6222,0.4493,0.5841,0.7135,0.6144,0.6014,gmm,0.4616,0.033590652186835365,2.274013466223983,0.43171875,0.47386402457124094,1.2108382671294495,5.858799852643068,20.90220357260251,3.510003980931982,0.8134437408774683,0.002116977844061787,1.8669817529276604,0.560234375,0.8825595659906057,1.4578469923454178,10.0926451739516,16.915061032654478,2.918082589799537,0.7278052841701416,-0.03360214608158327,1.2506723052398978,0.5759375,1.029938911744204,2.39065887722493,14.113179053983137,15.628304726667478,2.0827959281443165,0.4672481864368582
44577,0.8313,0.6,0.8313,0.8313,0.6,0.85,dictlearn,0.8081,0.06631984342079339,9.337146290100657,0.23125,5.214712274677438,7.387483866908834,10.665635115672622,8.97463118461568,7.143491023944469,0.21268051471703942,0.12486071415574843,5.714135060357869,0.4609375,6.041953144349296,7.9179776120199925,11.967575040707537,10.441662492392162,6.368669168011556,0.2063071460090534,0.0731602961941471,3.3208964889198356,0.63359375,6.416732061517308,9.489758546692084,12.870583898378703,10.39341949587944,5.310354101855296,0.23427923798723024
40691,0.5192,0.4182,0.5749,1.185,0.7082,0.5097,gmm,0.3897,0.04264603810359168,1.1496562019508292,0.40187646598905397,0.5980354255697846,1.870077929864229,4.165069395259997,8.239637298675824,1.8946222133435693,0.36891429517103724,0.015418119570411592,0.6851287913279797,0.568608287724785,1.0152885059027095,2.404341327176671,5.136734602178598,7.119576550026031,1.4248263126163299,0.24428183157383784,0.0,0.0,0.0,0.0,0.0,0.0,0.0,0.0,0.0
41801,0.8448,0.888,0.9276,0.8742,0.8454,,agg,0.5662,,,,,,,,,,,,,,,,,,,,,,,,,,,
44555,0.529,0.3471,0.5264,0.5201,0.5128,0.4681,kmeans,0.7367,0.05926853877780024,2.365760443889182,0.41494082840236685,1.0187332394974526,3.1556107158041815,5.519339194146888,8.096076171664636,1.8316156617009656,0.24542433323746213,0.10775661009447997,1.1148148035983165,0.6109467455621301,1.4198155162708876,3.3762190968828945,5.6246899433179784,6.577266262483164,1.4458421158972123,0.24254242425752615,0.010685226617372704,0.49926773231963223,0.7732063609467456,1.6902938360552064,3.389005933771111,5.419016087293363,5.519277757708489,1.1984641034110473,0.23433256186144633
716,1.0,1.0,0.8929,1.0,1.0,0.8571,kmeans,0.5833,0.03433714913804847,1.7932509108713663,0.353125,0.6220370578508007,2.7882231307160916,5.742295521956422,5.190037861740112,6.285408190413629,0.09965135804122356,0.032279294859020445,1.5199322756381188,0.4234375,2.545255431195563,4.6203713879700015,7.957340268260467,4.772189984810474,5.687546664353396,0.11443917228262908,0.014820336331105414,1.254189353152115,0.52109375,5.159329594684714,8.007299624242497,10.670125023826559,5.014950223435239,4.619411044159547,0.13983443080236335
775,0.8658,0.6644,0.6711,0.8188,0.4027,0.6913,kmeans,0.7525,0.006914505894112933,1.2060759472403337,0.4,0.558326553850094,2.43245974067344,4.1572521473937805,4.089817025626466,4.156122890151006,0.14967159133017846,0.007484351482616056,0.9825314344001617,0.45625,2.6621462164522223,4.003983374492469,6.136263995143008,3.8248343126082385,3.5381767301998117,0.16161461085730616,0.012177960234254971,0.7229639542274862,0.57890625,4.303361764890486,5.647086699380818,7.3927669013441,3.728740871908205,2.6462683732734953,0.18102274040979724
768,0.7342,0.7342,0.7342,0.6076,0.5063,0.6962,kmeans,0.798,-0.003925057322980196,1.3337034801550303,0.409375,1.0997866865421426,2.6009164350908884,4.435966975528868,3.885914842847592,4.07104006222315,0.14030981703809317,-0.00598759371511316,0.9984183189811038,0.4734375,2.1691270370899347,3.96104575828822,6.0033521940393335,3.849614396997689,3.5105046166886167,0.1431107696924612,-0.004835115969532835,0.7413155037108913,0.590625,4.33402375607992,5.841785685171024,7.7339581817952805,3.8697048795130615,2.5429645627659294,0.18840052515823888
762,0.9423,0.9423,0.8269,1.0,0.9423,0.7179,gmm,0.7879,0.021735885005855677,0.8245629532443768,0.396875,0.9017410337005883,2.2456836553864434,3.244132705732993,2.7681494932608426,2.029568630874551,0.26673641058683434,0.0005149799509411524,0.5665983984609505,0.5234375,1.8344237838790405,3.0797799746943313,4.077055225803215,2.9547364351172294,1.4242551336907907,0.18605786081633874,0.0,0.0,0.0,0.0,0.0,0.0,0.0,0.0,0.0
812,1.0687,1.0687,0.7099,0.916,0.8626,0.7557,kmeans,0.6616,0.0010929369225991636,1.1063484236980288,0.365625,0.6586756795865225,2.1392636697639844,4.094426520982377,4.082646072451691,4.232935329744423,0.1448379154840023,-0.013443569943044215,0.9683040060372237,0.44375,2.6100245390249586,3.989050347784617,6.2206845320274,3.823894061149479,3.5825764135438924,0.1641038705773713,-0.00562755053305173,0.7297921576435963,0.5703125,4.221727935874878,5.91769206035449,7.485651764349357,3.8917261772378797,2.6330751785911892,0.17681305885612075
808,0.703,0.703,0.5333,0.8364,0.6485,0.6121,gmm,0.8333,0.006686654204851322,0.626190213698321,0.415625,0.6837729744445091,1.5576070324084177,3.1058440639141645,3.014834707472449,2.3273407828518486,0.24082121811520457,0.004338082011712517,0.5199395595547409,0.4609375,2.003866688186207,3.0705956441283586,4.301610796169558,2.6899164420007504,1.611871430187089,0.20682776113468862,0.0,0.0,0.0,0.0,0.0,0.0,0.0,0.0,0.0
868,0.5569,0.5569,0.5808,0.6766,0.6108,0.7006,dictlearn,0.8434,0.011973015065229442,1.3994819017126656,0.35625,1.0570229099441606,2.6981908491576307,4.678670335932438,3.848647374079983,4.033641154061114,0.13555461146124137,0.0038616038964854995,1.0757598586322348,0.4328125,2.686896371293006,4.361198987101501,6.4305045329089365,3.9486173204201673,3.3788597316964526,0.1359187633336709,0.010640823604435714,0.7635370909083724,0.56484375,4.49719313171385,6.15095293420724,7.896830266875979,4.120396663415468,2.435805696443645,0.1656822660625118
1512,0.7787,0.6176,0.5699,0.5557,0.8309,0.6553,autoenc,0.3238,0.03736001821560474,1.082749970480745,0.628125,0.11493993147076327,1.4805430122863665,2.8387476939670298,6.69557196539812,2.551996295226241,0.26176102519150063,0.06678410533179147,0.7380747230238196,0.58515625,0.9592915734452405,2.673188350093805,4.566174191494323,4.824908081873081,1.9248995675395484,0.26449629705509664,0.0,0.0,0.0,0.0,0.0,0.0,0.0,0.0,0.0
9,0.3556,0.225,0.3088,0.3392,0.4075,0.2553,autoenc,0.8465,0.006441099201588467,5.237059815472183,0.37652439024390244,0.9628482484821399,3.374626164820652,9.06263475979047,11.944397323861413,6.540664749037312,0.34265150856293314,0.07472262252803157,3.6131428333287996,0.5030487804878049,1.9053078857318846,4.775639105954637,11.29716255108932,10.386498496583005,5.7083993787636125,0.3873549303540747,0.04647431230492681,2.5361581179478927,0.7046493902439024,2.787009282059355,6.403133665341697,12.4462562883808,10.330971918986936,4.572846604326369,0.3666500163644006
952,0.5312,0.3233,0.4873,0.4908,0.4376,0.433,kmeans,0.6873,0.15903546592912599,1.1396517843945397,0.5,0.26014302742637596,0.7767077383911677,3.685630667777096,6.137832548832444,1.488235538976855,0.417712565898595,0.12479564315986355,0.663664431568531,0.6549707602339181,0.3845333958502381,1.1752319656793024,4.95820140570067,5.866160333082006,1.080286877036242,0.20725767894024852,0.0,0.0,0.0,0.0,0.0,0.0,0.0,0.0,0.0
41,0.5053,0.3316,0.5105,0.5558,0.4642,0.4905,gmm,0.754,0.10226406224336107,1.1077769013798069,0.4605263157894737,0.27770705893494985,0.9033540487533311,3.7371834731490075,6.686880405654136,1.532017423031013,0.4179277617513216,0.028122166114963227,0.6526797308424819,0.6527777777777778,0.46327088523009874,1.3992410713771464,4.409166093615594,5.9537265496290885,1.062723114290592,0.22689834374001164,0.0,0.0,0.0,0.0,0.0,0.0,0.0,0.0,0.0
46334,0.5053,0.3316,0.5105,0.5558,0.4642,0.4905,gmm,0.754,0.10226406224336107,1.1077769013798069,0.4605263157894737,0.27770705893494985,0.9033540487533311,3.7371834731490075,6.686880405654136,1.532017423031013,0.4179277617513216,0.028122166114963227,0.6526797308424819,0.6527777777777778,0.46327088523009874,1.3992410713771464,4.409166093615594,5.9537265496290885,1.062723114290592,0.22689834374001164,0.0,0.0,0.0,0.0,0.0,0.0,0.0,0.0,0.0
41701,0.8166,1.0297,0.8398,0.8096,0.7628,0.8799,dbscan,0.4153,0.04702077699949418,3.594386496070545,0.30641330166270786,2.996147498864694,4.413996261751638,6.892965277403953,6.621365924022727,20.60081683809489,0.00782715676760269,0.12058547017307038,2.396278186210099,0.5626484560570071,3.2932930317107783,4.975721058415344,7.662176348441411,9.864828048160486,20.436713273636876,0.048890718585757005,0.07949696705554807,1.7122681314716393,0.7744952494061758,3.3137525381900304,5.004554659132288,9.149097687894919,12.634752358069576,20.16433597338832,0.09360344258364722
41919,1.1605,1.191,0.9549,1.2258,1.1771,1.0011,gmm,0.359,0.03901115201316275,2.6834997324328143,0.27019002375296913,2.865886114859907,4.123289872637006,6.291610128410179,5.424082522200115,2.37477825488831,0.3043621655097683,0.13558163377767168,1.3591183664795172,0.5466152019002375,3.000755020177763,4.31381157405591,6.117791199140486,5.4074191332046375,1.9820592661870169,0.24248146459351366,0.010948021913720688,0.703211594402487,0.7296615201900237,3.3308804616556316,4.496193302480556,6.493761028573296,4.8950997517447234,1.5001475949209158,0.22950786739949555
46879,0.7746,0.7746,0.7746,0.7746,0.7746,0.4932,kmeans,0.4783,-0.008101407632902615,2.331073496418099,0.6568287037037037,1.7338882243104283,3.8029439703310857,4.094423872095266,3.5375232528592044,0.7377256115084357,0.38187019374632775,0.21723725712072742,1.2198055245402972,0.8628472222222222,1.7434318584938928,3.6917570275145004,3.9545779115865356,3.5196328979900278,0.5568400182630782,0.2620304498464117,0.0,0.0,0.0,0.0,0.0,0.0,0.0,0.0,0.0
1553,0.6274,0.4729,0.5379,0.6274,0.5379,0.667,dictlearn,0.5069,0.0397006131253589,1.2093871282353148,0.4232142857142857,0.9361450158680298,1.9923690247138253,4.89990484785955,3.7640101755405064,3.182174725598159,0.1483376708227857,0.004945658538142413,0.8360836206869556,0.5669642857142857,2.0623399536528306,3.0658197325914323,6.130654015562829,3.5003014638811054,2.6091397208792677,0.18212457142477603,0.003966852529361718,0.5142072707964971,0.5912946428571428,3.4455336926712046,5.042309451835407,7.67821756364162,3.281916078504493,1.7024550878378315,0.15724938484528642
46505,0.399,0.3441,0.4052,0.4345,0.3645,0.3687,gmm,0.7179,0.0371074085731798,0.8904457268401161,0.9052173913043479,0.0,0.0,0.5694161001998556,18.01188456251719,2.1243386693914235,0.5774036841271231,0.06404840023413437,0.7574189733686786,0.7339130434782609,0.07857520577705518,0.892165870811777,3.2745914753091308,14.811057268175865,1.4664962658189282,0.28844983320794276,0.0,0.0,0.0,0.0,0.0,0.0,0.0,0.0,0.0
46827,0.6176,0.5578,0.7468,0.6192,0.5425,0.7048,agg,0.5693,0.018803167945211877,2.591392265678882,0.5617977528089888,0.08859665195864415,1.6795309815507675,5.75779898087939,14.791063609789838,35.26938909359926,0.017288613925702245,0.06022399316155251,2.292277191007978,0.7241171749598716,0.21501547092627607,1.6674487497039432,6.516941240903864,22.750091193760234,35.068272235455275,0.07092396966346082,0.06595155721228788,2.1243906802705776,0.8639646869983949,0.21361400260617633,1.7058268559967604,6.751485030566798,28.902399345860857,34.61958110605141,0.13339858286426418
458,1.0082,0.5063,0.9928,1.0082,0.9957,0.745,kmeans,0.9876,0.05964869827192525,4.661999143265686,0.25297619047619047,2.9615012096988025,5.465722611452701,7.771939335224611,7.65934313821677,6.654175688327224,0.1610130618564255,-0.08331553586392097,2.5544163945172915,0.45107886904761907,3.7942000820267,6.192931261913888,8.829430445487953,7.771643802981482,6.29865812649098,0.14240642111597335,0.08450555169019569,1.417705118331638,0.5319940476190477,5.3081842276210045,7.930300734725591,11.296698168850144,7.886980231653737,5.785893385627966,0.12917290775761592
44556,0.529,0.3471,0.5264,0.5201,0.5128,0.4681,kmeans,0.7367,0.05926853877780024,2.365760443889182,0.41494082840236685,1.0187332394974526,3.1556107158041815,5.519339194146888,8.096076171664636,1.8316156617009656,0.24542433323746213,0.10775661009447997,1.1148148035983165,0.6109467455621301,1.4198155162708876,3.3762190968828945,5.6246899433179784,6.577266262483164,1.4458421158972123,0.24254242425752615,0.010685226617372704,0.49926773231963223,0.7732063609467456,1.6902938360552064,3.389005933771111,5.419016087293363,5.519277757708489,1.1984641034110473,0.23433256186144633
44554,0.529,0.3471,0.5264,0.5201,0.5128,0.4681,kmeans,0.7367,0.05926853877780024,2.365760443889182,0.41494082840236685,1.0187332394974526,3.1556107158041815,5.519339194146888,8.096076171664636,1.8316156617009656,0.24542433323746213,0.10775661009447997,1.1148148035983165,0.6109467455621301,1.4198155162708876,3.3762190968828945,5.6246899433179784,6.577266262483164,1.4458421158972123,0.24254242425752615,0.010685226617372704,0.49926773231963223,0.7732063609467456,1.6902938360552064,3.389005933771111,5.419016087293363,5.519277757708489,1.1984641034110473,0.23433256186144633
44557,0.529,0.3471,0.5264,0.5201,0.5128,0.4681,kmeans,0.7367,0.05926853877780024,2.365760443889182,0.41494082840236685,1.0187332394974526,3.1556107158041815,5.519339194146888,8.096076171664636,1.8316156617009656,0.24542433323746213,0.10775661009447997,1.1148148035983165,0.6109467455621301,1.4198155162708876,3.3762190968828945,5.6246899433179784,6.577266262483164,1.4458421158972123,0.24254242425752615,0.010685226617372704,0.49926773231963223,0.7732063609467456,1.6902938360552064,3.389005933771111,5.419016087293363,5.519277757708489,1.1984641034110473,0.23433256186144633
44606,0.3034,0.5955,0.2697,0.2697,0.4045,0.3146,dbscan,0.412,0.059101520179606966,2.5102569433657975,0.9924768518518519,0.0,0.0,0.0,42.64029995882452,5.056096271059885,1.4810821195292818,0.06911938926777568,2.1375550822236193,0.9852430555555556,0.0,0.0,0.19132322410835045,36.51345586745608,4.856422873947786,1.465552859617858,0.07558659035144084,1.8009980955677949,0.9848090277777778,0.0,0.0,1.0514710014313287,32.903184959543694,4.484148425118614,1.439943249881853
44603,0.2381,0.6095,0.2286,0.2857,0.3333,0.4667,dbscan,0.4861,0.07207538543053855,2.3683919395104107,0.9832175925925926,0.0,0.0,0.0,44.476224590359095,5.243940666163591,1.397667395684692,0.07705333398659313,2.0307502916664935,0.9801793981481481,0.0,0.0,0.30272654737147014,39.613975990329195,5.049676763741652,1.38042812612172,0.0750607385401832,1.6789718159321818,0.9782262731481481,0.0,0.0,5.137930051992286,32.808435206805285,4.661527672036813,1.3716936964283872
44607,0.338,0.3803,0.3662,0.3521,0.4225,0.4366,dictlearn,0.3287,0.08356167089071613,2.0253752450708205,0.9869791666666666,0.0,0.0,0.0,31.22033530715768,4.978223337145445,1.4718351011054593,0.08172320268312801,1.9210681020833376,0.9830729166666666,0.0,0.0,0.10955883431269574,32.4196113310426,4.805776277647796,1.4379802242952608,0.08828331087234485,1.6368712622614519,0.9809027777777778,0.0,0.0,3.9052595607111638,29.499923742883276,4.403927280383646,1.4323169237857258
44604,0.2353,0.3039,0.3529,0.4412,0.4706,0.4412,autoenc,0.4722,0.09344408343060112,2.434669371269039,0.9748263888888888,0.0,0.0,0.0,39.67345002777733,5.392508006652523,1.3471535972330375,0.07671846432964985,2.1683267326762152,0.9820601851851852,0.0,0.0,0.24686462918501223,36.40173962572858,5.17895643424494,1.3249130742289357,0.08595494100841712,1.8034924998999062,0.9738859953703703,0.0,0.0,4.50781777153266,29.51795374796994,4.661495985870436,1.3460445833038426
46788,0.4017,0.1906,0.3804,0.3713,0.3867,0.3888,kmeans,1.0,0.009555379000121472,10.16260072307119,0.1566780821917808,4.178968746542626,8.19563061733986,14.679199676448892,12.402330926105101,30.136464555304595,0.011934497476185689,0.030466297601177576,6.295907704203504,0.3036529680365297,6.748934305247832,11.047986804247484,17.421399170239823,12.675466302211364,29.880481535430278,0.009968703983509481,0.054744679658265856,3.7885177826755307,0.5306078767123288,8.022176102915251,12.2947393934747,18.64630727074625,13.898463898086343,29.616821722209792,0.015410151792050072
