dataset_id,LSE_kmeans,LSE_dbscan,LSE_agg,LSE_gmm,LSE_autoenc,LSE_dictlearn,best_method,gt_accuracy,majority_accuracy,gt_lift_over_majority,dl_mean_0,dl_mean_1,dl_mean_2,dl_mean_3,dl_mean_4,dl_mean_5,dl_mean_6,dl_mean_7,dl_mean_8,dl_mean_9,dl_var_0,dl_var_1,dl_var_2,dl_var_3,dl_var_4,dl_var_5,dl_var_6,dl_var_7,dl_var_8,dl_var_9,dl_mean_10,dl_mean_11,dl_mean_12,dl_mean_13,dl_mean_14,dl_mean_15,dl_mean_16,dl_mean_17,dl_mean_18,dl_mean_19,dl_var_10,dl_var_11,dl_var_12,dl_var_13,dl_var_14,dl_var_15,dl_var_16,dl_var_17,dl_var_18,dl_var_19
43924,0.630435,0.630435,0.608696,0.467391,0.597826,0.402174,kmeans,0.621622,0.290541,0.331081,0.6816199657630077,0.5715671802233805,0.5954220374620948,0.18521010592402595,0.4785665438537111,-0.6193405892691901,0.273547913698711,-0.5421515878049117,0.43893309435473493,0.4120062022723731,10.206209439567326,6.903762728674353,5.34705114590269,7.013267547852123,5.8646488894408195,4.595729198315953,7.25614270573892,4.789593309451504,5.369712428927166,4.807750550921301,,,,,,,,,,,,,,,,,,,,
732,0.707317,0.707317,0.707317,0.560976,0.585366,0.585366,kmeans,0.82,0.54,0.28,-0.021889670766540734,-0.01618075942400177,-0.003672936689684368,0.026920895422855796,0.04050571498567061,-0.013599508259355133,0.024782435028523335,-0.043407884261497734,,,0.6092618716014782,0.5895275304356329,0.5842697595845532,0.5766160454467814,0.5808195190559353,0.6183318623311953,0.5887832062170605,0.5534665135836704,,,,,,,,,,,,,,,,,,,,,,
1459,0.21162,0.245736,0.221748,0.260661,0.253198,0.236141,gmm,0.917808,0.138454,0.779354,-0.027826694247158383,-0.055808903988893425,0.019553638029386082,-0.07575718700743055,0.0361671329231554,-0.027273534303391796,0.021300289052891306,0.04950661248631602,0.06380099989256421,0.07935497531234038,0.06422367036165151,0.15985819642705468,0.07391246987299745,0.1635046530639689,0.04204370075106344,0.03564251083684965,0.03856383516553991,0.0803850831993277,0.13464141934661336,0.1798001921081986,0.03437351367816497,0.044804578545791285,0.06341361347347425,0.058996622458109,0.06544079594130069,0.056965790141750294,0.05399229416179315,-0.05724364752738856,0.04273335279366471,0.06485315318031129,0.05719827100148944,0.07131689433071468,0.07579961353362873,0.06538899736092467,0.10419151437531143,0.1993991855528065,0.08757685703468718,0.11034196007763991,0.06815112074971505,0.09636343520630868
1495,1.0,1.0,1.0,1.0,0.98,0.56,kmeans,1.0,0.58,0.42,0.09776056262010542,-0.12691539679185995,-0.09028541445514705,0.10591566294154625,-0.0076910909279929995,0.09352710367182375,0.13458288190247894,-0.019752101952256244,,,0.5531773607593966,0.5132776047092953,0.662968590610271,0.9758443518776587,0.4577605880447846,0.8780416396724711,0.5568802036656435,0.3552374613132859,,,,,,,,,,,,,,,,,,,,,,
4538,0.518968,0.447648,0.494689,0.465857,0.536419,0.501517,autoenc,0.667342,0.298734,0.368608,0.1798477841913818,-0.058542085322482604,-0.25033841777671123,0.011391566672071791,-0.043429667472446344,0.007370088754954515,0.19262802349756844,-0.17662402882370784,0.17241645045855192,-0.015613947230861343,1.1681678785073184,1.2448987723057043,1.422907591863964,1.5647303681071116,1.3163144716883972,1.1312324639532807,1.1463538466293253,1.0366778032516182,1.0549370054074636,1.1573970135060594,,,,,,,,,,,,,,,,,,,,
46176,0.987097,0.451613,0.535484,0.787097,0.56129,0.6,kmeans,0.724299,0.308411,0.415888,0.24774751248408813,0.37171549944667925,0.04613803436524134,0.20902980834863275,0.06441752056939117,0.08474131589352918,-0.27417644232264066,0.2323095153282767,0.03390829916791023,0.03368693933487346,2.0342430737481423,1.3579088570815327,1.0903748948382357,1.3997790713090337,2.041639597008655,2.3976699259144274,0.7258139668393521,1.4964989354980265,0.978456612343885,0.965723209370465,0.08389165055884039,0.06542086699541336,,,,,,,,,1.256983781750733,0.9079318825833848,,,,,,,,
694,0.392857,0.589286,0.410714,0.571429,0.446429,0.321429,dbscan,0.903226,0.129032,0.774194,-0.12795921749305472,-0.029959944290506416,0.053804536755913734,0.025133547561127175,-0.03299414827948278,0.09406353649086033,0.007616305471367203,0.12625854183450722,-0.07957057279277337,-0.021713458687915518,0.20509935704473892,0.018100833682675357,0.05918252957005598,0.07878231123584613,0.017178869712097082,0.18171697080515994,0.005138082006217597,0.35376788728146763,0.12227048273456026,0.02751365509452329,-0.07286532069383009,0.08355371096268577,0.05531991133351403,0.11141339916913688,-0.06604260039005369,0.08993036487922107,0.04378349713586903,-0.06581261326936917,,,0.14313446964672233,0.14328947478105827,0.07635394002499539,0.4879682482443358,0.12284458133152708,0.3657911025401164,0.030987807317839334,0.37743759597703697,,
43958,0.568009,0.682263,0.683351,0.562568,0.589771,0.564744,agg,0.885356,0.5,0.385356,0.051906222123349714,-0.1452308974596056,0.03240706235593987,0.03729784413805364,0.04416869391603431,0.026034938618185535,0.041114013742275246,0.06202393493463375,,,3.4848187900640717,3.568582987486593,2.055298940376321,1.319265480413074,1.6962144441182267,1.657866388242379,1.5041569005439575,1.3983354829318604,,,,,,,,,,,,,,,,,,,,,,
42544,0.520833,0.1875,0.5,0.541667,0.479167,0.416667,gmm,0.90566,0.169811,0.735849,-0.013039891400828419,-0.17005080289403054,0.11577326303488371,-0.1299334530217497,0.04969777745522731,0.08223954037159556,0.07436346268631952,0.062422055506906014,0.04510770025327747,-0.057133574072963635,0.08017219158167153,0.20612590686730012,0.2583829066790902,0.3622628752666783,0.06125309139427232,1.427065162112099,0.5463880286553745,0.12723745564963007,0.08976450191979855,0.1310365389942647,0.019419837586634188,0.07984633100818485,0.07340526446428741,0.08821752834724404,-0.07199101014981468,-0.11631039992345056,,,,,0.06462991503304981,0.1090204022963592,0.10685950985641933,0.23694631046607345,0.1920686863423508,0.38871727184137644,,,,
46944,0.280802,0.283668,0.275072,0.266476,0.272206,0.269341,dbscan,0.8725,0.25,0.6225,0.011938609842335303,0.0054718602832502985,0.021740374746808126,0.005141526431493901,-0.023995680518028778,-0.002534680027378813,0.01566243321876386,-0.0018406917860664623,,,0.4829712953615235,0.523525341776347,0.6233182504344839,0.5958360981897737,0.5871692124218888,0.5821367909522812,0.5256518877797444,0.543274808357859,,,,,,,,,,,,,,,,,,,,,,
45035,0.790828,0.781213,0.758867,0.756788,0.756658,0.756918,kmeans,0.66063,0.500043,0.160587,0.012874703516321022,-0.11531433698722848,0.011187694117276381,0.011187305786379614,-0.21591640650571675,0.01638098465548367,0.1229894985682015,0.023227739876419323,,,0.965684174756075,2.1327957837942124,0.972015656641379,0.9719501662286812,1.405922817021984,0.9616501146680593,0.6290866507032938,0.9381543887281062,,,,,,,,,,,,,,,,,,,,,,
39,0.779661,0.813559,1.0,0.813559,0.762712,0.762712,agg,0.867647,0.426471,0.441176,0.023191209098415225,0.06556618156963942,0.06082129808461485,0.020683668912062487,-0.1323421414498935,0.004559471688936028,0.025947562173057125,0.08780890484514596,0.1245436714057395,0.043173759202792386,0.1366830350333925,0.08789686765912887,0.9876944902862518,0.06039125826292891,0.5695996058906889,0.044611832401476155,0.0381875002571274,0.08938971179356278,0.17252912344404245,0.05829922294987074,-0.018192113086762784,-0.07629913999940258,0.055536211993443156,-0.07586828784158228,-0.024058004467387095,-0.019056408045572498,,,,,0.05127885812217362,0.07970263876077555,0.10301084831312413,0.11517562518557585,0.0711834497307288,0.04953008320771362,,,,
44033,0.645491,0.593057,0.560213,0.581245,0.55762,0.612648,kmeans,0.902144,0.500065,0.402079,-0.12857211127679727,0.24415339860228227,0.2524048540604653,-0.23890638114716428,-0.24119511878660224,0.24146848571522017,-0.2387395778379713,0.08302917571246264,,,0.5387843788393863,0.36715725108474057,0.40200269239816716,0.35582048272311056,0.3516002047551752,0.35910462460192194,0.3401261592533815,0.7083518460958856,,,,,,,,,,,,,,,,,,,,,,
1527,0.263566,0.934884,0.330233,0.269767,0.283721,0.376744,dbscan,0.990783,0.907834,0.082949,0.06484588764348044,-0.009188831880855727,-0.031840487718534274,-0.01166099842772511,0.03811783997540317,0.04172860789551657,0.03342370828597387,-0.008482025946738194,0.042346071492235855,0.043728011123223026,0.10147201825096999,0.029056087094231017,0.05184863008066277,0.027219459397391822,0.05039617857140804,0.06522043118301064,0.0523737194931906,0.026202438223150052,0.06493863061299397,0.06387000878456255,,,,,,,,,,,,,,,,,,,,
44367,0.672897,0.623053,0.660436,0.660436,0.663551,0.626168,kmeans,0.8025,0.5,0.3025,-0.21671986156646528,0.2603897310579206,-0.19402453766385488,-0.07721603059446086,-0.10117217588076916,0.08105176254271462,0.0594642254026664,0.06230278347311549,,,0.7178360408706743,0.5319941801998488,0.6262692578309959,0.1871052800908815,0.2508776076343585,0.46968360894393013,0.22423485878095598,0.24441304436824993,,,,,,,,,,,,,,,,,,,,,,
26,0.30129,0.481047,0.305979,0.277061,0.265338,0.228214,dbscan,0.987269,0.333333,0.653935,-0.010664311762193932,0.0008054448021705525,0.00026711145835221604,0.0020022206978504648,0.0012685072694323513,-0.00068613323790443,-0.0018229422416600554,-0.005259587276246189,0.006861465779297827,-0.0023724522905813348,0.32028184880894134,0.325237515444513,0.329535655175534,0.3317122758645632,0.35745154003211926,0.30079903265721386,0.30317834092896045,0.3252798172917173,0.3293483364710463,0.34028669459023286,,,,,,,,,,,,,,,,,,,,
44505,0.573718,0.596154,0.50641,0.538462,0.442308,0.387821,dbscan,0.802057,0.347044,0.455013,0.4692533879344404,-0.1459987711964292,0.11205475984456757,0.22638095151157522,0.1267712020319063,-0.18448290098934178,-0.14074860114530874,0.001967889459578715,0.21269911358593488,0.03820090697024646,3.093765776585534,0.6456046260928354,0.9104291451617481,0.8895184509541805,0.5908707641175504,0.3567291038268619,0.30852522176438574,0.27556398239225255,0.43644473210232665,0.48291173481651384,0.1679004300952635,0.24967331483038974,0.08196775098885531,-0.3340613537986157,,,,,,,0.39934867285100584,0.6171220297439269,0.6879183458721135,1.5735615468483428,,,,,,
44677,0.590426,0.617021,0.531915,0.585106,0.534574,0.577128,dbscan,0.94,0.5575,0.3825,0.4584459376613512,0.5518979165731469,0.3280914630064368,0.17854927860719674,0.2591924753367429,0.0012225598580600763,-0.2509293476499296,-0.3658510886040806,,,3.2333106408905876,4.893393672070349,1.1934496567627915,1.2677517537681766,1.8766262022481852,2.6596736446409,1.6525309972595426,1.2209274423669332,,,,,,,,,,,,,,,,,,,,,,
46543,0.649055,0.704589,0.649055,0.652526,0.649055,0.702275,dbscan,0.775651,0.50015,0.275501,0.12421886585580276,-0.01815690883689811,-0.08377024342791704,-0.1023290828057979,0.08181125112363508,0.11684042339868818,0.032165763554031286,0.02057739725870318,,,2.6935131851339325,0.2587373908067324,0.1294013247643232,0.36978912451931123,0.5502832555274494,0.17649504642189978,0.975528899857214,0.9671583095791078,,,,,,,,,,,,,,,,,,,,,,
45028,0.60563,0.566822,0.575294,0.641159,0.614922,0.562449,gmm,0.8866,0.500121,0.386479,0.053016618341954806,-0.05606955526356839,0.12170385100745662,-0.09432697078350301,-0.07904904602519595,0.013498945571649537,0.03526190450240715,0.014269597894066037,,,0.9067134058377713,0.3126873664041279,0.4056766502016436,0.223198937652014,0.17096873770897741,0.9763774866655587,0.23244400665492582,0.18583404325792238,,,,,,,,,,,,,,,,,,,,,,
734,0.768947,0.651372,0.794347,0.650143,0.732487,0.648914,agg,0.887636,0.576,0.311636,0.5523450130759596,0.01706858790304962,0.1322924530174006,0.02039806145559755,-0.0031135899552423383,0.21218005947197977,0.10732062188909433,0.1354620992693582,,,8.106283414799735,1.8694874665487993,0.8069776062425988,0.829354922383426,1.0039782068047491,1.940615550195922,0.7161846895652323,0.7630704857368787,,,,,,,,,,,,,,,,,,,,,,
44619,0.355224,0.692537,0.358209,0.280597,0.280597,0.435821,dbscan,0.968208,0.699422,0.268786,0.00427988059743714,0.03692621625068892,-0.018759242914201304,0.01633250394172381,0.016301995767421484,-0.03777465138505115,-0.004346151220175693,0.01695318249575294,,,0.32286275864962877,0.33645806515676363,0.322295870512451,0.31963826895377373,0.31286098626861053,0.31952324523596876,0.3008691463220055,0.31157179400826024,,,,,,,,,,,,,,,,,,,,,,
46842,0.577143,0.674286,0.571429,0.674286,0.674286,0.468571,dbscan,0.862069,0.399015,0.463054,0.18454617115156857,-0.011159909239344023,0.09156152564106163,0.1071226231553128,0.05564639447864424,0.07560772365891491,0.12243917146418049,0.07987705159638872,,,0.3710600294207455,0.20053186917884253,0.20298570358172954,0.2090205334180226,0.08343243343869612,0.08703904993599106,0.22367700456884027,0.2534673017693597,,,,,,,,,,,,,,,,,,,,,,
46952,0.591623,0.685864,0.691099,0.612565,0.570681,0.670157,agg,0.905213,0.663507,0.241706,-0.21986796497737413,0.41855891038743287,0.26259107102524987,0.03453154448292951,0.2658191085317743,0.09476814014000286,-0.13398762798034983,-0.19706183726735851,,,2.9511943993652365,3.8474569345837955,3.238844908161753,1.8970764122031896,2.397442852668442,2.2251581992434692,1.4518293212392352,1.7722308621906064,,,,,,,,,,,,,,,,,,,,,,
784,0.636364,0.909091,0.636364,0.636364,0.727273,0.772727,dbscan,0.785714,0.5,0.285714,0.2911309285735637,-0.24099546734420138,0.26480924374563247,0.23384588391709424,0.23979971095956487,0.23008767056969312,0.18848900353678374,0.17449147412511493,,,0.8860526978039492,0.45210308496260965,0.4220715095746784,0.3542776681374259,0.43846167497918953,0.5006054055049697,0.5330503656713611,0.6519930441958639,,,,,,,,,,,,,,,,,,,,,,
44671,0.635556,0.524444,0.573333,0.693333,0.76,0.622222,autoenc,0.5625,0.3,0.2625,0.19053620542313637,-0.2413166012189519,0.0058434804138090615,-0.25868066007368584,-0.16087359264844675,0.03830340117112167,-0.01635280241092576,0.16573527478806122,0.026123353367136223,-0.10485129776717096,3.303896214632877,1.2145158440866186,1.8272355904455997,1.3214876647132372,1.1328930247135378,1.3895903485346144,1.0414416327909521,0.8491132405546175,0.894390701053554,1.0075373106641528,,,,,,,,,,,,,,,,,,,,
46554,0.79001,0.889554,0.783182,0.79001,0.55666,0.837805,dbscan,0.927556,0.777778,0.149778,0.21817618629923913,-0.016576709584663972,0.01114484771300419,0.013788744360624607,0.08578070662959612,0.04930711773365551,0.20138667058088056,0.05557821246839323,,,1.115959354041139,1.2961020756072674,1.5786427454439271,1.468489705786734,0.37230484685922827,0.8998870325498949,0.5785979282026138,1.1152462724633094,,,,,,,,,,,,,,,,,,,,,,
46963,0.838298,0.578723,0.846809,0.570213,0.842553,0.565957,agg,0.867159,0.516605,0.350554,-0.07218269816784685,-0.032057158587332414,0.2554978667281455,0.3546173001321926,-0.033058418123939344,-0.004868334726250657,0.2540255062423925,-0.27140057752652696,,,0.9586764344137573,0.8349211336414355,0.9139110174354693,0.9631532508348044,0.7120996241403712,0.589999271378827,0.5007279441381004,0.5374036518716894,,,,,,,,,,,,,,,,,,,,,,
44663,0.416309,0.76824,0.381974,0.60515,0.463519,0.532189,dbscan,0.5825,0.4175,0.165,0.20701249614266723,-0.3603950532264591,0.12579508316449392,0.10447668660461415,0.06925337572157039,-0.2327117534229526,0.39644862474859927,0.18058599422428956,0.2756846934582281,-0.22559290964509995,3.0584232681272154,4.247167741699284,1.5307532430638935,1.4362665852953602,2.597648022677485,2.7015323930679696,1.358496058178668,1.406168626867446,3.9876015455788156,1.2715284612588895,0.1610936094871592,0.13055391578930822,,,,,,,,,2.2649388793906082,0.9240966133628702,,,,,,,,
1,0.616667,0.805556,0.683333,0.516667,0.55,0.577778,dbscan,1.0,0.761111,0.238889,0.45790357906073564,0.5463097244367491,0.16428152111884178,-0.41555275383430695,0.13185726745336665,-0.22006642057694137,0.18117577429545906,0.5307942814463631,0.24306677103100877,0.052202438307279206,3.3515364276158897,4.4089126314084846,3.4607972675850043,3.184373668418554,1.9423224304636484,1.8997825595187465,2.7972446039075316,4.673076851887947,2.4695460039714274,1.9538928032665341,,,,,,,,,,,,,,,,,,,,
44259,0.5,0.661111,0.5,0.711111,0.505556,0.5,gmm,1.0,0.538889,0.461111,0.40578409424926903,-0.49635631041276207,0.19671147306602463,-0.38888807985341123,0.2395478201578081,-0.027471288576781862,0.3587760472352783,0.11744397567063508,,,3.0139332904064116,4.660266869983542,3.2600808491863935,2.669009135123394,2.6930545141497597,1.9387174483744927,2.123203568270394,2.41055828445485,,,,,,,,,,,,,,,,,,,,,,
44158,0.655257,0.629584,0.650367,0.652812,0.627139,0.704156,dictlearn,0.812314,0.500497,0.311817,0.35711832576966945,0.004924011582369762,-0.0032881967102741574,0.400939723775802,0.40310290100218216,0.38012217420011357,0.07267178078025908,0.284091420733957,,,6.915662511353304,2.313195154814423,1.58303062052227,2.137984345557413,2.3954637134255985,1.885256697537827,1.97702114934297,1.9624050580737635,,,,,,,,,,,,,,,,,,,,,,
45547,0.703387,0.814956,0.7059,0.806614,0.81757,0.772741,autoenc,0.710643,0.500286,0.210357,0.27153858875446213,0.3009215290656738,0.4036354884719393,-0.18049212655777933,-0.25598165356821445,-0.33776897967376035,-0.28275349277435435,-0.13353637583027528,,,1.3177900442660082,1.132877219027614,0.6757592962687626,0.5176561233838609,0.8169718213742718,1.2095763463867755,0.5225266629489098,0.4235241702044638,,,,,,,,,,,,,,,,,,,,,,
44395,0.830409,0.845029,0.830409,0.830409,0.830409,0.748538,dbscan,0.855,0.5,0.355,0.8343869304709627,0.32926490813877224,0.28839578666144783,0.1881948965950417,-0.09138586071424788,0.12245511611425551,-0.25259856287608873,0.16730157112929916,,,3.1814260740539875,0.8909693204424102,0.5229930659703091,0.34513680307628797,0.6005809345462336,0.8736551002673422,0.5217818121192276,0.46061008719713087,,,,,,,,,,,,,,,,,,,,,,
816,0.60369,0.60738,0.681919,0.802952,0.659779,0.612546,gmm,0.826724,0.502135,0.324588,-0.0014911816603011261,0.0019507301199999801,0.004489364551083834,-0.004143867093012345,-0.002498404049415435,0.001186039949115038,0.005279536205056192,-0.005360113351292652,,,0.14745738818999918,0.14499316898260461,0.1505541823763319,0.14129236784292076,0.14382975827401173,0.14211498410694384,0.14432548060129455,0.14208474974805763,,,,,,,,,,,,,,,,,,,,,,
721,0.885714,0.6,0.771429,0.885714,0.657143,0.571429,kmeans,0.875,0.525,0.35,0.007353986523634957,-0.010383406438998058,0.014817159741841477,0.035369393555850004,0.005749444196869456,0.009935484639260696,-0.02466217412603431,-0.013500220936712933,,,0.2120376050413147,0.21898877926315302,0.2143941520470404,0.21210974450041734,0.17931462351358363,0.19748073324329335,0.29302765300962635,0.1565039517806421,,,,,,,,,,,,,,,,,,,,,,
335,0.5,0.981818,0.581818,0.5,0.718182,0.436364,dbscan,0.990991,0.522523,0.468468,0.009054860796076068,0.006187025440641749,-0.021703232201380443,0.012603822326477223,0.012876170738919982,0.01184667613735206,-0.009005597623143438,-0.009427747180982183,,,0.4374482231213641,0.42495079857605483,0.3474232111612798,0.4082588404960056,0.4010009660350966,0.3949445153497231,0.38137489267043445,0.3344930043986806,,,,,,,,,,,,,,,,,,,,,,
896,0.702381,0.702381,0.642857,0.833333,0.702381,0.642857,gmm,0.84,0.56,0.28,0.03328953195685311,0.025519005243740053,-0.003310841198725456,0.01624287633716124,0.013572283612286849,-0.021073516024875175,0.013875291222443721,0.01170967082872488,,,0.5678819108074071,0.3055481376064665,0.32788102951279535,0.3602857858238175,0.397023070364451,0.42921819255000315,0.40399906694139814,0.35776691607846667,,,,,,,,,,,,,,,,,,,,,,
46584,0.72973,0.608108,0.513514,0.689189,0.756757,0.743243,autoenc,0.552239,0.313433,0.238806,0.11949661210566691,-0.035399937407053945,0.05198274119092419,0.1814777775176119,-0.10648558478824839,0.10588217777890307,0.1648925208970647,0.04285335082946809,,,1.8118369133349097,1.1173645586689391,1.2248603345947446,1.0283748254740128,1.0699793978507763,1.288689239362607,1.312417128275845,0.9751335386534781,,,,,,,,,,,,,,,,,,,,,,
45022,0.954142,1.058353,0.988504,0.98738,0.948144,0.926653,dbscan,0.562878,0.5,0.062878,-0.00043533574608027527,0.12511260208603633,-0.12949502837512022,-0.05515796017408893,0.08456649802537095,-0.10492157634419468,0.08721840631869557,0.12802325180994542,,,0.18589409032217202,0.5646290749210706,0.3456706025369969,0.09903523152356077,0.21093021322486535,0.13866792288831173,0.7352400662418758,0.14390716352939742,,,,,,,,,,,,,,,,,,,,,,
45026,0.700486,0.700486,0.700486,0.700486,0.700486,0.703266,dictlearn,0.7195,0.5,0.2195,0.6036921586461671,0.144051241570073,0.03989616858487491,0.02706506065944271,-0.15600370735295863,0.18057845226416047,-0.11368016853387547,0.13449423857072532,,,6.997606473683832,0.622671405990936,0.4973327200765516,0.5188027609641267,0.446038988491018,0.2624479714440974,0.24094763736709118,0.39945342460636807,,,,,,,,,,,,,,,,,,,,,,
32,0.687299,0.326914,0.699679,0.821641,0.684548,0.574966,gmm,0.991814,0.104138,0.887676,-0.16173678027884855,-0.14422500121428697,0.11466378202547843,0.20973502487811999,0.06161191380022693,-0.0424358119426064,0.03152082485977164,0.05450115929474445,0.12304502380601189,0.15303639135291264,0.27993958853050127,0.27035174058201555,0.3137957524926073,0.3645702811245682,0.23506505027070826,0.1401822537973966,0.11541541952139336,0.19605111955415785,0.24569521386151694,0.5096880142290977,0.0562937278067477,-0.18357593838643985,-0.0065909105288460435,0.07523953545959618,0.09089476948987543,0.05269820259681457,0.1612464243202319,-0.1391218735808926,0.08840066340893324,0.08894340274749653,0.12100692841708986,0.3435460712028565,0.2225803264306427,0.1364061885327369,0.20145361914267274,0.1393749188105104,0.6075741090546909,0.47957603228665135,0.2071319858995306,0.19809483745613235
