dataset_id,LSE_kmeans,LSE_dbscan,LSE_agg,LSE_gmm,LSE_autoenc,LSE_dictlearn,best_method,gt_accuracy,n_instances,n_features,n_classes,skewness_mean,kurtosis_mean,mean_abs_pearson,hopkins,intrinsic_dim_ratio,pca_var_pc1,pca_top3_var,pca_entropy,pairwise_dist_mean,pairwise_dist_cv,pairwise_dist_p90,knn5_dist_mean,knn5_dist_cv,knn5_dist_p90,feature_sparsity,high_corr_frac,corr_dispersion,md1,md2,md3,md4,md5,md6,md7,md8,md9,md10,md11,md12,md13,md14,md15,md16,md17,md18,md19
44507,0.5064,0.3024,0.4789,0.5294,0.3293,0.425,gmm,0.788,1552.0,27.0,7.0,1.2817170952124124,5.334154380780415,0.273874073110077,0.9999999999995646,0.4444444444444444,0.3505404027985766,0.576579549956487,0.6808733611826105,6.982604074583715,0.3386220427527113,10.01554214023568,2.0668845120061468,0.4864613470230197,3.196203310439054,0.004033027873234,0.0569800569800569,0.2477003552002395,0.3213933387226487,0.0125120975695084,0.1118574877668386,0.9006155142043675,2.206256091833437,0.0128109899167148,0.0877742660205919,0.368278363809182,0.3312927476121159,0.1359482076744634,0.0441633930885959,0.0116801930247861,0.0053847866690595,0.002150258895159,0.0005167932893311,0.7385549396132858,0.2137015028548259,0.0352690648534035,0.0124744926784847
44227,0.6623,0.7086,0.6589,0.6623,0.6689,0.7285,dictlearn,0.755,1600.0,28.0,2.0,4.101762262912933,48.92171508938827,0.088471993709345,0.9999999999999996,0.7142857142857143,0.1259748285605292,0.3103995918613724,0.8942214732838777,6.966431598055489,0.3536565533121968,8.999304462181593,2.339046469913595,0.7895480907766634,4.208272759538627,0.0027232142857142,0.0079365079365079,0.1333299054196383,0.159147195904503,0.0032396132044596,0.0569176001291308,4.629206690465868,49.75033194465287,0.0700898999374609,0.8091072545340838,0.1046896497811132,0.0089970293933708,0.0045090681676047,0.000228267667292,0.0011303939962476,3.1269543464665416e-06,7.582864290181363e-05,0.0011694809255784,0.8523647592245153,0.1194887429643527,0.0149398061288305,0.0132066916823014
44624,0.6813,0.1062,0.6684,0.6269,0.6865,0.5881,autoenc,0.965,1600.0,100.0,10.0,0.3480441835461302,0.5588897020221966,0.253561547065102,1.0,0.26,0.2296561580170258,0.5058215918477249,0.5975471073810624,13.80477171680765,0.2183228212034366,17.467980096791173,5.469293185745762,0.2189852213822498,7.012469368994403,0.0085125,0.0175757575757575,0.1944485948925561,0.5218244834369304,0.0130341013916196,0.114166989062599,-0.3609892335376439,0.2785818082410434,2.188868042526579e-05,0.0061702626641651,0.0363359912445278,0.0940564415259537,0.2570387742338962,0.3599882739212007,0.19932301438399,0.043368511569731,0.0035717636022514,0.0001250781738586,0.7003525641025641,0.2457997185741088,0.0502431207004377,0.0036045966228893
41168,0.7388,0.4932,,0.5904,0.6531,0.5662,kmeans,0.5069,66986.0,54.0,4.0,1.5005166024405394,21.178141662289217,0.0536889976188929,1.0,0.7222222222222222,0.1401989342973812,0.2762017550647455,0.8895793852959228,10.064293589855188,0.2778659026724374,11.945283217415502,5.7576107697735655,0.1303766399414007,6.597123501795531,0.009603720401499,0.0125786163522012,0.1473045978772835,0.0917702433237495,0.0011000378058885,0.0331668178438719,5.035951862292128,61.29078765708735,0.701571274254851,0.2882873374674935,0.0062595719143828,0.0030486097219443,0.0004304060812162,5.201040208041608e-06,0.0001857171434286,0.0002117223444688,0.0,1.6003200640128025e-07,0.8433325865173035,0.1327699939987997,0.0122332466493298,0.0116641728345669
1465,0.7801,0.4255,0.8652,0.617,0.6738,0.227,agg,0.3917,84.0,9.0,6.0,0.0713180196937007,1.1926495002949276,0.1252650654757065,0.5175210349333809,1.0,0.2101394500683724,0.5119075839087233,0.9581932260533744,4.168912285771635,0.2194571742196149,5.310232822877513,2.763172175098956,0.1641610919288017,3.392223963641651,0.0066137566137566,0.0,0.0908739226630096,0.5781094301787464,0.0160960634411163,0.126870262241064,-0.1759586819077521,0.2187200454555822,0.0002868617326448,0.0034423407917383,0.016924842226047,0.0553643144004589,0.1881812966150315,0.3009179575444635,0.270223752151463,0.1267928858290304,0.0341365461847389,0.0037292025243832,0.6924842226047045,0.2544463568559954,0.0490533562822719,0.0040160642570281
830,0.9798,0.5294,0.9467,0.9632,0.9301,0.4026,kmeans,0.9444,200.0,10.0,2.0,0.1167000921148421,1.0654850050570115,0.1103217038817593,0.9433406002865036,0.8,0.2429095630556087,0.5114017305656319,0.9059019547000416,4.370264310563409,0.228966923313706,5.678039333498873,2.5446003477178585,0.1082043567941355,2.916073097382584,0.006,0.0222222222222222,0.1790258705444203,0.4815666819605822,0.0187552686586311,0.1369498764462064,0.15774685045991,-0.0851583438744958,0.0006030150753768,0.0143718592964824,0.0760804020100502,0.1926130653266331,0.28,0.2435175879396985,0.1318090452261306,0.0481407035175879,0.0111055276381909,0.0017587939698492,0.6791457286432161,0.2764321608040201,0.0420603015075376,0.0023618090452261
44744,0.5119,0.5437,0.5418,0.6762,0.5787,0.503,gmm,1.0,1600.0,9.0,5.0,6.849333810651775,242.37138474684312,0.1960405119506823,0.9999510065778332,0.6666666666666666,0.3527771172562642,0.672988906930772,0.7642009119536783,3.3118115073747703,0.8941855833797919,6.16636383237798,0.5223136350521626,2.933041133863226,0.7363450467222721,0.083125,0.0833333333333333,0.2734818615805797,0.0633889688965919,0.0028746672812559,0.0536159237657612,5.584188015137228,56.63935238425502,0.8480300187617261,0.1420223577235772,0.0038782051282051,0.0023170731707317,0.0010232958098811,0.0002274859287054,0.0011882426516572,0.0013094121325828,1.5634771732332708e-06,2.345215759849906e-06,0.8766205440900563,0.1106394621638524,0.0036038148843026,0.0091361788617886
44701,0.6012,0.1208,0.6012,0.4985,0.4834,0.5287,kmeans,0.8275,1600.0,100.0,10.0,3.6621941911954834,77.89869185138049,0.2169784119603172,1.0,0.61,0.2513674635318295,0.446644784482659,0.7188655302482361,13.376514264980182,0.3393244100921682,17.93496355312817,6.172666528089442,0.5124320571460562,9.11882571264,0.00354375,0.0068686868686868,0.1955808672994093,0.1936546158845525,0.0053112607780742,0.0728783971974842,2.209130615003503,12.064163032345844,0.0535178236397748,0.5209576297686054,0.3781277360850532,0.0331050656660412,0.0070004690431519,0.0019426203877423,0.0040712945590994,0.0011546278924327,0.0001180425265791,4.690431519699812e-06,0.7827321763602252,0.1896114759224515,0.0146560350218886,0.0130003126954346
46553,0.9536,0.5887,,0.9536,0.6116,0.5767,kmeans,0.8685,36000.0,27.0,2.0,3.468241026372896,110.44708096600776,0.062264476199514,1.0,0.6666666666666666,0.1093084892926447,0.2753812696106908,0.8891537303553991,7.0823202331463735,0.2755756546573625,8.58632295112042,1.639599371220365,0.5118258465365179,2.4833548244452963,0.0061244855967078,0.017094017094017,0.1366945940512449,0.2170537833495729,0.0038553600692541,0.0620915458758613,3.489639105817496,21.412019974658826,0.0046294858971794,0.3793205041008202,0.5660682536507301,0.0367634326865373,0.0032152830566113,0.0004952990598119,0.009028525705141,0.0004698539707941,6.561312262452491e-06,2.8005601120224045e-06,0.8588468893778756,0.1098967793558711,0.0182140428085617,0.0130422884576915
694,0.4022,0.5413,0.4152,0.6152,0.4304,0.3725,gmm,0.9127,248.0,8.0,9.0,0.2706492599605751,0.9171433460202616,0.7102259787287476,0.9999999950521948,0.375,0.8094243343322923,0.9925035876585973,0.3068555480321213,3.519944590459635,0.5446018341761067,5.880173501017445,0.4707089933058879,0.3877456780729438,0.7049768054574934,0.0015120967741935,0.6071428571428571,0.3506993757894606,0.3493479231308188,0.0376242744712676,0.1939697772109553,0.5495859227471098,-0.0087246837260357,0.0811675590962518,0.1801292934569675,0.2042575421183231,0.1315136476426799,0.1884223586260937,0.1305994514823037,0.0371555439467154,0.0132884941883244,0.0278829828914718,0.0055831265508684,0.6811740890688259,0.2782421313830482,0.0369596447694919,0.0036241347786339
44232,0.7242,0.8083,0.8107,1.0142,0.7851,,gmm,0.6186,2666.0,3404.0,2.0,,,,,0.7429494712103408,0.0014507540535037,0.0037509432234108,0.9985206152898908,74.00412669477595,0.0024769918281013,74.22358265073004,73.17960475487969,0.0008211593800654,73.26780840800535,0.1959728328086722,1.381237886112102e-06,0.0036897051594871,0.4330367415248668,0.0068774479655851,0.082930380232971,-0.6757520293731282,3.746743327062669,0.0082182834639241,0.0099114834993926,0.0094121091248421,0.2945264458703794,0.4968932664685871,0.1593085888732971,0.0201545695992478,0.0015020640713649,7.00925700468269e-05,3.096458917731309e-06,0.7650032583192703,0.1922470298625313,0.0228138648170485,0.0199358470011499
42544,0.5474,0.1471,0.4493,0.5392,0.4657,0.4493,kmeans,0.85,212.0,10.0,8.0,3.086680154217789,25.61111819863712,0.2890523369408886,0.9999999956381872,0.7,0.363838147387454,0.760350345860669,0.760033457513914,3.885126668842432,0.575578942685009,5.915225658883276,1.5506023958654742,0.8297118214431062,2.273525931681078,0.005188679245283,0.0222222222222222,0.2470490549201933,0.171518292884604,0.0105187432767355,0.1025609247069055,3.1891481618321915,17.47851758095723,0.1965930430117142,0.51707949566306,0.2274881516587677,0.0336671733881784,0.0119377626754895,0.003800411338639,0.0,0.0012519002056693,0.0071984261825985,0.000983635875883,0.8439148707860145,0.1284091925243673,0.0117589197889653,0.0159170169006527
46745,0.5008,0.4348,,0.5603,0.6688,0.3778,autoenc,1.0,24000.0,15.0,6.0,0.6139090624601463,0.9272122687719778,0.2689728527571628,1.0,0.4666666666666667,0.3079370166829812,0.6740948033001366,0.7063488347253063,5.199167038904738,0.3292267786865775,7.089931536002298,0.0246596374490907,0.3082243005251736,0.0338074568421616,0.0116277777777777,0.0380952380952381,0.2390639287811753,0.5718755444172369,0.0354118567171963,0.1881803834548019,-1.0925673482332627,2.197498110161513,0.0554634926985397,0.0,0.0,0.0468588117623524,0.1909257851570314,0.2554183636727345,0.2392332866573314,0.1400642528505701,0.0433383476695339,0.0286976595319063,0.7869085017003401,0.1518430086017203,0.0456983396679335,0.015550150030006
1044,0.5557,0.488,0.5748,0.5984,0.5517,0.4895,gmm,0.692,8748.0,30.0,3.0,2.675907921304399,19.42929669603898,0.0993843462796976,1.0,0.6333333333333333,0.1334385738611464,0.3193314590536519,0.8588192683042336,7.310235622855199,0.3608621719455471,10.491304993015811,2.88211663371626,0.4408332614608569,4.394740054184002,0.0043819539704313,0.0091954022988505,0.1531440007199585,0.2469296022340863,0.0082345959468053,0.090744674481786,1.7461857295000185,5.125863378264809,0.0106581316263252,0.2848519303860772,0.5236848969793959,0.1169165033006601,0.040433926785357,0.0146669333866773,0.0063560712142428,0.0020499299859971,0.0003749549909981,6.721344268853771e-06,0.7889853970794158,0.159703300660132,0.0320128025605121,0.0192984996999399
46560,0.6021,0.4564,,0.4891,0.458,0.4568,kmeans,0.7298,40000.0,27.0,3.0,1.901320379049852,17.553655657056012,0.0270966552212113,1.0,0.925925925925926,0.0904199942649414,0.186086654443954,0.9857643645500748,7.008120109432428,0.2312891742081262,8.526339810847649,3.338466502712202,0.1687850981931214,3.9441709997399834,0.0033379629629629,0.0,0.0597644972694383,0.2677152704025695,0.0063558491054907,0.0797235793569926,2.00446742295878,5.504451399921356,0.0002702140428085,0.1237444288857771,0.6775041408281657,0.1280350470094018,0.0409075415083016,0.0227989597919583,0.005862052410482,0.0008446489297859,3.128625725145029e-05,1.6803360672134429e-06,0.8227931186237247,0.1182075615123024,0.0317576315263052,0.0272416883376675
46331,0.3503,0.2217,0.2893,0.3341,0.2567,0.2366,kmeans,0.8593,164.0,75.0,6.0,,,,1.0,0.44,0.1612514621371411,0.3154981732755835,0.7717472211302961,11.663273778160535,0.2825982166370306,15.892831069265352,7.281920616125388,0.3981155042891298,10.84851979248761,0.0273983739837398,0.009009009009009,0.1578569286154959,0.4916705412608735,0.0195921716218228,0.1399720387142476,0.3506768167529208,0.6687399420709208,0.0037408349543618,0.0127936555439174,0.0464611701331737,0.1791859943139308,0.3316624270537184,0.231482866975909,0.1167888672751758,0.0432440520724225,0.0317970971120754,0.0028430345653149,0.7266197815352387,0.2081400568606913,0.060825976357923,0.0044141852461469
40994,1.3333,1.0,0.9798,1.0303,0.9192,0.9899,kmeans,0.5,432.0,18.0,2.0,0.0248831094770477,1.202034471788146,0.019648467064193,0.5827759118728629,0.9444444444444444,0.0641578640822877,0.189808038449861,0.9982438048144248,5.949434245201875,0.139393467718765,7.006326675038928,4.075116489772817,0.0694353317805756,4.440904162197,0.0060442386831275,0.0,0.0142986620964881,0.4964763545242192,0.0121659745455924,0.1102994766333571,-0.0691904092555489,-0.0231168643386343,0.0001826072011686,0.0042536736272235,0.0350713242244564,0.1516069433702844,0.3157923004210707,0.3183058348371573,0.1444422961244306,0.0282289249806651,0.002073128813268,4.296640027498496e-05,0.6818230643636676,0.2725358769442296,0.0432671650769098,0.0023738936151929
60,0.5913,0.5913,0.6209,0.6019,0.5997,0.4156,agg,0.8554,4000.0,40.0,3.0,0.0901293464372585,0.2300818294585604,0.0899591130649418,0.9999999999988094,0.85,0.1992812134829482,0.3086756567359197,0.8981579428620557,8.801264602490058,0.1508177792316716,10.59015017946695,5.692756630903343,0.0721152622184099,6.223364881494827,0.00758125,0.0,0.1732314532770441,0.4358196129333068,0.0130933483800774,0.1144261699965417,0.3273396573593484,-0.0762554721783153,0.0001041510377594,0.0087584396099024,0.1024618654663666,0.2923168292073018,0.318871967991998,0.1905183795948987,0.0706712928232058,0.0148902225556389,0.0013748437109277,3.2008002000500123e-05,0.6769143535883971,0.2803697174293573,0.0400762690672668,0.0026396599149787
44463,0.6489,0.6426,0.7022,0.6144,0.6771,0.6865,agg,0.7975,1600.0,104.0,2.0,,,,1.0,0.5288461538461539,0.0903157130517826,0.2139793001345688,0.8364620342899831,12.908183264440408,0.4292894144643335,18.0160462649155,6.634847237824929,0.619460486169785,9.742199422635805,0.050030048076923,0.0082150858849887,0.122126273972562,0.1883037055694756,0.007280229942603,0.0853242635046038,2.484177707100728,10.009980482366462,0.0711382113821138,0.6184529393370857,0.2322435897435897,0.051109287054409,0.0126876172607879,0.0078572545340838,0.0039446529080675,0.0024757661038148,7.973733583489681e-05,1.0944340212632896e-05,0.822932301438399,0.128660100062539,0.0259232332707942,0.0224843652282676
1559,1.0667,0.6667,0.9667,1.6778,1.7,0.4333,autoenc,0.375,84.0,9.0,4.0,0.0531870363798571,1.1969216104590956,0.1368334199813992,0.460309268070374,1.0,0.2252451814837663,0.5122051206204279,0.955367795170612,4.174176707128767,0.213352434597487,5.281989771051984,2.7695621754066013,0.1294112689972835,3.2800331291051736,0.0039682539682539,0.0,0.086449637988482,0.4939289566178951,0.0217695933814059,0.1475452248681939,-0.1988181241882571,0.0934119403320199,0.008318990246701,0.0220883534136546,0.0631095811818703,0.1623637406769937,0.2507171543316122,0.2527251864601262,0.1686746987951807,0.0579460699942627,0.0117613310384394,0.0022948938611589,0.6855995410212278,0.2670682730923694,0.0427423981640849,0.0045897877223178
46840,0.4269,0.223,0.4545,0.4111,0.3691,0.3788,agg,0.927,1688.0,31.0,7.0,4.553368783631965,81.52558956657865,0.0982920874622492,0.9999999999999796,0.6451612903225806,0.1363752325375525,0.3037828122801425,0.8570132773536101,7.092648678077204,0.3964010545602854,10.512418642569754,2.1333087159506725,1.0534837862637572,4.562055273482034,0.0012039443510166,0.0172043010752688,0.1466986646907911,0.153071726711448,0.0045263414726218,0.0672780905839472,2.474780157035068,19.12271037739851,0.1722392030498065,0.6358534879212938,0.1684922617057678,0.0146850602741342,0.0074903710279612,5.4781897813499946e-05,0.0,0.0,0.0009727298522012,0.0002121042710214,0.7812832729796014,0.1854121424778835,0.0193899824978859,0.0139146020446289
1519,0.3922,0.3922,0.3922,0.3922,0.3922,0.3922,kmeans,0.85,93.0,90.0,3.0,3.199802831510272,22.97854237082921,0.1769049253973555,1.0,0.2111111111111111,0.1549218078971576,0.3870676439287732,0.6282099673551497,10.169055242562104,0.8715328155769494,23.059524049166576,5.866484662524659,1.250623224677334,18.357047452445865,0.0352449223416965,0.0162297128589263,0.1992051594833287,0.2394035314936178,0.0460180903334236,0.2145182750569836,0.9456952469855616,-0.0785264976580046,0.3695652173913043,0.1982234689107059,0.091164095371669,0.1054230949041608,0.0881252921926133,0.0698924731182795,0.0413744740532959,0.0275829827021972,0.0065451145395044,0.0021037868162692,0.7166900420757363,0.2318840579710145,0.0490883590462833,0.0023375409069658
756,0.9478,0.619,0.9977,0.9728,0.9728,0.5646,agg,0.9545,127.0,15.0,2.0,0.7676842695721278,1.2162616280781748,0.3763041215613391,0.9999981037707244,0.6,0.4709700499917189,0.7392911249627463,0.6572628017799487,5.135112360309413,0.3830306162570703,7.702221506184113,2.480484114369063,0.4070267378599497,3.912415413075895,0.0036745406824146,0.0952380952380952,0.2777861110158575,0.3523744254074332,0.0182169531549897,0.134970193579878,0.4485168934522697,0.3653492800437043,0.0186226721659792,0.0949881264841894,0.2607174103237095,0.2885889263842019,0.1978502687164104,0.0968628921384826,0.0286214223222097,0.0116235470566179,0.0014998125234345,0.0006249218847644,0.6855393075865517,0.2683414573178352,0.0404949381327334,0.0056242969628796
1477,0.353,0.2621,0.3271,0.422,0.3261,0.3816,gmm,0.9952,11128.0,129.0,6.0,11.504142230798127,816.3636789373368,0.4942016248113411,1.0,0.1007751937984496,0.5382390634798606,0.7486598656745271,0.3766818264871563,12.802620903292802,0.7521028901706437,22.75378674638805,1.1671458713732867,3.539379110385864,1.970687535630772,0.0155129319713105,0.1500726744186046,0.2690642095692164,0.0438036158386526,0.0012911042635162,0.0359319393230631,8.753981267385067,196.9214610708249,0.9539062212442488,0.0436062412482496,0.0016876175235047,0.0,0.0003999199839967,0.0,0.0,0.0,8.001600320064014e-08,0.0003999199839967,0.8843323864772955,0.0847155831166233,0.0189556311262252,0.0119963992798559
1552,0.6615,0.6235,0.6659,0.6615,0.5928,0.606,agg,0.379,880.0,18.0,5.0,0.5587905749688359,1.5262056421468575,0.0784568137850644,0.9919807863700906,0.7222222222222222,0.1475151537414031,0.3542896520294462,0.8899711226508231,5.911972202364362,0.1765587588262313,7.197422668524123,2.944365271552282,0.1713119091455727,3.726089196408363,0.0006313131313131,0.0130718954248366,0.1488923166461005,0.6067525144683233,0.0143083931627562,0.1196176958595854,-0.4400006135130436,0.270127018389346,0.0002094322060192,0.0019443582583514,0.0097036922122246,0.0404953976626331,0.1276372944461681,0.2700253387113455,0.3233865963388148,0.1894585789636984,0.0360792222566966,0.0010600889440479,0.6865006722515254,0.2710104457544731,0.0371470679491157,0.0053418140448857
44683,0.8384,0.6734,0.8215,0.6902,0.8552,0.6801,autoenc,0.7425,1600.0,100.0,2.0,,,,1.0,0.67,0.160998324149111,0.2575050230261521,0.8636054082337774,13.595072409813518,0.1927733998881804,16.89274207517097,9.697510617757182,0.1409669641806216,11.26057526962626,0.0479375,0.008080808080808,0.1476634586681812,0.221827879237877,0.0066255339556959,0.0813973829781763,1.460950831874214,4.326133423930134,0.0172912757973733,0.4398420888055034,0.4001540025015634,0.1087210756722951,0.0253205128205128,0.006478267667292,0.0009263602251407,0.0011436835522201,0.0001180425265791,4.690431519699812e-06,0.7477360850531583,0.2092714196372733,0.0292698561601,0.0137226391494684
44073,0.6451,0.5888,0.6082,0.7137,0.7269,0.6856,autoenc,0.8498,10700.0,10.0,2.0,0.9963482869302546,3.696627822029383,0.2780406877584249,0.9999997745957708,0.7,0.4261737464514152,0.6792906054303911,0.7717113142117156,3.947666298329669,0.5184938999367088,6.6532235084871125,0.8931482832779685,0.5877826259594621,1.5970624913625775,0.0073551401869158,0.0666666666666666,0.2739896362559126,0.213267092154519,0.0112587843271661,0.1061074188130413,1.188393965634249,1.9797933942000412,0.1034008401680336,0.4321400280056011,0.2814082816563312,0.1209341868373674,0.0440296059211842,0.0134015603120624,0.0034630926185237,0.0008308861772354,0.0003620724144828,2.944588917783557e-05,0.7207686337267454,0.2329141828365673,0.0344804960992198,0.0118366873374674
44605,0.3684,0.7158,0.4842,0.2947,0.4105,0.4842,dbscan,0.4398,864.0,100.0,9.0,,,,1.0,0.74,0.0385607585974759,0.0967389193485966,0.9408511107129502,9.2709657287957,1.0472095700331718,24.85300235943764,3.5601413268514057,2.201621200016821,14.731077732562172,0.1,0.0008080808080808,0.0533581870700466,0.1400076915349536,0.021496660402753,0.1466173946118025,1.3457105920151509,1.5282351505350815,0.4919397236170121,0.2525481738981159,0.11552883996395,0.0479619973391699,0.0676553581391356,0.0151012832067293,0.0064535856830178,0.0025401270331745,0.0002548173898115,1.6093729882837647e-05,0.852833569374705,0.0633154156473971,0.0725022531221836,0.0113487618557143
41764,0.8713,0.809,0.8715,0.8603,0.8625,0.8398,agg,0.618,1467.0,1844.0,2.0,,,,,0.7554229934924078,0.0062907314036064,0.008799194035061,0.9986673816751148,54.36859107036695,0.0037139829270827,54.65457380095012,54.185924084786855,0.000114246038804,54.18645415504826,0.1990515860869719,1.7066392976649643e-05,0.0048875011256905,0.1147367203904579,0.0158805091707835,0.1260178922644857,1.5886135542370248,2.9875548392988467,0.5882484230143652,0.1985397712847725,0.1193394283142272,0.0571490480428452,0.0233467341076209,0.0081148616539773,0.0029926225994154,0.0016032571042238,0.0005802972349394,8.555664361287107e-05,0.8457943794864927,0.1042870388194671,0.0354278901638688,0.0144906915301712
41671,0.5752,0.58,,0.7584,0.6126,0.748,gmm,0.3463,16000.0,20.0,5.0,3.282878175233105,18.346919755678883,0.1763790317738566,0.9999999999999832,0.55,0.2544509537800943,0.5260408575420877,0.7517012300308729,5.158378925225985,0.5901026866914395,8.639083650361261,0.8321048093355775,1.1720031239765731,2.2388933039732906,0.00405,0.0631578947368421,0.2373438186523413,0.1626464235756019,0.0099762697329699,0.0998812781905094,1.7385649422882306,4.988675021108934,0.2716348869773954,0.4532504900980196,0.205234726945389,0.035411802360472,0.0194916583316663,0.008762152430486,0.0053593918783756,0.0008280056011202,2.5125025005001e-05,1.7603520704140828e-06,0.7914878175635127,0.164229325865173,0.0230862172434486,0.0211966393278655
44580,0.8271,0.8271,0.8737,0.8737,0.8737,0.8656,agg,0.3815,1600.0,2465.0,3.0,,,,,0.2515212981744422,0.0062980017273361,0.0153553657009698,0.8750232450073274,39.803568344273714,0.338601804428779,58.28604636146172,27.285113793356395,0.455248505249694,46.03874317664864,0.6478879310344827,1.3171412765733251e-05,0.0091027142010778,0.4175622519557833,0.0223785572895246,0.1495946432514368,0.3112459650017465,-0.6132944635230722,0.0001305503439649,0.0563985303314571,0.2005472170106316,0.2381801125703564,0.1931230456535334,0.1903236397748592,0.086400875547217,0.0294598186366479,0.0051188242651657,0.0003173858661663,0.640619918699187,0.3328783614759224,0.025650406504065,0.0008513133208255
1566,0.7957,0.7957,0.8236,0.7767,0.7957,0.8297,dictlearn,0.6088,969.0,100.0,2.0,3.078632137475178,9.644209153796163,0.9954751013996778,1.0,0.01,0.9955220783508858,0.9977795458914936,0.008316678585012,7.256533964654775,1.6739380549322505,24.55369425919786,0.415543061960502,2.542145535937107,1.3587841048556366,0.0023839009287925,1.0,0.0026127081447258,0.1202689165724776,0.0405309449000567,0.2013229865168326,2.104398795426587,3.868642255583116,0.7043322331107301,0.091819546435364,0.0564653003437129,0.0439278799819188,0.0255034158073842,0.0252646078004929,0.0182581514554495,0.0215609514793303,0.0057249955223498,0.007142918063267,0.8617408250816638,0.064377947786335,0.0457381299627288,0.0281430971692722
4153,0.7143,0.3429,0.6,0.6571,0.6857,0.5714,kmeans,0.9722,144.0,66.0,6.0,0.7301314833460577,2.3045785356336226,0.5948546970493955,1.0,0.1818181818181818,0.6953088151450131,0.8053404377741732,0.3406889772200714,10.333021101242933,0.4949064074652904,16.710577530504423,3.8664048314215984,0.6076850502211957,6.478550180107564,0.0046296296296296,0.5258741258741259,0.3622219852560697,0.3825591572853795,0.0398074408312202,0.1995180213194292,0.1145162710266402,-0.680853882692404,0.0905205905205905,0.134032634032634,0.143065268065268,0.1379176379176379,0.1894910644910644,0.1661810411810411,0.0841103341103341,0.0441919191919191,0.0034965034965034,0.0069930069930069,0.6351981351981352,0.3488733488733488,0.0158313908313908,9.712509712509713e-05
44791,1.0054,1.032,1.0054,1.0054,0.9919,1.0027,dbscan,0.4973,1600.0,100.0,2.0,,,,1.0,0.56,0.0432979229271275,0.1087792453346721,0.881132877868423,7.849280850828362,1.1183283711233167,17.37777356712492,2.5292098072700124,2.414830104186015,6.518552895494422,0.35034375,0.001010101010101,0.0368592156724661,0.0903282943750477,0.0097336561292892,0.0986592931724589,2.5583254974491427,8.66096497426043,0.658113664790494,0.2423092557848655,0.0579221388367729,0.0140689493433395,0.0221482176360225,0.0015462789243277,0.0024702939337085,0.0013875859912445,3.1269543464665416e-05,2.345215759849906e-06,0.8900742651657286,0.0632833020637898,0.0187812695434646,0.0278611632270168
44548,0.6187,0.9867,1.488,0.8987,0.5813,0.696,agg,0.5,1600.0,72.0,2.0,0.7649558714446081,1.823447043406776,0.3559321805320966,1.0,0.2777777777777778,0.4217331390799167,0.6946658548862037,0.5135578997467479,11.237797491576302,0.3460943007599677,16.699143011733327,4.965412985803298,0.2788983286515301,6.679391962042264,0.0289930555555555,0.1486697965571205,0.3017862532695909,0.3516942342325157,0.0152581843106988,0.1235240232128912,0.7201131938820736,0.2921078672893538,0.0005081300813008,0.0784029080675422,0.3176430581613508,0.2904237023139462,0.1831691682301438,0.0905073483427141,0.0304018136335209,0.0077055972482801,0.0010819262038774,0.0001563477173233,0.6819973420888055,0.2772600062539087,0.0345848968105065,0.0061577548467792
43974,0.5388,,,0.5651,0.5388,0.6967,dictlearn,0.9318,58398.0,50.0,2.0,22.199783771483155,1516.2717966967246,0.8072501973882769,1.0,0.08,0.8652051916885191,0.9335463148431428,0.167104617109472,3.927423726665897,2.767361587222578,5.002351607695192,0.5123740559709313,2.028842432252973,0.7617369085684412,0.03381588410562,0.7355102040816327,0.3084740964714568,0.0255950979532432,0.003816758085805,0.0617799165247496,14.845999511090278,226.7521754952738,0.9932356871374276,0.0027715143028605,0.0,0.0,0.0,0.0,0.0,0.0,0.0,0.0039927985597119,0.991810602120424,0.0041965993198639,0.0,0.0039927985597119
14,0.6939,0.1195,0.6268,0.6385,0.6997,0.5219,autoenc,0.8575,1600.0,76.0,10.0,0.5483574558509223,0.4754234642631554,0.1456769254977959,1.0,0.7631578947368421,0.1568214503412857,0.2845835494571578,0.8630664974632613,12.173335724516974,0.1694852787160721,14.769997391040611,7.161689501781114,0.2336773871826583,9.260101407327364,0.0071628289473684,0.0,0.1034364390266921,0.4866452923716109,0.0067578523828998,0.0822061578161872,-0.002193912736885,0.6278208929537095,4.690431519699812e-06,0.0010537836147592,0.01380081300813,0.121400875547217,0.4324124452782989,0.3515666041275797,0.0733692933083176,0.0057020012507817,0.0005503439649781,0.0001391494684177,0.7009287054409006,0.2511327392120075,0.0416815196998123,0.0062570356472795
1446,1.2115,1.0673,1.1346,1.2115,1.2308,1.0962,autoenc,0.5,236.0,37.0,2.0,3.694132039415343,26.392326414528977,0.5253494704073589,1.0,0.2972972972972973,0.6243375927297202,0.7734476814181449,0.4386355836188871,6.922702187697902,0.7420838810304616,11.875080578504816,3.1078746530891563,0.8913212598327608,4.9225224725874135,0.0098488318827301,0.3153153153153153,0.3384285088279486,0.1356625682565071,0.0107703717194202,0.103780401422524,4.263613044432401,27.46574523974584,0.4200504868373602,0.4232600072124053,0.1189325640100973,0.0169130905156869,0.0105301117922827,0.0018752253876667,7.21240533717995e-05,0.0005409304002884,0.0013703570140641,0.006455102776776,0.8937612693833393,0.0790479624954922,0.0121168409664623,0.015073927154706
40984,0.5681,0.4296,0.561,0.6948,0.5986,0.3826,gmm,0.9221,1848.0,16.0,7.0,3.960305572093653,48.13570709227936,0.3058478560656764,0.9999999999634576,0.5,0.4585777788019757,0.7348074604113424,0.632227439769758,4.932648786994775,0.6173899714991813,8.24987599982414,0.6041681120136584,1.9032156314169264,1.002159301777236,0.0065273268398268,0.1583333333333333,0.3465538806840053,0.1413808237019619,0.0070504480647525,0.0839669462631135,2.882103473084165,21.003922769109565,0.3086724230470846,0.4936324729232146,0.1801470502066062,0.0078452949324633,0.0022529807315947,0.0029455745481733,0.002349076658768,5.859507754472563e-06,0.0001412141368827,0.0020080533074577,0.7346785591236051,0.2501892621004695,0.0051839065103818,0.0099482722655435
44740,0.4982,0.4982,0.608,0.5473,0.5346,0.4104,agg,0.3488,1600.0,100.0,10.0,0.6189855907699333,0.5763611091114889,0.0768830894892297,0.9999999999896776,0.71,0.090939678970319,0.2100021433589906,0.8712249992290553,14.010476873314232,0.1237998021574084,16.217054211036903,10.118112708617971,0.103327266157965,11.473651391545449,0.0055,0.001010101010101,0.1156593018403196,0.4636450289212826,0.0080373345335143,0.0896511825550248,0.1967000040680091,0.3353997503938091,2.4233896185115697e-05,0.0012077861163227,0.028270794246404,0.2076196060037523,0.4335842714196373,0.2627642276422764,0.0584584115071919,0.007416353971232,0.0006003752345215,5.393996247654784e-05,0.6939462163852408,0.25854205753596,0.0428259849906191,0.0046857410881801
32,0.6915,0.3077,,0.8228,0.6883,0.5732,gmm,0.9891,8793.0,16.0,10.0,0.5097057175059504,1.0249047886379703,0.2714807949825559,0.9999999951809688,0.625,0.2951815792354544,0.6577000882730097,0.7483124492035984,5.4867358962790185,0.2777849932242888,7.431262605663684,0.964106038795361,0.3663040914011709,1.4307232211820495,0.007719208461276,0.0083333333333333,0.2033578824851267,0.4662812553356746,0.0186607569753174,0.1366043812449565,-0.2864165643666765,0.0713447171138579,0.0064304060812162,0.034851850370074,0.0723108621724344,0.1727703140628125,0.3072350470094019,0.235629125825165,0.1402196439287857,0.027033726745349,0.0031595919183836,0.0003594318863772,0.6856086417283457,0.2641643528705741,0.0487405481096219,0.0014864572914582
44153,0.529,0.3471,0.5264,0.5201,0.5128,0.4681,kmeans,0.7367,676.0,18.0,4.0,1.0880864485930808,5.631487126873716,0.4061152993244931,0.9999999999998646,0.3888888888888889,0.5224337573544181,0.7983733243104617,0.5467881900657449,5.493178299611066,0.4413703130852408,8.574209624142734,1.70396663237761,0.3436885852323357,2.085365962716136,0.0016436554898093,0.196078431372549,0.3403679912867395,0.2762542434171324,0.0172530632249106,0.1313509163459115,1.1238812270892158,2.1542756762053017,0.0391847468770545,0.2815296953758492,0.3069515669515669,0.2163927240850317,0.1010475564321718,0.0332544378698224,0.0088888888888888,0.0084812623274161,0.0033179925487617,0.0009511286434363,0.718088976550515,0.2469428007889546,0.0194433486741179,0.0155248739864124
1476,0.3535,0.2736,,0.4293,0.3509,0.3853,gmm,0.9946,11128.0,128.0,6.0,11.571604046826348,822.6636309402086,0.4946771984745099,1.0,0.09375,0.5389750304077808,0.7509506208368986,0.3756991238408618,12.73491037296791,0.754087045005745,22.689715788633688,1.157852879836381,3.566377730459559,1.9613278567063368,0.0156341267523364,0.1520669291338582,0.2701794436109119,0.0435903044286652,0.0012854358379024,0.0358529753005582,8.80759748899817,198.84427124055327,0.9544156831366272,0.0431578315663132,0.0016265653130626,0.0,0.0003999199839967,0.0,0.0,0.0,8.001600320064014e-08,0.0003999199839967,0.8844962592518504,0.084698699739948,0.0188908981796359,0.0119141428285657
1520,0.2857,0.2857,0.2857,0.2857,0.2857,0.5,dictlearn,0.7,131.0,90.0,5.0,3.705637944128851,29.559116504067127,0.1952978437359493,0.9999999999999724,0.2333333333333333,0.1806262170801804,0.4251895707724882,0.6277903919096904,9.643744796128802,0.9748508454655572,25.79517169514921,5.439173313740985,1.3715000048718462,15.708553873222105,0.0282442748091603,0.0162297128589263,0.2005622106499976,0.1845917371654541,0.0323817906014103,0.1799494112282959,1.4435602175221671,1.1783421656618192,0.4959483264826776,0.1844979448032883,0.11015854374633,0.0549618320610687,0.058602466236054,0.0526130358191426,0.0239577216676453,0.0178508514386376,0.0012918379330593,0.0001174398120963,0.8305343511450382,0.1022900763358778,0.0624779800352319,0.004697592483852
44588,0.4256,0.5605,0.5601,0.484,0.659,0.5119,autoenc,0.6443,588.0,91.0,5.0,4.866890443163574,40.9541094582704,0.0848542594882447,1.0,0.4395604395604395,0.0711523420307732,0.1951843332094446,0.7923500949081396,13.078941470161682,0.2564658530547062,15.89479662556326,5.867835699674645,0.5053060701664587,9.324539852115809,0.0041302235179786,0.0136752136752136,0.1347468764042818,0.354563229864841,0.0086150154384763,0.0928171074666535,1.1797122624112313,4.677111007070849,0.0054989627878408,0.0366558889313817,0.1468785129043099,0.6196618340692325,0.1315926711400062,0.0265561079627762,0.0223609034755299,0.010441655367428,0.0002433682161109,0.0001100951453835,0.8314269489737973,0.0967504548667848,0.0458864976995909,0.0259360984598268
44667,0.4974,0.4803,0.5307,0.6411,0.4453,0.4478,gmm,0.3997,1600.0,51.0,6.0,5.807244769359153,111.70308795282736,0.2448690157718968,1.0,0.4117647058823529,0.2982090271382096,0.4857640548169688,0.6796792990833594,8.543973093904556,0.635212516920951,13.833044101821034,2.0244377096184394,1.4680147996781892,5.0535789171971945,0.0131740196078431,0.0274509803921568,0.2180284875885607,0.1115342987402297,0.0047223705687207,0.0687195064644728,3.231533661490868,23.240616888821236,0.5092878361475922,0.4168738273921201,0.0583528767979987,0.006930894308943,0.0049874921826141,0.0023108192620387,6.253908692933083e-06,0.0,0.0012398373983739,1.016260162601626e-05,0.8329807692307692,0.1318761726078799,0.0237484365228267,0.011394621638524
47000,0.6176,0.5578,0.7468,0.6192,0.5425,0.7048,agg,0.5693,623.0,1569.0,3.0,,,,,0.3766730401529636,0.0036980523503119,0.0101151843137368,0.9993023597157754,50.179887293496,0.0028680044335115,50.34462784099138,49.98454051229375,0.0007151490722114,50.01339902510882,0.1988681179391644,0.0005072774807819,0.0229285430752378,0.1353762152163637,0.00785406460268,0.0886231606448342,2.1922355607781188,10.715873823020113,0.3753128983809283,0.4506252806408158,0.1344650147352557,0.0262499161303308,0.0068747322622101,0.0026735069908594,0.0012490129185096,0.0014296552827569,0.0008877281900151,0.0002322544683179,0.7648088029604703,0.201534943975061,0.0204641992640113,0.0131920538004572
1497,0.4876,0.2565,0.4636,0.4222,0.4579,0.439,kmeans,0.9877,4364.0,24.0,4.0,1.5182658126610924,3.2386013710563937,0.1704933940230415,0.9998111688113096,0.875,0.19079344829859,0.4086308923688119,0.890116963035246,6.718320119424643,0.239648740248129,8.87292245885927,1.7921669293003522,0.5844987240551642,3.247780840373016,0.0060819584479071,0.0,0.1199694567257479,0.4969455376782274,0.0138881863315673,0.1178481494617855,-0.0607860412977512,0.1150100887264429,0.0016791900392287,0.0062005872648361,0.0361898751542268,0.15519913412365,0.3220707713580977,0.2814718931570432,0.154658801735198,0.0390656955529509,0.0033985058506947,6.554576407348437e-05,0.6827836067523061,0.2739404327659073,0.0393906932998153,0.0038852671819712
44698,0.6369,0.1688,0.6688,0.6497,0.6274,0.6688,agg,0.785,1600.0,100.0,10.0,3.3792005632606053,74.57342959779282,0.2099261488047817,1.0,0.61,0.2253937851776481,0.4406929452702031,0.7235043713648284,13.363345454238932,0.3113169193638639,17.84831093195916,6.271499998124559,0.4636888823841926,9.055512674363564,0.0025125,0.0042424242424242,0.1847671939152593,0.2042018925396115,0.0052019611932046,0.0721246226555439,1.940203914506264,9.931159075599396,0.0366400875547217,0.4701391494684178,0.4276962163852408,0.0513727329580988,0.0060795809881175,0.0042753283302063,0.0014657598499061,0.0023186366479049,1.016260162601626e-05,2.345215759849906e-06,0.7684732645403377,0.200030487804878,0.0195333020637898,0.0119629455909943
46871,0.5008,0.4348,,0.5603,0.6688,0.3778,autoenc,1.0,24000.0,15.0,6.0,0.6139090624601463,0.9272122687719778,0.2689728527571628,1.0,0.4666666666666667,0.3079370166829812,0.6740948033001366,0.7063488347253063,5.199167038904738,0.3292267786865775,7.089931536002298,0.0246596374490907,0.3082243005251736,0.0338074568421616,0.0116277777777777,0.0380952380952381,0.2390639287811753,0.5718755444172369,0.0354118567171963,0.1881803834548019,-1.0925673482332627,2.197498110161513,0.0554634926985397,0.0,0.0,0.0468588117623524,0.1909257851570314,0.2554183636727345,0.2392332866573314,0.1400642528505701,0.0433383476695339,0.0286976595319063,0.7869085017003401,0.1518430086017203,0.0456983396679335,0.015550150030006
188,0.4256,0.5605,0.5601,0.484,0.659,0.5119,autoenc,0.6443,588.0,91.0,5.0,4.866890443163574,40.9541094582704,0.0848542594882447,1.0,0.4395604395604395,0.0711523420307732,0.1951843332094446,0.7923500949081396,13.078941470161682,0.2564658530547062,15.89479662556326,5.867835699674645,0.5053060701664587,9.324539852115809,0.0041302235179786,0.0136752136752136,0.1347468764042818,0.354563229864841,0.0086150154384763,0.0928171074666535,1.1797122624112313,4.677111007070849,0.0054989627878408,0.0366558889313817,0.1468785129043099,0.6196618340692325,0.1315926711400062,0.0265561079627762,0.0223609034755299,0.010441655367428,0.0002433682161109,0.0001100951453835,0.8314269489737973,0.0967504548667848,0.0458864976995909,0.0259360984598268
44514,0.3802,0.2451,0.387,0.4177,0.3663,0.3191,gmm,0.8468,1600.0,100.0,5.0,1.6916446049502525,5.662644695404514,0.2719419644359495,1.0,0.46,0.3688295403540991,0.5081378815983097,0.6530509639451032,13.571367241883957,0.3044307523897208,18.92657263905295,7.190299166477955,0.2279902331184315,9.13672343977202,0.00823125,0.0583838383838383,0.2644145524867413,0.3022778785333508,0.0131455717337118,0.1146541396274547,1.062920360749035,1.855312860945233,0.0076602564102564,0.1588500625390869,0.3960467479674797,0.2665173545966229,0.1110006253908692,0.0390095372107567,0.0134912445278298,0.0058294246404002,0.0014266729205753,0.0001680737961225,0.7276485303314572,0.227936210131332,0.0313086303939962,0.0131066291432145
44626,0.8571,0.1065,0.8312,0.7714,0.7636,0.7065,kmeans,0.9625,1600.0,100.0,10.0,0.3284652834891834,0.5475328738408646,0.2521687597898994,1.0,0.25,0.2469074834178092,0.504802354785512,0.6039547194772994,13.833857050183283,0.2144717722589657,17.493785731385074,5.628016090708857,0.2171958421734861,7.247324426696692,0.011625,0.0195959595959595,0.1966709545383776,0.5015354670515656,0.0116653722906294,0.108006353010503,-0.1979581873315925,0.2392263635927443,3.361475922451532e-05,0.005697310819262,0.0342096622889305,0.1238445903689806,0.3171630706691682,0.3442831457160725,0.1461608818011257,0.0263688242651657,0.0021536898061288,8.520950594121326e-05,0.6981973108192621,0.2504401188242651,0.0475187617260788,0.0038438086303939
46519,0.3384,,,0.3428,0.2954,0.35,dictlearn,0.9621,41068.0,79.0,4.0,10.313292799361848,692.7151693314261,0.0837745720361794,1.0,0.5316455696202531,0.1574813339985241,0.2838866240577382,0.8102381093465486,11.426803842491688,0.3724380487813719,15.284434676714037,3.760903834887047,0.6544652950543134,6.2364139438320985,0.0007345027019096,0.0246673158065563,0.1695737818971796,0.1372756455452222,0.0023807232983164,0.0487926561924683,3.120918938214,25.397298371153965,0.1900452890578115,0.7524784956991398,0.0442550910182036,0.0106035607121424,0.0014110822164432,7.681536307261452e-06,0.0007963992798559,0.0003915983196639,1.0562112422484496e-05,2.400480096019204e-07,0.806677575515103,0.1684948189637927,0.010078175635127,0.0147494298859771
44610,0.7969,0.6985,0.8986,0.8968,0.8198,0.7407,agg,0.7105,1166.0,37.0,2.0,5.417851130697258,74.22388364445486,0.3618453174190049,0.9999993805942068,0.4054054054054054,0.4231120880999191,0.6433651624258627,0.6054586216896932,6.955191281626451,0.7287240677110016,11.812139686539822,2.242000823038996,1.212340031184144,4.296043352822142,0.0041490890547494,0.072072072072072,0.2477141672235769,0.1112619975515816,0.0065738521675351,0.0810792955540138,4.181311848471159,29.79884261129793,0.572993028511694,0.3390101517237318,0.060297852604922,0.015490396719646,0.0071673083576881,0.0016122026811151,6.47825734877318e-05,0.0016490109615059,6.47825734877318e-05,0.0016504832927215,0.8846251812807809,0.0774534559294458,0.0184115018514565,0.0195098609383166
44735,0.6333,0.2276,0.5556,0.5574,0.4327,0.3878,kmeans,0.4393,1600.0,100.0,10.0,,,,1.0,0.41,0.253172284405238,0.4414531190257105,0.6816820828517596,11.932556101019063,0.3926083106285335,17.183818301219574,5.842829070359426,0.4309951230184912,7.891677963617395,0.1955875,0.0161616161616161,0.1996617034834292,0.241257596086724,0.0090097737545074,0.0949198280366514,1.6850026160538565,5.065675140506922,0.0089235459662288,0.3619105691056911,0.4229784240150094,0.1552665728580362,0.0288344277673545,0.0109396497811131,0.008083176985616,0.0028752345215759,0.0001821450906816,6.253908692933083e-06,0.763040181363352,0.1988828955597248,0.0191791744840525,0.0188977485928705
44382,0.6786,0.5587,0.7092,0.6403,0.625,0.5255,agg,0.98,1600.0,26.0,2.0,5.288631756159473,43.07125198062018,0.1005392165600461,1.0,0.7307692307692307,0.128506712976759,0.3244438043525883,0.8858082403382235,6.295770110184001,0.5389384035717877,11.025784383216244,1.8851297786739716,0.8573462702804813,3.998885771047602,0.0027403846153846,0.0,0.1331192133999723,0.236347453197999,0.0165695967274571,0.1287229456136596,1.3428061473870794,1.8449129193865863,0.0695465916197623,0.4206027204502814,0.2776797998749218,0.119879612257661,0.0560522201375859,0.0349405878674171,0.0167893996247654,0.004249530956848,0.0002353033145716,2.4233896185115697e-05,0.7693988430268918,0.1717213883677298,0.0436178861788617,0.0152618824265165
44553,0.529,0.3471,0.5264,0.5201,0.5128,0.4681,kmeans,0.7367,676.0,18.0,4.0,1.0880864485930808,5.631487126873716,0.4061152993244931,0.9999999999998646,0.3888888888888889,0.5224337573544181,0.7983733243104617,0.5467881900657449,5.493178299611066,0.4413703130852408,8.574209624142734,1.70396663237761,0.3436885852323357,2.085365962716136,0.0016436554898093,0.196078431372549,0.3403679912867395,0.2762542434171324,0.0172530632249106,0.1313509163459115,1.1238812270892158,2.1542756762053017,0.0391847468770545,0.2815296953758492,0.3069515669515669,0.2163927240850317,0.1010475564321718,0.0332544378698224,0.0088888888888888,0.0084812623274161,0.0033179925487617,0.0009511286434363,0.718088976550515,0.2469428007889546,0.0194433486741179,0.0155248739864124
44573,0.8926,0.8926,0.8926,0.8926,0.8926,0.9128,dictlearn,0.7525,80.0,100.0,2.0,,,,1.0,0.36,0.2338779162739607,0.4320715123630363,0.7186616386995631,13.809805467668836,0.2266355351193205,17.26998198258818,9.477759602282047,0.2562953684035034,11.956570340663772,0.01575,0.0123232323232323,0.195212160112351,0.4505321354211364,0.0239015165786961,0.1546011532256347,0.0304199098598852,0.5507370639457183,0.0167721518987341,0.0465189873417721,0.1,0.180379746835443,0.2699367088607595,0.2569620253164557,0.0835443037974683,0.0243670886075949,0.0148734177215189,0.0066455696202531,0.7199367088607594,0.2237341772151898,0.0512658227848101,0.0050632911392405
970,0.8208,0.4381,0.7714,0.8333,0.6525,0.4376,gmm,1.0,672.0,70.0,2.0,1.125278393570611,2.4708925634238383,0.1471319032847768,1.0,0.8142857142857143,0.1520825558623547,0.3226261117293879,0.8676064549178097,11.69280962260031,0.1596972961451449,14.089625419561663,7.997733850436605,0.0973858550088495,8.838536999242663,0.0106505102040816,0.0,0.1144690582337863,0.3930961904703578,0.0135090941354099,0.1162286287254992,0.2625874617196644,0.0579453174498665,0.0012020083741395,0.039138457171244,0.1798843233269463,0.3151967567951174,0.2876215314739905,0.1349886452345468,0.0334921226314668,0.0074426939181037,0.0010024128876587,3.1048186785891704e-05,0.6789794904549002,0.2791631183024625,0.0380473351784827,0.0038100560641544
46382,0.5092,0.3294,0.3115,0.4546,0.4297,0.2414,kmeans,0.6185,575.0,728.0,6.0,,,,,0.7486263736263736,0.0045907000958158,0.0121380978636531,0.9987459742940114,34.198169283688564,0.0210874576175256,34.29358718989381,34.01003288879779,0.0121601979945846,33.984635174844605,0.1980721452460583,3.778889611076681e-06,0.0059677917136534,0.0235474214234603,0.0043806860467644,0.0661867512933246,6.203474877044988,48.61309600359768,0.9519466747462506,0.0129010755946068,0.0183850931677018,0.0128768368429025,0.0002726859566732,0.0001030146947432,4.847750340857446e-05,0.0033934252386002,4.241781548250265e-05,3.029843963035904e-05,0.9511467959400092,0.0059687926071807,0.0143675200727162,0.0285168913800939
377,0.5583,0.225,0.7083,0.6583,0.55,0.3917,agg,1.0,480.0,60.0,6.0,0.1750687787830704,0.7054703376597953,0.4570227389213381,1.0,0.4833333333333333,0.5250209153236974,0.6937480064622936,0.5339133003629621,10.378473052087458,0.3411752638000302,15.04800278512172,4.845776683382657,0.1001481889540402,5.473458161457533,0.0061458333333333,0.1559322033898305,0.2715432491135433,0.3481065954344593,0.0305391676125931,0.1747545925364855,0.4380453952340978,-0.337575751217654,0.0523921363952679,0.1980949895615866,0.1758350730688935,0.1884742519137091,0.1883437717466945,0.1151356993736952,0.0496172581767571,0.0221033402922755,0.0086464857341684,0.0013569937369519,0.6465640222686152,0.3204679888656924,0.0302453027139874,0.0027226861517049
44672,0.6222,0.4493,0.5841,0.7135,0.6144,0.6014,gmm,0.4616,1600.0,32.0,5.0,1.3153802064595423,27.4111471565177,0.0959630712091994,0.9999999999999988,0.625,0.1321349674814571,0.3146494129920264,0.8487855946275996,6.648068350833996,0.7048679987277217,12.423230719761806,2.958092487065979,0.9981665536852098,6.465445637137706,0.06345703125,0.0161290322580645,0.1634361026496566,0.1548763328849703,0.0119760462306118,0.1094351233864697,1.5250335096929095,3.5212314148651807,0.3558724202626642,0.3792651657285804,0.1734146341463414,0.0531636960600375,0.0253150406504065,0.0060232958098811,0.0055331457160725,0.001364133833646,4.065040650406504e-05,7.817385866166354e-06,0.7558927454659162,0.1969027517198248,0.0312374921826141,0.0159670106316447
44577,0.8313,0.6,0.8313,0.8313,0.6,0.85,dictlearn,0.8081,80.0,100.0,2.0,,,,1.0,0.37,0.2369014079667768,0.4268200976950385,0.7212799330923657,13.866669563536714,0.2067813667156751,17.283325002960176,9.566730507427676,0.2079385421664374,12.056771000960396,0.015375,0.0129292929292929,0.194318289179994,0.5065109088787466,0.0236791921433009,0.1538804475666123,-0.2692422858312503,0.1185819545899451,0.0079113924050632,0.0272151898734177,0.070253164556962,0.125,0.2180379746835443,0.2848101265822785,0.1781645569620253,0.0651898734177215,0.020886075949367,0.0025316455696202,0.7066455696202532,0.2411392405063291,0.0493670886075949,0.0028481012658227
40691,0.5192,0.4182,0.5749,1.185,0.7082,0.5097,gmm,0.3897,1279.0,11.0,6.0,1.6441546832610243,7.897213130795111,0.2020777836540021,0.9999998580163478,0.8181818181818182,0.2835869529357093,0.5974135095913425,0.8530519743430909,4.3415816305816,0.4082891339106483,6.479574368875271,1.5596947251055784,0.4474669992498979,2.243070061827165,0.0081739995735304,0.0,0.1861504557708266,0.251414349892038,0.0104995310878089,0.1024672195768427,1.3941988480106886,3.5982019430595527,0.0203699829067358,0.3103179934441153,0.4237930405821253,0.1682701543288049,0.0482049625526593,0.0192699940412171,0.0065081654902047,0.002001759492757,0.0011244602529607,0.0001394869084195,0.7497298970611087,0.203861340224476,0.0316537396562504,0.0147550230581648
41801,0.8448,0.888,0.9276,0.8742,0.8454,,agg,0.5662,1465.0,1842.0,2.0,,,,,0.755157437567861,0.006301335095236,0.0088087137956094,0.9986641490950912,54.33052269050266,0.0037144915429433,54.60799093918952,54.14886665967075,3.02347247783532e-05,54.14950722187828,0.1993099947008186,1.7103483743728477e-05,0.0048960629020484,0.1192563672131061,0.0172082940327561,0.1311803873784346,1.8805593401905756,3.896704641309048,0.5985583468546597,0.2104599115985005,0.0909724164941531,0.0480855666834517,0.0271041981387194,0.0156754135660866,0.0065844197019713,0.0018920531901005,0.0005492456032376,0.0001184281691191,0.863640687069882,0.0773886122456591,0.0366707696898487,0.0222999309946101
44555,0.529,0.3471,0.5264,0.5201,0.5128,0.4681,kmeans,0.7367,676.0,18.0,4.0,1.0880864485930808,5.631487126873716,0.4061152993244931,0.9999999999998646,0.3888888888888889,0.5224337573544181,0.7983733243104617,0.5467881900657449,5.493178299611066,0.4413703130852408,8.574209624142734,1.70396663237761,0.3436885852323357,2.085365962716136,0.0016436554898093,0.196078431372549,0.3403679912867395,0.2762542434171324,0.0172530632249106,0.1313509163459115,1.1238812270892158,2.1542756762053017,0.0391847468770545,0.2815296953758492,0.3069515669515669,0.2163927240850317,0.1010475564321718,0.0332544378698224,0.0088888888888888,0.0084812623274161,0.0033179925487617,0.0009511286434363,0.718088976550515,0.2469428007889546,0.0194433486741179,0.0155248739864124
716,1.0,1.0,0.8929,1.0,1.0,0.8571,kmeans,0.5833,80.0,50.0,2.0,0.162424268122982,1.1331742696806268,0.0908794964175513,0.1044072869658231,0.72,0.0745583865961109,0.1804722535603363,0.9104861642085582,10.02104884547275,0.0916983789901813,11.215465397356372,8.695622976431702,0.0411985678338087,9.166072037074615,0.00475,0.0016326530612244,0.0785401485917611,0.4792453660558084,0.0186605698449325,0.1366036963077229,0.0931528111264777,0.008309616129225,0.0022151898734177,0.0151898734177215,0.0721518987341772,0.195886075949367,0.2800632911392405,0.2484177215189873,0.1268987341772152,0.0496835443037974,0.0088607594936708,0.000632911392405,0.6889240506329114,0.2623417721518987,0.045886075949367,0.0028481012658227
775,0.8658,0.6644,0.6711,0.8188,0.4027,0.6913,kmeans,0.7525,80.0,25.0,2.0,0.1367542060707918,1.0949661279363634,0.0974006752837933,0.6153884477802996,0.8,0.1152334216843462,0.2722232456005852,0.9351229318029318,7.060908109607398,0.1247977716445339,8.19384526398036,5.757558084678844,0.0577832386521903,6.070591806614817,0.0045,0.0033333333333333,0.0898298762731951,0.4888226537281796,0.0218821776557284,0.1479262574924697,0.0466803269461498,-0.0895620758676813,0.0034810126582278,0.020253164556962,0.0787974683544303,0.1740506329113924,0.2598101265822785,0.2382911392405063,0.1436708860759493,0.0636075949367088,0.0158227848101265,0.0022151898734177,0.6775316455696202,0.2775316455696202,0.0430379746835443,0.0018987341772151
768,0.7342,0.7342,0.7342,0.6076,0.5063,0.6962,kmeans,0.798,80.0,25.0,2.0,0.2158392856864132,1.102873488437652,0.098996649157234,0.9639155311266346,0.8,0.1392306602579265,0.298705509209183,0.9179516953040208,7.048543900846004,0.1383493776847968,8.303928791863807,5.636134243366483,0.0647757760672263,6.110988751913936,0.006,0.0066666666666666,0.1152779014778224,0.4126868977561046,0.0195677142533327,0.1398846462387233,0.1761379854157398,0.19901256914213,0.010759493670886,0.0484177215189873,0.1541139240506329,0.2531645569620253,0.2772151898734177,0.1623417721518987,0.0683544303797468,0.020253164556962,0.0037974683544303,0.0015822784810126,0.6917721518987342,0.2623417721518987,0.0420886075949367,0.0037974683544303
762,0.9423,0.9423,0.8269,1.0,0.9423,0.7179,gmm,0.7879,80.0,10.0,2.0,0.1747747522847118,1.0705903251127256,0.1415979464349887,0.8726959175351091,0.8,0.2357220639153711,0.5309841234054447,0.9051925771221596,4.396142038653456,0.2190239016008524,5.662708864255055,2.969243974672744,0.1044756538029887,3.375769074163204,0.0025,0.0222222222222222,0.1587785432444462,0.5273840284722878,0.0230702651645626,0.1518889896093941,0.0352800116927533,-0.0699929222889337,0.0028481012658227,0.0104430379746835,0.0493670886075949,0.1373417721518987,0.2338607594936708,0.2515822784810126,0.1841772151898734,0.0914556962025316,0.0310126582278481,0.0079113924050632,0.6813291139240506,0.2746835443037975,0.0414556962025316,0.0025316455696202
812,1.0687,1.0687,0.7099,0.916,0.8626,0.7557,kmeans,0.6616,80.0,25.0,2.0,0.1350495636145116,1.1166019801587723,0.0921657248530586,0.5342677737521095,0.84,0.0953879899936365,0.2476604079406769,0.940366384232806,7.056494387198041,0.1297895671980712,8.245002063521946,5.724169573448743,0.0684642528739132,6.230275136128039,0.006,0.0033333333333333,0.0800155784267341,0.498667425675744,0.0210362499681314,0.1450387878056468,0.0142528248345773,-0.0475882252674662,0.0025316455696202,0.0167721518987341,0.0645569620253164,0.1613924050632911,0.2642405063291139,0.2481012658227848,0.1591772151898734,0.0670886075949367,0.0126582278481012,0.0034810126582278,0.6791139240506329,0.2772151898734177,0.040506329113924,0.0031645569620253
808,0.703,0.703,0.5333,0.8364,0.6485,0.6121,gmm,0.8333,80.0,10.0,2.0,0.1471240797374356,1.202226055281767,0.0864451400246889,0.3096489107207604,0.9,0.1559341126842135,0.4184492401543461,0.977413959192046,4.417801098578959,0.194218752324546,5.505042702193891,3.133204010991484,0.1037635696928384,3.501642951814602,0.0025,0.0,0.0623136224304261,0.4950104366548568,0.0237420269359279,0.1540844798671428,-0.0490049124585625,-0.1902305227334935,0.0044303797468354,0.0224683544303797,0.0832278481012658,0.1588607594936708,0.2408227848101266,0.2338607594936708,0.1670886075949367,0.0677215189873417,0.0196202531645569,0.0018987341772151,0.6708860759493671,0.2873417721518987,0.0401898734177215,0.0015822784810126
868,0.5569,0.5569,0.5808,0.6766,0.6108,0.7006,dictlearn,0.8434,80.0,25.0,2.0,0.2092764656011712,1.1017845812591742,0.1061582086779008,0.9435110387425444,0.76,0.1278025472200078,0.3082822687892713,0.9066017900429724,7.04847600136555,0.1384203222042272,8.330189166377211,5.628538185751599,0.0616023929840446,6.092732065848621,0.005,0.0066666666666666,0.1179154588446516,0.4893664289242011,0.0220458610889502,0.1484784869566975,0.1037704415302454,-0.0630370132641267,0.0028481012658227,0.0193037974683544,0.0806962025316455,0.1768987341772152,0.2575949367088607,0.2310126582278481,0.1515822784810126,0.0617088607594936,0.0136075949367088,0.0047468354430379,0.6734177215189874,0.2873417721518987,0.035759493670886,0.0034810126582278
1512,0.7787,0.6176,0.5699,0.5557,0.8309,0.6553,autoenc,0.3238,160.0,13.0,5.0,2.00632215952559,15.820354383064837,0.1326889484674306,0.9990276741361632,0.8461538461538461,0.2312854851323742,0.445151583423916,0.9241709314995566,4.827890461423238,0.3499816874348006,6.435436157600238,2.712396779785516,0.4604088249683304,3.6014443816286668,0.0081730769230769,0.0,0.1445740680521286,0.2975310338306994,0.0128573702811468,0.1133903447439279,2.009988374593452,8.574167202273713,0.0109276729559748,0.1386792452830188,0.4117138364779874,0.3305817610062893,0.0617138364779874,0.0327044025157232,0.0011792452830188,0.0,0.0071540880503144,0.0053459119496855,0.7962264150943397,0.1651729559748427,0.0261006289308176,0.0125
9,0.3556,0.225,0.3088,0.3392,0.4075,0.2553,autoenc,0.8465,164.0,75.0,6.0,,,,1.0,0.44,0.1612514621371411,0.3154981732755835,0.7717472211302961,11.663273778160535,0.2825982166370306,15.892831069265352,7.281920616125388,0.3981155042891298,10.848519792487611,0.0273983739837398,0.009009009009009,0.1578569286154959,0.4916705412608735,0.0195921716218228,0.1399720387142476,0.3506768167529207,0.6687399420709208,0.0037408349543618,0.0127936555439174,0.0464611701331737,0.1791859943139308,0.3316624270537184,0.231482866975909,0.1167888672751758,0.0432440520724225,0.0317970971120754,0.0028430345653149,0.7266197815352387,0.2081400568606913,0.060825976357923,0.0044141852461469
952,0.5312,0.3233,0.4873,0.4908,0.4376,0.433,kmeans,0.6873,171.0,9.0,6.0,2.0447768354874825,8.755701181542126,0.2395486765890615,0.9994515762389852,0.6666666666666666,0.2795596637980175,0.6774433691570425,0.8138803417522333,3.6427888869453455,0.6036814919706642,6.2452372908442895,1.4798508951249514,0.976036469678872,2.95949225694547,0.0110461338531513,0.0277777777777777,0.182695175272406,0.2660786672777511,0.025800958368347,0.1606267672847433,1.0930849958432924,1.3650245395503582,0.1377364981080151,0.2676298589611283,0.2198830409356725,0.2163054695562435,0.0846233230134159,0.0246302029583763,0.0187134502923976,0.026281389748882,0.0034399724802201,0.0007567939456484,0.7212246302029584,0.2280701754385964,0.0352253181974544,0.0154798761609907
41,0.5053,0.3316,0.5105,0.5558,0.4642,0.4905,gmm,0.754,171.0,9.0,6.0,2.0376424165731386,10.554151841820502,0.2258034229398582,0.9994228855354628,0.6666666666666666,0.2728628328158544,0.6620688119400537,0.8247023929932273,3.6902481868373536,0.5740747703479719,6.19507493725552,1.4662212599391526,0.9267723720538906,2.878898142889393,0.0084470435347628,0.0,0.18324584161418,0.2452620481345238,0.0198242892235387,0.1407987543394428,1.2350229540365434,2.654883523161641,0.1407636738906088,0.292328861369109,0.252562779497764,0.1997248022015824,0.0766425868593051,0.013484692122463,0.0058479532163742,0.013828689370485,0.0043343653250774,0.0004815961472308,0.7149638802889577,0.2544203646370829,0.00921912624699,0.0213966288269693
46334,0.5053,0.3316,0.5105,0.5558,0.4642,0.4905,gmm,0.754,171.0,9.0,6.0,2.0376424165731386,10.554151841820502,0.2258034229398582,0.9994228855354628,0.6666666666666666,0.2728628328158544,0.6620688119400537,0.8247023929932273,3.6902481868373536,0.5740747703479719,6.19507493725552,1.4662212599391526,0.9267723720538906,2.878898142889393,0.0084470435347628,0.0,0.18324584161418,0.2452620481345238,0.0198242892235387,0.1407987543394428,1.2350229540365434,2.654883523161641,0.1407636738906088,0.292328861369109,0.252562779497764,0.1997248022015824,0.0766425868593051,0.013484692122463,0.0058479532163742,0.013828689370485,0.0043343653250774,0.0004815961472308,0.7149638802889577,0.2544203646370829,0.00921912624699,0.0213966288269693
41701,0.8166,1.0297,0.8398,0.8096,0.7628,0.8799,dbscan,0.4153,421.0,557.0,4.0,,,,,0.7145421903052065,0.0219475091054995,0.0407234937254855,0.9916583274685318,29.832030414195174,0.0135851993758528,30.34817426019826,29.158340681455552,0.0023675413846126,29.237731127709207,0.2030516381872689,0.0001033284682846,0.0199162615550984,0.3082281934125852,0.0259226636403829,0.1610051665021436,0.1673017437886432,-0.4876352050712991,0.1282094785657731,0.1561588055649813,0.1768691324510801,0.2442710100667345,0.178316932473702,0.0818459450288428,0.025540097274064,0.0072729329261395,0.0013346906458545,0.0001809750028277,0.6348829317950458,0.342042755344418,0.0212871847076122,0.0017871281529238
41919,1.1605,1.191,0.9549,1.2258,1.1771,1.0011,gmm,0.359,421.0,22.0,4.0,0.707185214951699,1.1140501896032218,0.3205003673608485,0.9999999997801466,0.4545454545454545,0.3955882732374327,0.6785826540652888,0.6450808736982758,6.345882487839487,0.3085776449120344,8.616789466637744,2.2580568569040063,0.2823161908505446,3.090778138150021,0.0043187216583891,0.0692640692640692,0.2670073197058488,0.5193004104861856,0.030105727436954,0.1735100211427398,-0.4440487884289517,-0.5560412809694477,0.0046827281981676,0.0443388756927949,0.0958149530596086,0.1121818798778418,0.1352335708630245,0.2271123176111299,0.2458432304038004,0.111028164234815,0.0219658409682162,0.0017984390906006,0.6567695961995249,0.3078724126230064,0.0353579911774686,0.0
46879,0.7746,0.7746,0.7746,0.7746,0.7746,0.4932,kmeans,0.4783,432.0,14.0,4.0,0.301473944081451,1.5889197845148428,0.6283682686644739,0.99999999999906,0.2142857142857142,0.7005606545109883,0.9805202914667108,0.3236102401974957,4.598572674967765,0.571965971007206,8.433426539406318,0.1004974366848589,3.822367683027393,0.0,0.0,0.4615384615384615,0.3322853105752127,0.4642729999350503,0.0705159303290753,0.2655483577977378,-0.3218916460861409,-0.7307667990828794,0.1595986938214316,0.0273051473747529,0.0560926355589928,0.0367792386353871,0.2518582968118931,0.208344074933402,0.0627094612013405,0.0341045802182693,0.1604150554266563,0.002792816017874,0.636171264071496,0.3614655839133797,0.0023631520151241,0.0
1553,0.6274,0.4729,0.5379,0.6274,0.5379,0.667,dictlearn,0.5069,560.0,18.0,3.0,0.8098422655100642,1.8303419072289795,0.0968644078490244,0.9858991124462724,0.6666666666666666,0.2041192041083875,0.4129852224339791,0.8562738660788377,5.857651290100893,0.2259869972080093,7.5977313637152655,2.8842742985977456,0.2404235091729887,3.9290515941610726,0.0014880952380952,0.0457516339869281,0.1912103894176149,0.5953373895539104,0.0196088985964738,0.1400317770953216,-0.1353262677296441,-0.4477523927257203,0.0001469460771786,0.0027408637873754,0.0141451571684129,0.0631229235880398,0.1817147968310759,0.2588998211091234,0.2144262714030156,0.1976296958855098,0.0630462560695118,0.0041272680807564,0.6478596984410938,0.3210707896754408,0.029446716074623,0.0016227958088423
46505,0.399,0.3441,0.4052,0.4345,0.3645,0.3687,gmm,0.7179,575.0,10.0,4.0,8.022662644931389,132.83677841221265,0.0658582061749814,0.9999999999878504,0.9,0.1613541957487607,0.4115628602546126,0.9790494935837448,3.535445675956448,0.7764453952544561,5.228407597589078,1.4797400085045094,1.2147899500999242,2.150157022976086,0.02,0.0,0.0786260548312783,0.1105689729733916,0.0088030812802358,0.0938247370379252,3.955204054354289,19.8671153484285,0.594352370852901,0.3400333282835934,0.0238569913649447,0.017051961823966,0.0042357218603241,0.0137251931525526,0.0031692167853355,7.87759430389335e-05,0.0034479624299348,4.847750340857446e-05,0.9336403575215876,0.024475079533404,0.0167429177397364,0.0251416452052719
46827,0.6176,0.5578,0.7468,0.6192,0.5425,0.7048,agg,0.5693,623.0,1569.0,3.0,,,,,0.3766730401529636,0.0036980523503119,0.0101151843137368,0.9993023597157754,50.179887293496,0.0028680044335115,50.34462784099138,49.98454051229375,0.0007151490722114,50.01339902510882,0.1988681179391644,0.0005072774807819,0.0229285430752378,0.1353762152163637,0.00785406460268,0.0886231606448342,2.1922355607781188,10.715873823020113,0.3753128983809283,0.4506252806408158,0.1344650147352557,0.0262499161303308,0.0068747322622101,0.0026735069908594,0.0012490129185096,0.0014296552827569,0.0008877281900151,0.0002322544683179,0.7648088029604703,0.201534943975061,0.0204641992640113,0.0131920538004572
458,1.0082,0.5063,0.9928,1.0082,0.9957,0.745,kmeans,0.9876,672.0,70.0,4.0,1.1263733326433665,2.4485834144165417,0.147925249493768,1.0,0.8,0.1527154643195625,0.3240827472065034,0.8660056553318388,11.69324716562279,0.1594568354698068,14.083897995163303,7.976503937021007,0.0998520605930128,8.916755874083831,0.009141156462585,0.0,0.1149989854340773,0.399505127215522,0.0137428785147932,0.1172300239477638,0.2145431581448947,-0.0176794584053636,0.0011532183663331,0.0369695195514867,0.1683610105741253,0.3039573131786247,0.2956408345752608,0.146693811652828,0.0383312043148108,0.00801043219076,0.0008516074089844,3.1048186785891704e-05,0.6775024838549428,0.2797796465829252,0.0396041799730324,0.0031136895890994
44556,0.529,0.3471,0.5264,0.5201,0.5128,0.4681,kmeans,0.7367,676.0,18.0,4.0,1.0880864485930808,5.631487126873716,0.4061152993244931,0.9999999999998646,0.3888888888888889,0.5224337573544181,0.7983733243104617,0.5467881900657449,5.493178299611066,0.4413703130852408,8.574209624142734,1.70396663237761,0.3436885852323357,2.085365962716136,0.0016436554898093,0.196078431372549,0.3403679912867395,0.2762542434171324,0.0172530632249106,0.1313509163459115,1.1238812270892158,2.1542756762053017,0.0391847468770545,0.2815296953758492,0.3069515669515669,0.2163927240850317,0.1010475564321718,0.0332544378698224,0.0088888888888888,0.0084812623274161,0.0033179925487617,0.0009511286434363,0.718088976550515,0.2469428007889546,0.0194433486741179,0.0155248739864124
44554,0.529,0.3471,0.5264,0.5201,0.5128,0.4681,kmeans,0.7367,676.0,18.0,4.0,1.0880864485930808,5.631487126873716,0.4061152993244931,0.9999999999998646,0.3888888888888889,0.5224337573544181,0.7983733243104617,0.5467881900657449,5.493178299611066,0.4413703130852408,8.574209624142734,1.70396663237761,0.3436885852323357,2.085365962716136,0.0016436554898093,0.196078431372549,0.3403679912867395,0.2762542434171324,0.0172530632249106,0.1313509163459115,1.1238812270892158,2.1542756762053017,0.0391847468770545,0.2815296953758492,0.3069515669515669,0.2163927240850317,0.1010475564321718,0.0332544378698224,0.0088888888888888,0.0084812623274161,0.0033179925487617,0.0009511286434363,0.718088976550515,0.2469428007889546,0.0194433486741179,0.0155248739864124
44557,0.529,0.3471,0.5264,0.5201,0.5128,0.4681,kmeans,0.7367,676.0,18.0,4.0,1.0880864485930808,5.631487126873716,0.4061152993244931,0.9999999999998646,0.3888888888888889,0.5224337573544181,0.7983733243104617,0.5467881900657449,5.493178299611066,0.4413703130852408,8.574209624142734,1.70396663237761,0.3436885852323357,2.085365962716136,0.0016436554898093,0.196078431372549,0.3403679912867395,0.2762542434171324,0.0172530632249106,0.1313509163459115,1.1238812270892158,2.1542756762053017,0.0391847468770545,0.2815296953758492,0.3069515669515669,0.2163927240850317,0.1010475564321718,0.0332544378698224,0.0088888888888888,0.0084812623274161,0.0033179925487617,0.0009511286434363,0.718088976550515,0.2469428007889546,0.0194433486741179,0.0155248739864124
44606,0.3034,0.5955,0.2697,0.2697,0.4045,0.3146,dbscan,0.412,864.0,100.0,9.0,,,,1.0,0.74,0.0326429995887214,0.0915491598453285,0.9429417997028848,8.79425277306448,1.1755409257286984,25.22656071986212,3.3116241691382533,2.4696733034783307,14.731077732562172,0.08,0.0014141414141414,0.0543402155404046,0.125452232989894,0.0217486497739258,0.1474742342713663,1.441687771894677,1.7648814842879554,0.5882794729839921,0.1763497274795073,0.1135037122870263,0.0298860563924295,0.0672047337024162,0.015602871121411,0.0060646538775159,0.0028673662074589,0.0002226299300459,1.877601819664392e-05,0.8487779494442299,0.0850419509892279,0.0524441011115402,0.0137359984550019
44603,0.2381,0.6095,0.2286,0.2857,0.3333,0.4667,dbscan,0.4861,864.0,100.0,9.0,,,,1.0,0.76,0.0329795775866011,0.0866558584444751,0.9464344099479431,9.06064488129847,1.1043119754680415,29.41090203901512,3.387415977332725,2.388897885686206,14.731077732562012,0.09,0.0016161616161616,0.0489682052043417,0.132856917638557,0.0215254336367782,0.1467154853339559,1.5061558719448582,1.9614286256507656,0.58484614394232,0.1857887000557916,0.093708424531136,0.0334266769666537,0.083019505600618,0.0033796832753959,0.0128374318698768,0.0027868975580447,0.0001823956053388,2.414059482425647e-05,0.859161087506974,0.039003154371057,0.085953929015922,0.0158818291060469
44607,0.338,0.3803,0.3662,0.3521,0.4225,0.4366,dictlearn,0.3287,864.0,100.0,9.0,,,,1.0,0.72,0.0287761251930169,0.0764154500185919,0.9395639445126228,8.649115944056321,1.152681366949557,24.485245839976,3.320994009737085,2.39002762585332,17.00010247970731,0.13,0.0008080808080808,0.0456780990411193,0.1456680559503699,0.028193383267676,0.1679088540478911,1.359272399229957,1.2016567969708412,0.5292128020256641,0.1927116861937255,0.1057331230419295,0.0689669971245869,0.0501319685850392,0.0347651388352431,0.0077276726320758,0.0102168361872881,0.0004452598600918,8.851551435560706e-05,0.8367317926269259,0.0812787004849577,0.0702866829749796,0.0117028239131367
44604,0.2353,0.3039,0.3529,0.4412,0.4706,0.4412,autoenc,0.4722,864.0,100.0,9.0,,,,1.0,0.74,0.0391746448873061,0.0931272877749965,0.9400554582154982,9.19693154092645,1.0853039154627195,25.09569684975387,3.24494500018909,2.461955376610796,13.18354355709305,0.08,0.0012121212121212,0.0574401902135128,0.1319046738116214,0.0204938290478925,0.1431566591112426,1.5239633959312873,2.165584423415021,0.5364871679327068,0.2498846616025063,0.0814235440539032,0.0380804471911076,0.0725854040599116,0.0099915239689283,0.0087523067679498,0.0025213510149778,0.0002387236599287,3.486974807948157e-05,0.8533914853439767,0.0530583451354019,0.0795620359641217,0.0139881335564997
46788,0.4017,0.1906,0.3804,0.3713,0.3867,0.3888,kmeans,1.0,876.0,1178.0,8.0,,,,,0.7028862478777589,0.0206113266228924,0.0464576574575694,0.9836772935263498,43.80860560208752,0.0228045865159367,45.05435411034765,42.22494832174527,0.0055760033451826,42.47504358082433,0.1864810335604809,6.202641748394887e-05,0.0239399470476207,0.1791344144999885,0.0086827151998166,0.0931810882090174,1.581429852866853,4.441603733721957,0.1655812133072407,0.5148597521200261,0.2251376386170906,0.065030658838878,0.018815394651011,0.006914546640574,0.002604044357469,0.000842791911285,0.0001696020874103,4.435746901500326e-05,0.7616699282452707,0.1946849315068493,0.0278643183300717,0.0157808219178082
