dataset_id,LSE_kmeans,LSE_dbscan,LSE_agg,LSE_gmm,LSE_autoenc,LSE_dictlearn,best_method,gt_accuracy,ae_mean_0,ae_mean_1,ae_mean_2,ae_mean_3,ae_mean_4,ae_mean_5,ae_mean_6,ae_mean_7,ae_mean_8,ae_mean_9,ae_var_0,ae_var_1,ae_var_2,ae_var_3,ae_var_4,ae_var_5,ae_var_6,ae_var_7,ae_var_8,ae_var_9,ae_mean_10,ae_mean_11,ae_mean_12,ae_mean_13,ae_mean_14,ae_mean_15,ae_mean_16,ae_mean_17,ae_mean_18,ae_mean_19,ae_var_10,ae_var_11,ae_var_12,ae_var_13,ae_var_14,ae_var_15,ae_var_16,ae_var_17,ae_var_18,ae_var_19
41004,0.6899,0.4163,0.5182,0.617,0.6524,0.4088,kmeans,0.9904,-0.1218547523021698,-2.6622085571289062,-0.2792477607727051,0.893403947353363,-0.2376978993415832,-0.1224792152643203,1.953623414039612,-0.4282920658588409,,,2.792163372039795,3.948006629943848,3.75260329246521,2.9015016555786133,3.97144627571106,7.3333868980407715,3.180990695953369,4.4059648513793945,,,,,,,,,,,,,,,,,,,,,,
4153,0.7143,0.3429,0.6,0.6571,0.6857,0.5714,kmeans,0.9722,0.122446484863758,-0.2039615362882614,0.7656538486480713,-0.0358027443289756,0.0937683880329132,0.440961480140686,-0.4809170365333557,1.3709516525268557,-0.0687848031520843,-0.2320049554109573,2.84116530418396,3.605264902114868,1.3105401992797852,4.077356338500977,1.5430328845977783,1.751373529434204,0.6864949464797974,0.8451108336448669,3.1787500381469727,4.217662811279297,-0.1313622891902923,-0.0612414143979549,,,,,,,,,3.4254400730133057,0.4534183144569397,,,,,,,,
1465,0.5,0.3333,0.5833,0.4167,0.4167,0.3333,agg,0.5455,1.2548608779907229,0.2707352936267853,-0.742712676525116,0.7761476635932922,-0.5061766505241394,-0.3345631659030914,0.442046582698822,-0.1812675893306732,0.513889491558075,-0.3886099755764007,0.5727203488349915,0.5850018262863159,0.6836101412773132,0.5375159382820129,0.615850567817688,0.9129163026809692,0.718106210231781,0.7507691979408264,0.6865966320037842,0.5686115622520447,0.2414404600858688,-0.6171969175338745,,,,,,,,,0.7176753282546997,0.7421952486038208,,,,,,,,
375,0.3881,0.1685,0.4636,0.507,0.3364,0.3235,gmm,0.9709,-3.178006887435913,-0.248969167470932,-0.2899141311645508,0.5973505973815918,1.7415642738342283,0.8473580479621887,-0.4975878298282623,-0.5544317960739136,1.7216544151306152,1.9650352001190183,0.7309011816978455,0.3937759399414062,0.4841253459453583,1.0111744403839111,1.3855890035629272,0.5226468443870544,1.0586026906967163,0.4229234755039215,0.7236700654029846,0.3532871305942535,-0.019010554999113,0.4277780055999756,2.831193208694458,-0.2797821462154388,1.0952759981155396,0.4144158959388733,-0.5708147883415222,1.2459999322891235,,,0.5240892171859741,0.918929934501648,0.6821017861366272,0.4510467052459717,0.5663412809371948,0.7289637923240662,0.3780255019664764,1.1569784879684448,,
46879,0.82,0.82,0.82,0.82,0.82,0.48,kmeans,0.463,0.4572277069091797,-0.3690234422683716,-0.071175642311573,0.438632607460022,1.6390347480773926,0.7206204533576965,0.0200674291700124,0.9647791981697084,,,1.559638500213623,2.7912230491638184,1.470287561416626,3.5001420974731445,0.5636151432991028,0.8367798328399658,0.3734895586967468,0.6173282265663147,,,,,,,,,,,,,,,,,,,,,,
47000,0.7315,0.6944,0.6944,0.7593,0.713,0.5278,gmm,0.6923,0.0742240995168685,-0.6693347096443176,0.2893864512443542,0.1037879586219787,0.1683211326599121,0.5124405026435852,0.3528489172458648,-0.4005942940711975,,,0.7883838415145874,0.7568368911743164,1.378205418586731,0.8361085653305054,1.367337942123413,0.937052845954895,0.9763034582138062,1.2003742456436155,,,,,,,,,,,,,,,,,,,,,,
42186,0.8889,0.7407,0.8889,1.037,0.9259,0.4444,gmm,0.9,-0.359815388917923,0.0265795812010765,-0.0085634840652346,-0.1354406327009201,-0.7836073637008667,0.3227375447750091,0.4837352633476257,0.0330316424369812,,,0.5790033340454102,0.509158194065094,0.6354703307151794,0.8857736587524414,0.4959629774093628,0.6463174223899841,0.7591999769210815,0.6498349905014038,,,,,,,,,,,,,,,,,,,,,,
44517,0.3917,0.2433,0.4184,0.4214,0.4036,0.2967,gmm,0.8425,-0.0047777751460671,-0.1956217885017395,-0.6835805773735046,0.0826877877116203,1.0731669664382937,-0.5534105896949768,0.1195233166217804,0.3987695574760437,0.7718870043754578,-0.2583920657634735,4.1359477043151855,6.4478373527526855,5.372437953948975,7.059874057769775,4.5100417137146,5.687562942504883,5.393733978271484,7.223663806915283,7.2048163414001465,4.694666385650635,,,,,,,,,,,,,,,,,,,,
44636,0.6038,0.4394,0.6065,0.6739,0.5741,0.4744,gmm,0.9275,-0.345106691122055,-1.1624363660812378,0.1261734962463379,0.1245531812310218,0.1684772670269012,0.9194332361221312,0.6386252641677856,-0.862660825252533,0.3297381997108459,0.189508855342865,1.7783557176589966,0.961140275001526,1.6697994470596311,1.28570556640625,0.7041937112808228,1.673794865608215,1.2651796340942385,1.4826507568359375,2.379474878311157,1.268423318862915,0.9244179725646972,-0.6120096445083618,0.9365569353103638,-0.7662194967269897,,,,,,,0.7067465782165527,1.043420910835266,0.8190926909446716,1.2448866367340088,,,,,,
1459,0.2116,0.234,0.2217,0.2607,0.2521,0.2361,gmm,0.9178,0.4002842009067535,-0.2522911727428436,-0.1380690634250641,-1.3014214038848877,0.5562153458595276,0.0007878438918851,-0.1014779433608055,-0.8295370936393738,-0.2273434400558471,-1.1379375457763672,0.4714206755161285,0.6045926809310913,0.2700770199298858,0.5253358483314514,0.4148760735988617,0.2052208930253982,0.2574228048324585,0.50932377576828,0.4837020337581634,0.4691490828990936,0.563554048538208,0.7310677766799927,-0.8862749338150024,-0.2719994187355041,-0.3179074823856354,0.2270838171243667,1.372630953788757,-0.6248720288276672,0.5879115462303162,0.8172128200531006,0.3720763921737671,0.9941443800926208,0.3307731449604034,0.728327751159668,0.4978387057781219,0.4364384114742279,0.1275619268417358,0.3550005257129669,0.5753137469291687,0.6293493509292603
46505,0.8039,0.8137,0.7549,0.7549,0.8235,0.8235,autoenc,0.7083,0.0241799987852573,1.2901842594146729,0.4624815881252289,-0.3102378249168396,-1.1004459857940674,0.5745768547058105,0.1185197755694389,0.6405270099639893,,,1.380681037902832,1.71930730342865,2.7718095779418945,1.12706196308136,1.968052864074707,1.1332228183746338,0.6393916606903076,1.6552464962005615,,,,,,,,,,,,,,,,,,,,,,
44634,0.5543,0.4429,0.6033,0.712,0.6168,0.4674,gmm,0.92,-0.2263529002666473,-1.098627686500549,0.1996287703514099,-0.0282260328531265,0.0769756138324737,0.9248913526535034,0.5160367488861084,-0.8119259476661682,0.3788089454174042,0.0593199059367179,1.953421950340271,0.9320866465568542,1.754838228225708,1.4202880859375,0.6560987234115601,1.54903244972229,1.323701024055481,1.3567546606063845,2.4593710899353027,1.149196743965149,0.9311193227767944,-0.5849932432174683,0.8451537489891052,-0.8650156259536743,,,,,,,0.6770698428153992,1.105934500694275,0.7303220629692078,1.2444632053375244,,,,,,
46566,1.0109,1.0109,1.0273,1.0546,1.0164,0.8743,gmm,0.3631,0.3748971819877624,-0.1297404319047927,-2.12524676322937,-1.161028265953064,0.7058644890785217,0.7819368839263916,-0.1032942533493042,-0.0122409462928771,,,5.658599853515625,1.1502692699432373,1.6659849882125854,0.9227526783943176,2.717601776123047,1.8294140100479128,5.695635795593262,1.6199114322662354,,,,,,,,,,,,,,,,,,,,,,
40997,0.4464,0.7242,0.4753,0.5719,0.5848,0.4303,dbscan,0.9904,-0.1122649759054184,-0.7633674740791321,0.2188055664300918,-1.7134959697723389,0.2715258300304413,-1.282636284828186,1.0307124853134155,-1.7032982110977173,,,2.813361406326294,4.351706027984619,7.255340576171875,4.420352458953857,3.871270418167114,4.47849178314209,4.672909736633301,3.653422117233277,,,,,,,,,,,,,,,,,,,,,,
62,1.0,1.0,1.0,1.0,1.0,0.5,kmeans,0.7619,0.1994145363569259,-0.2018335610628128,0.160996526479721,-0.953160285949707,-0.1102408766746521,-0.3358480334281921,0.113943375647068,-0.6693260669708252,-0.0104609904810786,-0.2145870923995971,0.5670916438102722,0.0276556350290775,0.2735265791416168,0.0638741552829742,0.7154285907745361,0.2090621441602707,0.4496084749698639,0.1889522671699524,0.4937583804130554,0.4247590601444244,0.1523039489984512,-0.2185240685939788,0.0137967523187398,-0.4935875535011291,,,,,,,0.4217163622379303,0.0715709328651428,0.0605560429394245,0.0549188256263732,,,,,,
1529,0.2926,1.0222,0.3667,0.2852,0.2926,0.2407,dbscan,0.8852,-0.3959136009216308,0.2147002965211868,-0.4562043249607086,0.0427589751780033,-0.6441646218299866,-0.4512070715427398,0.0282852686941623,-0.2206315696239471,0.257835179567337,0.3645176589488983,0.5334909558296204,0.2705374360084533,0.2687353491783142,0.6915844082832336,0.5776941180229187,0.2648208141326904,0.9712913036346436,0.5220156908035278,0.3494722247123718,1.0786211490631104,,,,,,,,,,,,,,,,,,,,
1539,0.2376,0.9856,0.3176,0.2434,0.2733,0.4194,dbscan,0.9471,-0.2673054039478302,0.2105461657047271,-0.3708275854587555,0.0017149978084489,-0.7182364463806152,-0.4906343519687652,-0.0455404594540596,-0.2949569225311279,0.187799796462059,0.3718427419662475,0.46503546833992,0.2749315500259399,0.3492425084114074,0.6533612012863159,0.5095790028572083,0.2431279718875885,1.104032278060913,0.4861782789230346,0.389867752790451,1.1993069648742676,,,,,,,,,,,,,,,,,,,,
1500,1.0263,0.7368,1.0,0.9474,1.0263,0.7368,kmeans,0.9048,0.2125170528888702,0.2192254811525344,0.3971104919910431,0.1601864099502563,-0.2747587561607361,0.2587954401969909,-0.2263878583908081,-0.1003930941224098,,,1.041360855102539,0.4606779217720032,1.246180295944214,0.8887819647789001,1.0733680725097656,0.8917716145515442,0.4938944280147552,0.2696755230426788,,,,,,,,,,,,,,,,,,,,,,
1533,0.2445,0.9925,0.4266,0.263,0.2954,0.4217,dbscan,0.9644,-0.4071581363677978,0.2011682391166687,-0.3764222860336303,0.0014701453037559,-0.7005326151847839,-0.4382310807704925,-0.0322869010269641,-0.3498547077178955,0.1474353820085525,0.3292127847671509,0.4298709630966186,0.2807897925376892,0.3583271503448486,0.6993218064308167,0.5558439493179321,0.259903997182846,0.9592174291610718,0.4265990555286407,0.3962376117706299,1.1881893873214722,,,,,,,,,,,,,,,,,,,,
1523,0.5686,0.4902,0.5882,0.9608,0.6078,0.5098,gmm,0.8226,-0.2023958712816238,-0.6859707832336426,-0.2254178822040558,-0.141416534781456,-0.4077597558498382,-0.5187580585479736,0.0903268456459045,-0.2867949306964874,,,0.7811983823776245,0.9415028691291808,0.6552096009254456,1.0249866247177124,0.4232679605484009,1.0899730920791626,0.9029293656349182,0.3789929449558258,,,,,,,,,,,,,,,,,,,,,,
22,0.4667,0.1433,0.64,0.5967,0.6033,0.6067,agg,0.75,1.8623934984207156,-0.7459983229637146,0.8575635552406311,3.213418483734131,1.1415249109268188,-0.0676449760794639,1.1700265407562256,2.154804229736328,1.302882194519043,0.5041286945343018,1.7713814973831177,1.8329561948776243,1.0414847135543823,1.384848952293396,1.803167462348938,1.408921241760254,1.4207109212875366,0.9366682171821594,1.7638015747070312,0.7318592667579651,0.2902049422264099,0.1954638510942459,1.1320834159851074,1.5672472715377808,0.8376893401145935,-1.452204704284668,0.0558765269815921,-0.0853732079267501,-1.93100905418396,-0.7031468749046326,0.8317186832427979,1.3969470262527466,1.315110683441162,1.6685914993286133,1.8123735189437864,1.869551181793213,1.2778234481811523,1.3133403062820437,1.048435926437378,1.655349850654602
45688,0.8333,1.0,0.8333,0.75,0.9167,0.9167,dbscan,0.3871,0.1041484624147415,-0.7462559938430786,0.0958644077181816,-0.3303351402282715,-0.3277204632759094,0.0144436173141002,0.7805440425872803,0.3976121544837951,,,0.0928576290607452,0.5968710780143738,0.5485175251960754,0.5240183472633362,0.5798243284225464,0.4473386108875274,0.0126036023721098,0.3307801783084869,,,,,,,,,,,,,,,,,,,,,,
46745,0.6688,0.4347,0.7225,0.612,0.7252,0.609,autoenc,1.0,1.09145987033844,-0.3440880179405212,-0.6753366589546204,-0.0453820303082466,-1.0556509494781494,0.4326269626617431,0.3989668786525726,-0.1512134969234466,0.5617370009422302,-0.2774315774440765,0.7627118229866028,1.2990272045135498,1.5588836669921875,2.146986246109009,0.9961971640586852,1.2237223386764526,1.6024843454360962,1.2832130193710327,1.0654687881469729,1.4642702341079712,0.8621487021446228,0.035098098218441,,,,,,,,,1.444705605506897,1.4973379373550415,,,,,,,,
40498,0.4009,0.6532,0.3664,0.4715,0.461,0.4129,dbscan,0.6796,1.0024133920669556,0.4691669940948486,-0.6612099409103394,0.5243869423866272,0.5723371505737305,-0.9449604749679564,1.4536018371582031,0.4684700071811676,1.8613768815994265,-0.7332215905189514,0.5791524052619934,0.8079667091369629,0.7919332981109619,0.9844844937324524,0.7681818008422852,1.0570718050003052,1.1966720819473269,0.5699146389961243,0.9002009630203247,0.7646759748458862,1.653460144996643,0.9305453300476074,0.4272730648517608,-2.4876084327697754,,,,,,,0.988277018070221,0.583550214767456,0.5329562425613403,0.9339892864227296,,,,,,
40475,0.7039,0.9106,0.5056,0.6872,0.7514,0.662,dbscan,0.6393,-0.4945918619632721,-0.9464734792709352,-1.731993317604065,0.5402385592460632,0.9424210786819458,0.0123196700587868,0.4504170715808868,-0.1321199238300323,-0.4880034327507019,0.5014281868934631,0.4586052000522613,0.994762659072876,1.353560447692871,0.6764046549797058,0.7591300010681152,1.2346175909042358,0.8479500412940979,0.83986496925354,0.7742483019828796,1.001607894897461,,,,,,,,,,,,,,,,,,,,
11,0.7113,0.5979,0.5979,0.7732,0.4948,0.5155,gmm,0.776,-1.2504180669784546,-0.450419545173645,0.616323709487915,-0.6246388554573059,-1.763196587562561,0.7489628791809082,0.4645173251628876,0.304714560508728,,,0.5049973726272583,0.7313180565834045,0.72052401304245,0.5496698617935181,0.2750648558139801,0.7818748950958252,0.9556543231010436,0.781312882900238,,,,,,,,,,,,,,,,,,,,,,
1551,0.375,0.375,0.6667,0.5833,0.3333,0.2917,agg,0.3,-0.200923278927803,-0.0166519489139318,-0.0561836287379264,1.722699522972107,0.4939548373222351,-0.4770745635032654,-1.0016759634017944,0.7338221073150635,-1.0114867687225342,0.4335165619850158,1.0122252702713013,1.0980982780456543,0.8578763008117676,1.072256326675415,1.061485767364502,0.9325793981552124,1.034135341644287,0.8472298383712769,1.044894456863403,0.9765005111694336,-0.5329750776290894,0.0335117876529693,-0.5550636649131775,-1.0395536422729492,-1.224029302597046,1.0011990070343018,,,,,0.9358180165290833,0.6909229755401611,0.841400146484375,0.8657889366149902,1.081145405769348,1.1441020965576172,,,,
46382,0.3611,0.3333,0.3611,0.3889,0.4074,0.2963,autoenc,0.75,0.0260924398899078,0.6235533356666565,-0.0774248838424682,0.7948336601257324,-0.8328714966773987,0.5170077085494995,0.2709164023399353,0.5001988410949707,1.629999041557312,-0.4142767190933227,1.3748382329940796,0.6961600184440613,1.0114761590957642,1.4413069486618042,1.5049937963485718,1.3038090467453003,0.4863594472408294,1.3222051858901978,2.3648252487182617,0.7344835996627808,-0.119395337998867,-0.6289226412773132,,,,,,,,,0.8301315903663635,1.5315487384796145,,,,,,,,
44513,0.3971,0.2441,0.3618,0.4118,0.3735,0.3059,gmm,0.85,0.5712487697601318,-0.1031262129545211,-0.9526216983795166,0.112365148961544,-0.0920151770114898,0.0103138359263539,-0.2719115018844604,0.0340394675731658,0.4399408102035522,-0.0805152207612991,5.7256035804748535,9.13343906402588,3.170614004135132,7.331263542175293,5.269227504730225,4.52529239654541,3.2137556076049805,8.695038795471191,5.71713924407959,3.979958534240722,,,,,,,,,,,,,,,,,,,,
44614,0.7842,1.0144,0.7698,0.7842,0.777,0.8129,dbscan,0.4712,-0.4000321626663208,0.0230285637080669,0.3103694915771484,-0.445455402135849,-0.1213083416223526,0.0707416385412216,-0.0624056942760944,1.318630933761597,,,0.9034927487373352,0.5135891437530518,0.3601939380168915,0.4015374183654785,0.4571884870529175,0.8133135437965393,0.8199905157089233,0.1356379836797714,,,,,,,,,,,,,,,,,,,,,,
44616,0.7842,1.0144,0.7698,0.7842,0.777,0.8129,dbscan,0.4712,-0.4000321626663208,0.0230285637080669,0.3103694915771484,-0.445455402135849,-0.1213083416223526,0.0707416385412216,-0.0624056942760944,1.318630933761597,,,0.9034927487373352,0.5135891437530518,0.3601939380168915,0.4015374183654785,0.4571884870529175,0.8133135437965393,0.8199905157089233,0.1356379836797714,,,,,,,,,,,,,,,,,,,,,,
377,0.5583,0.225,0.7,0.6583,0.5583,0.4,agg,1.0,1.5037575960159302,0.087760254740715,-0.4719589650630951,-0.3981505930423736,-0.1713571101427078,-0.0305856652557849,0.4583655297756195,-0.1677813678979873,0.424381673336029,0.0198365617543458,1.8050296306610107,2.9827911853790283,3.460299253463745,3.614464521408081,1.430209398269653,2.7094197273254395,2.48620867729187,2.0604214668273926,1.7788702249526978,2.9256751537323,0.6137292385101318,-0.3647701144218445,,,,,,,,,1.3756210803985596,2.039557218551636,,,,,,,,
40496,0.8286,0.5429,0.7429,0.7714,0.7571,0.8143,kmeans,0.7,-0.1645285636186599,0.2186121046543121,0.1291516125202179,-1.3245790004730225,0.5757198929786682,-0.1623040437698364,-0.1953041404485702,-0.3088458478450775,-0.1742875128984451,-0.2504681348800659,0.3123944699764251,0.4520950615406036,0.5997488498687744,0.2846027314662933,0.5516011118888855,0.5302500128746033,0.2544612288475036,0.4613204896450043,0.4429676532745361,0.5968776941299438,0.2747901380062103,0.90606951713562,-0.9900668859481812,0.0558815114200115,-0.4924106299877167,-0.100618340075016,0.4322153329849243,-0.7466250658035278,0.2720370292663574,0.6258256435394287,0.22356878221035,0.4968409240245819,0.3352903723716736,0.7204220294952393,0.6100637912750244,0.3336951434612274,0.5374398231506348,0.5223340392112732,0.370198130607605,0.7751873135566711
40474,0.7039,0.9106,0.5056,0.6872,0.7514,0.662,dbscan,0.6393,-0.4945918619632721,-0.9464734792709352,-1.731993317604065,0.5402385592460632,0.9424210786819458,0.0123196700587868,0.4504170715808868,-0.1321199238300323,-0.4880034327507019,0.5014281868934631,0.4586052000522613,0.994762659072876,1.353560447692871,0.6764046549797058,0.7591300010681152,1.2346175909042358,0.8479500412940979,0.83986496925354,0.7742483019828796,1.001607894897461,,,,,,,,,,,,,,,,,,,,
685,1.0,1.125,0.75,1.25,0.875,0.625,gmm,0.3077,0.1008641794323921,-0.5681890845298767,-0.3810489475727081,-0.0590166486799716,-0.3268505930900574,-0.2284752428531646,0.0635083764791488,-0.0664520338177681,-0.0473847016692161,0.4552032351493835,0.346181720495224,0.4816087484359741,0.3107759654521942,0.3295401036739349,0.3209151923656463,0.2522240281105041,0.3962124288082123,0.3968771696090698,0.6080626845359802,0.1226980164647102,,,,,,,,,,,,,,,,,,,,
46372,0.4695,0.1361,0.4771,0.7494,0.4746,0.4275,gmm,0.786,0.9846885204315186,-0.1784088909626007,0.7717809081077576,-1.7095885276794434,0.5838066935539246,0.2588251233100891,-1.2599612474441528,-0.6973350048065186,-0.6298314929008484,-0.731467068195343,0.3939140141010284,0.6197069883346558,0.2885943353176117,0.3841163218021393,0.3916967809200287,0.4731387197971344,0.2304961681365966,0.8284389972686768,0.3874635994434356,0.5267481803894043,0.6358625292778015,1.1589654684066772,-0.8562160730361938,-0.9590753316879272,-0.6573355793952942,-0.3008362650871277,1.0919426679611206,-0.7904291749000549,0.7040624618530273,0.3591728806495666,0.369779497385025,0.7052050828933716,0.3343949019908905,0.4860888421535492,0.2962327599525451,0.2800495028495788,0.261742889881134,0.4650157690048218,0.6294043064117432,0.6436681747436523
1560,0.6388,0.9187,0.4689,0.6292,0.4809,0.4952,dbscan,0.9812,1.4027860164642334,0.5068876147270203,0.0001475447061238,-0.0770759433507919,0.3026680648326874,0.2417059689760208,1.5060129165649414,-0.445955753326416,,,6.577542304992676,9.254205703735352,7.979428768157959,4.038754463195801,7.064515113830566,3.6775460243225098,6.427189826965332,5.680173397064209,,,,,,,,,,,,,,,,,,,,,,
43859,0.8889,0.7407,0.8889,1.037,0.9259,0.4444,gmm,0.9,-0.3635435402393341,0.0179181098937988,-0.0084730526432394,-0.1413272321224212,-0.7890440821647644,0.3232784569263458,0.4833450019359588,0.0250747371464967,,,0.5779135227203369,0.5132006406784058,0.6315159201622009,0.8811308145523071,0.4957333207130432,0.6383416056632996,0.7621018886566162,0.6520764827728271,,,,,,,,,,,,,,,,,,,,,,
44747,0.7544,0.8246,0.7143,0.6441,0.7368,0.3459,dbscan,0.9975,-0.3548536002635956,0.1585741192102432,-0.0141235813498497,0.6631824970245361,-0.0619220361113548,-0.9114211797714232,-0.680612325668335,0.1387312263250351,1.014794111251831,0.7794360518455505,0.9002050161361694,1.3132761716842651,1.4372193813323977,0.811765193939209,0.7221347093582153,1.5769342184066772,0.8421578407287598,0.5812284350395203,0.7658220529556274,1.19786274433136,,,,,,,,,,,,,,,,,,,,
1565,0.6923,0.9744,0.9487,0.8462,1.0,1.0,autoenc,0.661,-0.9444392323493958,-0.693913996219635,0.3057166039943695,0.2661501765251159,0.5242501497268677,0.4088621139526367,0.6566847562789917,0.3617771863937378,0.2575700879096985,0.7964109778404236,0.8986772894859314,1.020382046699524,1.1946001052856443,1.1850438117980957,1.107429265975952,0.8530269265174866,0.7113984227180481,0.827428936958313,0.5955992937088013,0.9915044903755188,,,,,,,,,,,,,,,,,,,,
1499,1.0263,0.7368,1.0,0.9474,1.0263,0.7368,kmeans,0.9048,0.2125170528888702,0.2192254811525344,0.3971104919910431,0.1601864099502563,-0.2747587561607361,0.2587954401969909,-0.2263878583908081,-0.1003930941224098,,,1.041360855102539,0.4606779217720032,1.246180295944214,0.8887819647789001,1.0733680725097656,0.8917716145515442,0.4938944280147552,0.2696755230426788,,,,,,,,,,,,,,,,,,,,,,
41919,1.1277,1.1915,0.9362,1.1702,1.1489,0.8511,dbscan,0.4434,-0.1394090205430984,-0.1071364507079124,-0.3421763181686401,0.7162469029426575,1.4649230241775513,0.2604099810123443,0.4596415162086487,0.0887762084603309,,,3.636373519897461,0.8903533220291138,2.0975430011749268,1.129133224487305,1.233643651008606,2.292157888412476,2.4964730739593506,2.200807571411133,,,,,,,,,,,,,,,,,,,,,,
44742,0.6397,0.6397,0.4926,0.5441,0.5809,0.3676,kmeans,0.34,0.0758999213576316,1.395363450050354,-0.3960194289684295,1.3262314796447754,1.073580980300903,0.0056592635810375,0.8966560363769531,1.0038189888000488,0.1164537221193313,1.3482540845870972,2.132589340209961,2.6115217208862305,2.5633349418640137,3.265916347503662,2.297867774963379,2.3617420196533203,2.232718706130981,2.775134325027466,2.3169875144958496,2.15939998626709,-0.2614209353923797,1.7243717908859253,0.9294055700302124,1.1195305585861206,-0.0165787693113088,0.3605389297008514,0.1190288811922073,0.7042328715324402,-0.4916873276233673,1.2595350742340088,2.546447515487671,2.828774690628052,3.803910255432129,2.403518915176392,3.3950812816619877,3.0952630043029785,3.1006979942321777,2.9653611183166504,2.9804766178131104,2.204030513763428
329,0.4074,0.3704,0.3704,0.3704,0.4074,0.4815,dictlearn,0.8438,-1.0333799123764038,-0.4310543835163116,0.5695415735244751,-0.3895212113857269,-1.3321232795715332,0.8237361311912537,0.4734682738780975,0.1496345698833465,,,0.5030819177627563,0.7790834307670593,0.6731809973716736,0.7131546139717102,0.3550979197025299,0.7449421882629395,0.7938887476921082,0.7217915058135986,,,,,,,,,,,,,,,,,,,,,,
42544,0.5208,0.1875,0.5,0.5417,0.4792,0.4167,gmm,0.9057,0.0190980676561594,0.2869676947593689,-0.1551291048526764,-1.2374290227890017,-0.1973744630813598,-0.3139652013778686,-0.17471344769001,0.0848407596349716,-0.0373888686299324,0.6336752772331238,0.8873618245124817,1.001414179801941,0.5680215358734131,0.453582227230072,0.5558304786682129,0.5039525032043457,0.4709159135818481,0.6134196519851685,1.172531008720398,0.6095405220985413,-0.3165770173072815,0.3645597398281097,0.6049218773841858,-0.1159072443842887,-0.7211127281188965,-0.1171462386846542,,,,,1.1868454217910769,0.3745977282524109,0.4068016111850738,0.394657552242279,0.8133947253227234,0.4899664223194122,,,,
46420,1.0819,1.0819,1.0877,1.1404,1.1053,0.9825,gmm,0.3393,0.8497076630592346,0.191782921552658,-0.7440231442451477,0.3277000188827514,-0.590786337852478,-0.2316522002220153,0.1497483253479004,0.2390709519386291,,,4.424354076385498,1.4810634851455688,5.505187511444092,1.337242603302002,1.006194829940796,0.9049082398414612,2.657108783721924,1.893331527709961,,,,,,,,,,,,,,,,,,,,,,
46840,0.4392,0.1762,0.3474,0.3821,0.3797,0.2432,kmeans,0.9527,-0.8225642442703247,-0.8429608345031738,-0.1933565437793731,-1.2136236429214478,2.471687793731689,0.0762871578335762,-0.3017686307430267,0.403619110584259,0.3603742122650146,-1.611493706703186,0.8855631351470947,0.5409172773361206,0.9655279517173768,0.3653070628643036,0.6949801445007324,0.7061134576797485,0.8100405335426331,0.6405650973320007,0.7638942003250122,0.3757783472537994,-0.2457895129919052,-0.6424756646156311,-0.2382685542106628,1.4975335597991943,,,,,,,0.8552277088165283,0.5659320950508118,1.0075761079788208,0.3036144077777862,,,,,,
694,0.3929,0.5893,0.4107,0.5714,0.4464,0.3214,dbscan,0.9032,-0.3817779719829559,-0.3105235993862152,0.0552798993885517,0.4042862355709076,0.3511681258678436,-0.0455877445638179,-0.9468737840652466,-0.0004882509529124,0.3125830888748169,-0.1241065561771392,0.2397449761629104,0.794075071811676,0.5618522763252258,0.542582094669342,0.5112212300300598,0.4542329907417297,0.2126805335283279,1.471721053123474,1.2059520483016968,0.054636463522911,0.3298510015010834,-0.0566164813935756,0.0794294103980064,-0.6508806943893433,0.4523162841796875,-0.5648930668830872,-0.370787650346756,0.2691789865493774,,,0.6929571032524109,0.5966492295265198,0.8025630116462708,0.3689558207988739,0.492389440536499,0.0682701095938682,1.1217267513275146,0.5574826002120972,,
44689,0.4739,0.7349,0.6386,0.4859,0.5341,0.49,dbscan,0.6225,0.7558754682540894,0.4454273879528045,-0.6504032611846924,0.6303156018257141,0.5576679110527039,-0.9042962789535522,1.3358873128890991,0.2552017271518707,1.4207481145858765,-0.7311594486236572,0.5837111473083496,0.8362410068511963,0.737921953201294,1.0203479528427124,0.6939952969551086,1.125970721244812,1.1989330053329468,0.6137886047363281,0.8400120735168457,0.7193636298179626,1.5602052211761477,0.884364902973175,0.5416290163993835,-2.448000907897949,,,,,,,0.94498610496521,0.5231657028198242,0.5879442095756531,1.0118911266326904,,,,,,
1537,0.2451,0.9918,0.3064,0.2415,0.2654,0.4269,dbscan,0.9754,-0.3849284946918487,0.1456325203180313,-0.3814420700073242,-0.0145954983308911,-0.703071117401123,-0.4800841510295868,-0.0820331797003746,-0.3432894945144653,0.1704314798116684,0.3370033502578735,0.4382964670658111,0.2911904454231262,0.3498193323612213,0.6661393642425537,0.5591902732849121,0.2334681153297424,0.9951276183128356,0.4665544927120209,0.391512781381607,1.2185975313186646,,,,,,,,,,,,,,,,,,,,
1476,0.3648,0.3286,0.3731,0.4599,0.3604,0.4031,gmm,0.9942,0.1813028007745742,0.1346495151519775,0.1453447341918945,0.0356743447482585,0.2114091664552688,-0.0723094120621681,0.045521467924118,-0.3942132294178009,0.0814944058656692,-0.2527376711368561,1.8719191551208496,2.3469443321228027,6.444612503051758,1.5682291984558103,1.373076319694519,2.383347272872925,2.525294542312622,1.1447004079818726,1.5589807033538818,1.890499830245972,-0.0321316346526145,0.0667577758431434,,,,,,,,,3.4712882041931152,1.5197683572769165,,,,,,,,
46334,0.6,0.5143,0.6286,0.6571,0.5143,0.5714,gmm,0.814,0.2898250818252563,0.2776322364807129,-0.3512995839118957,0.3394173979759216,-0.8064620494842529,-0.388858824968338,0.33880615234375,0.3073721826076507,0.5532367825508118,0.1451020389795303,0.5425315499305725,0.6973798871040344,0.6395390629768372,0.5806133151054382,0.5194655656814575,1.5246665477752686,0.8823385834693909,0.8273076415061951,0.9323330521583556,0.9383441209793092,0.2314018160104751,-0.6643975973129272,,,,,,,,,0.9939516186714172,0.8778250813484192,,,,,,,,
46871,0.6688,0.4347,0.7225,0.612,0.7252,0.609,autoenc,1.0,1.09145987033844,-0.3440880179405212,-0.6753366589546204,-0.0453820303082466,-1.0556509494781494,0.4326269626617431,0.3989668786525726,-0.1512134969234466,0.5617370009422302,-0.2774315774440765,0.7627118229866028,1.2990272045135498,1.5588836669921875,2.146986246109009,0.9961971640586852,1.2237223386764526,1.6024843454360962,1.2832130193710327,1.0654687881469729,1.4642702341079712,0.8621487021446228,0.035098098218441,,,,,,,,,1.444705605506897,1.4973379373550415,,,,,,,,
46808,0.5215,0.5083,0.5798,0.5916,0.6166,0.524,autoenc,0.5033,-0.8339229822158813,0.2337587177753448,-0.9545660614967346,-0.4367077052593231,0.7187312841415405,-2.4004127979278564,0.1744828671216964,-2.8198437690734863,0.6549978256225586,1.8176649808883667,0.8140679001808167,1.9085514545440676,0.6832489371299744,0.7126020193099976,0.989437699317932,1.203598976135254,0.907436192035675,2.5209779739379883,1.0121312141418457,1.9431408643722532,1.6050349473953247,-0.176146313548088,,,,,,,,,0.6941304802894592,1.061514973640442,,,,,,,,
41,0.6,0.5143,0.6286,0.6571,0.5143,0.5714,gmm,0.814,0.2898250818252563,0.2776322364807129,-0.3512995839118957,0.3394173979759216,-0.8064620494842529,-0.388858824968338,0.33880615234375,0.3073721826076507,0.5532367825508118,0.1451020389795303,0.5425315499305725,0.6973798871040344,0.6395390629768372,0.5806133151054382,0.5194655656814575,1.5246665477752686,0.8823385834693909,0.8273076415061951,0.9323330521583556,0.9383441209793092,0.2314018160104751,-0.6643975973129272,,,,,,,,,0.9939516186714172,0.8778250813484192,,,,,,,,
44623,0.7461,0.1062,0.7176,0.7383,0.7772,0.5959,autoenc,0.965,0.6061313152313232,0.1747371703386306,0.0332888141274452,0.6166160106658936,0.9066126942634584,-0.3830373287200928,0.0908857882022857,0.4720515012741089,-0.1065536439418792,2.016124963760376,1.7983089685440063,1.7802553176879885,3.089848518371582,2.076591968536377,3.7052154541015625,3.923770666122437,3.7924859523773193,2.1487414836883545,2.6695456504821777,2.078386783599853,-0.233490452170372,0.9204867482185364,-0.1275315880775451,0.1393806338310241,-0.4021067321300506,-0.0504070073366165,-0.1103201359510421,-0.7277254462242126,0.9806632995605468,2.7298429012298584,3.122609615325928,2.667013645172119,3.4509494304656982,4.49680757522583,2.8576302528381348,2.1653974056243896,2.6464197635650635,2.460499763488769,4.132776260375977,1.7992900609970093
1549,0.3333,0.3333,0.4667,0.4,0.4444,0.5556,dictlearn,0.3,0.4563550353050232,-0.0727245062589645,-0.2243128716945648,2.4704949855804443,0.4080118834972381,-0.1869273483753204,-0.150891825556755,0.4551733434200287,-1.0826503038406372,0.9587660431861876,0.8326331973075867,1.034396052360535,0.8884744048118591,1.4095382690429688,0.8973577618598938,0.7754272222518921,0.846329927444458,0.8766871094703674,1.0223288536071775,0.950727641582489,-0.0099940979853272,0.4232994318008423,0.5416670441627502,-1.4175373315811155,-1.4417710304260254,0.9297257661819458,,,,,0.8164291381835938,0.9093044996261596,0.8406656384468079,0.9475322365760804,1.1192461252212524,1.0601930618286133,,,,
44664,0.4318,0.7364,0.4818,0.4545,0.4409,0.45,dbscan,0.55,0.4172914624214172,-0.7534677982330322,0.6225279569625854,1.0357928276062012,0.7045478820800781,0.2972030341625213,-1.0051300525665283,-1.157091498374939,-0.2407355904579162,-0.3026449680328369,4.966065883636475,4.856301784515381,7.51190185546875,4.611684799194336,4.626800537109375,3.3908398151397705,6.9284348487854,4.377262592315674,4.174709796905518,4.514310836791992,-0.243336409330368,1.1140010356903076,,,,,,,,,5.2538743019104,3.555905103683472,,,,,,,,
44613,0.7842,1.0144,0.7698,0.7842,0.777,0.8129,dbscan,0.4712,-0.4000321626663208,0.0230285637080669,0.3103694915771484,-0.445455402135849,-0.1213083416223526,0.0707416385412216,-0.0624056942760944,1.318630933761597,,,0.9034927487373352,0.5135891437530518,0.3601939380168915,0.4015374183654785,0.4571884870529175,0.8133135437965393,0.8199905157089233,0.1356379836797714,,,,,,,,,,,,,,,,,,,,,,
46652,0.5215,0.5083,0.5798,0.5916,0.6166,0.524,autoenc,0.5033,-0.8339229822158813,0.2337587177753448,-0.9545660614967346,-0.4367077052593231,0.7187312841415405,-2.4004127979278564,0.1744828671216964,-2.8198437690734863,0.6549978256225586,1.8176649808883667,0.8140679001808167,1.9085514545440676,0.6832489371299744,0.7126020193099976,0.989437699317932,1.203598976135254,0.907436192035675,2.5209779739379883,1.0121312141418457,1.9431408643722532,1.6050349473953247,-0.176146313548088,,,,,,,,,0.6941304802894592,1.061514973640442,,,,,,,,
285,0.8571,0.7143,0.7857,1.0714,0.7857,0.8571,gmm,0.359,0.3533466458320617,-0.1713261753320694,0.2246455997228622,-0.3691384792327881,-0.0955015793442726,-0.4324919581413269,-0.3359174728393554,0.5871036052703857,0.4866088926792145,-0.0029823493678122,0.6311371922492981,0.5891284346580505,1.0851448774337769,0.2550070285797119,0.2229114472866058,0.0656340643763542,0.1727472990751266,0.1831479370594024,0.4118961691856384,0.41796875,-0.1739940047264099,-0.1676670014858245,-0.4346799254417419,-0.2761392593383789,0.365758329629898,0.2210317552089691,,,,,0.3357187509536743,0.3281873762607574,0.2789800465106964,0.3359981179237366,0.0358761586248874,0.6335594654083252,,,,
952,0.625,0.5312,0.5312,0.6562,0.5,0.5312,gmm,0.7442,0.2005712985992431,0.2260838150978088,-0.4107697308063507,0.2190549075603485,-0.5363867878913879,-0.3611044585704803,0.3571617305278778,0.3204438686370849,0.3770659267902374,0.0984010621905326,0.5961283445358276,0.8680818676948547,0.7825320959091187,0.6097320318222046,0.3805154860019684,1.5815445184707642,0.611502468585968,0.9316192865371704,0.944316029548645,0.8851308822631836,0.289029598236084,-0.7088329792022705,,,,,,,,,1.1088988780975342,0.6780381798744202,,,,,,,,
1477,0.3644,0.3185,0.3615,0.454,0.3355,0.3969,gmm,0.9953,0.2532867789268493,-0.0257350001484155,-0.1659445464611053,0.2555974423885345,-0.1188597455620765,0.315475195646286,-0.3129642009735107,-0.1905527710914611,0.0737327560782432,-0.0904954671859741,2.6143124103546143,2.0864357948303223,3.100393533706665,0.9754489660263062,2.493083238601685,4.895034790039063,4.865750789642334,1.882223129272461,1.2740715742111206,2.2758212089538574,-0.0262658353894948,-0.3168481588363647,,,,,,,,,2.3616764545440674,1.945584058761597,,,,,,,,
46842,0.5771,0.52,0.5714,0.6743,0.6743,0.4686,gmm,0.8621,-0.6447286009788513,-0.2221094369888305,-0.3947959244251251,-0.6055370569229126,-0.3905342519283294,-0.7667126655578613,0.4583324193954468,-0.0380518399178981,,,0.8618884086608887,1.2417999505996704,0.6448211669921875,1.0498945713043213,0.7650169134140015,0.672865092754364,0.6157217621803284,0.5897470712661743,,,,,,,,,,,,,,,,,,,,,,
46906,0.4969,0.7044,0.4277,0.5094,0.4088,0.5157,dbscan,0.8833,-0.5103558897972107,-0.6397313475608826,-0.7202813029289246,0.4339478611946106,0.1245437785983085,0.1491748243570327,0.8251760005950928,-0.556914746761322,-0.755940318107605,0.7959786057472229,1.1564249992370603,0.5670036673545837,0.8198668360710144,0.7408886551856995,0.7773956060409546,1.1933408975601196,0.906260907649994,0.6437079310417175,1.0243251323699951,0.646101176738739,,,,,,,,,,,,,,,,,,,,
1044,0.5642,0.5861,0.5937,0.6259,0.5957,0.5697,gmm,0.6659,0.5567006468772888,0.9631182551383972,1.416617512702942,-0.6931514739990234,0.9738638997077942,-0.2908762097358703,-1.025363564491272,-0.6801118850708008,,,3.1264488697052,3.939528703689575,3.435179710388184,3.5037124156951904,3.663174152374268,2.9008495807647705,2.015345811843872,2.8110275268554688,,,,,,,,,,,,,,,,,,,,,,
10,0.9048,0.9048,0.9524,1.0476,0.9048,0.8571,gmm,0.7,-0.7980325222015381,-0.0457527935504913,0.4235430955886841,-0.0597784779965877,-0.0401628464460372,-0.0987369194626808,0.3392212688922882,0.0832947194576263,,,0.4301854074001312,0.7601239085197449,0.4418487846851349,0.7534763813018799,0.6326909065246582,0.5807035565376282,0.4886772036552429,0.579987645149231,,,,,,,,,,,,,,,,,,,,,,
679,0.7222,0.7444,0.7,0.7667,0.7444,0.8556,dictlearn,0.439,-0.4811010956764221,0.0714026615023613,0.0909714847803115,-0.7055812478065491,-0.2382227480411529,0.1259684413671493,-0.0522026307880878,1.490747570991516,,,0.8982689380645752,0.5008086562156677,0.4507710337638855,0.2581937611103058,0.6610062122344971,0.8144972324371338,0.6659783124923706,0.0746710300445556,,,,,,,,,,,,,,,,,,,,,,
14,0.7143,0.1166,0.6356,0.6531,0.6968,0.5364,kmeans,0.8575,-0.5372631549835205,-0.4481199383735657,0.2573572695255279,-0.9467249512672424,0.4922287762165069,0.8504538536071777,-0.6246036291122437,-0.1462685316801071,0.5052075386047363,1.957510471343994,4.515081882476807,4.199951171875,3.441277980804444,4.9925971031188965,3.128837823867798,1.9870407581329343,6.311749458312988,4.584563255310059,6.41726541519165,2.5547990798950195,-1.7873528003692627,1.2968013286590576,-0.0327416472136974,-0.8235632181167603,1.2361148595809937,0.8715850710868835,0.8629825115203857,-1.0406540632247925,1.5176560878753662,0.7888841032981873,3.432183027267456,3.2924039363861084,8.279973983764648,4.078909397125244,2.76416015625,3.702113628387451,3.022850751876831,4.00204610824585,2.7820687294006348,3.3242392539978027
44737,0.5721,0.3919,0.473,0.4955,0.473,0.5045,kmeans,0.555,0.0343814566731452,0.6449007391929626,0.3626122772693634,-0.3624306619167328,1.099036455154419,0.3265000581741333,1.113308310508728,0.0453335084021091,-0.7143758535385132,2.2527525424957275,3.732578039169312,6.163025379180908,2.831887722015381,3.9088406562805176,3.877539157867432,2.2372632026672363,2.602728366851806,3.109440803527832,2.9328408241271973,2.9249515533447266,0.6859144568443298,0.8953231573104858,-0.2573426961898803,0.4283896386623382,0.4475954473018646,-1.2375465631484983,-0.5376760959625244,-0.3826699554920196,1.111719846725464,0.6202510595321655,4.141013622283936,3.065720796585083,2.82865047454834,4.737742424011231,3.100656747817993,4.716460704803467,2.6955771446228027,4.158185005187988,2.8983404636383057,2.5963165760040283
44699,0.725,0.1312,0.6906,0.6469,0.6562,0.6,kmeans,0.8,-0.4456036388874054,1.0207104682922363,-0.7535302042961121,0.988230049610138,0.6389261484146118,0.8008825778961182,0.4809225797653198,0.8314647078514099,-1.1752119064331057,1.836155891418457,4.885203361511231,4.825695991516113,4.371913909912109,5.884748935699463,7.197498321533203,5.38972282409668,3.6125783920288086,5.402468681335449,8.62691593170166,3.171755790710449,0.1228888630867004,0.6682245135307312,0.6151601672172546,0.8144820928573608,-0.1598150879144668,-0.3091324865818023,-0.3832008838653564,-0.1754786670207977,0.5145013928413391,0.0745056271553039,3.8752920627594,4.514931678771973,4.767483711242676,2.2824034690856934,3.5700604915618896,4.829315662384033,3.788283586502075,4.568242073059082,4.0871453285217285,4.5368499755859375
44606,0.3034,0.6067,0.2697,0.2697,0.4045,0.3146,dbscan,0.412,1.006131649017334,0.1161853224039077,0.3909694254398346,-0.1692034155130386,0.8306957483291626,-0.1503639817237854,0.096584253013134,2.539034843444824,0.701898455619812,1.075419783592224,9.414921760559082,9.119111061096191,9.574644088745115,11.112735748291016,14.116918563842772,10.679055213928224,6.730807304382324,17.260112762451172,12.420169830322266,12.35295295715332,0.8680312037467957,1.3124819993972778,-0.635225236415863,-0.301994264125824,0.3966277837753296,-0.1850636452436447,-0.7173121571540833,-0.5885785222053528,,,12.400203704833984,12.990836143493652,12.787434577941896,10.354564666748049,11.924185752868652,10.07113265991211,9.49590301513672,9.924053192138672,,
46270,0.5806,0.9677,0.6581,0.6,0.8065,0.5806,dbscan,0.692,0.7409389615058899,0.2779243886470794,0.3325641453266144,0.3897788822650909,-0.6100301742553711,-0.2710346281528473,0.1710099130868911,-0.2808021008968353,,,3.8047878742218018,2.7684872150421143,3.640511751174927,2.646399974822998,2.390510082244873,4.702193737030029,4.380843639373779,1.7757246494293213,,,,,,,,,,,,,,,,,,,,,,
44469,0.6557,0.5082,0.6667,0.5191,0.7158,0.6066,autoenc,0.6162,-0.5479403138160706,0.8000766634941101,0.6549665927886963,-0.7602763772010803,0.8069130778312683,-1.8337887525558472,-0.6937106251716614,0.0656032934784889,0.8191096186637878,0.6012657880783081,0.5746002197265625,0.5144509077072144,0.6018615365028381,0.3948425054550171,0.3990367352962494,0.8326412439346313,0.5698096752166748,0.3882409334182739,0.501526415348053,0.655363142490387,0.0593249201774597,0.8150610327720642,0.9588198065757751,0.0369959063827991,0.1943820118904113,1.016172170639038,-0.9865236282348632,0.5120700597763062,-0.6429481506347656,-0.5083863735198975,0.5982102751731873,0.6763730645179749,0.3396433293819427,0.478252500295639,0.6431202292442322,0.2862928211688995,0.4473689794540405,0.4788052141666412,0.7123141884803772,0.3655657768249511
44554,0.5403,0.3629,0.5242,0.5081,0.5,0.5,kmeans,0.7294,1.193281173706055,-0.807172954082489,-0.970006823539734,-0.11066285520792,0.2810100018978119,-0.8526919484138489,-0.1058979406952858,0.5149040222167969,,,1.1426383256912231,0.8829637169837952,3.4526638984680176,1.5239425897598269,1.6839942932128906,1.59209144115448,1.7551640272140503,1.9440901279449463,,,,,,,,,,,,,,,,,,,,,,
45714,0.5149,0.2538,0.4979,0.4739,0.4892,0.4439,kmeans,1.0,0.6169524788856506,-1.2381234169006348,-0.4378718435764313,-0.1607156693935394,0.0147556439042091,-0.8960744738578796,0.0013529914431273,0.5267669558525085,0.0849304646253585,0.6335647702217102,0.1533687263727188,0.0671698302030563,0.516252338886261,0.2667450904846191,0.4472353756427765,0.1480245143175125,0.1918067187070846,0.1269680708646774,0.3834125101566314,0.3292180895805359,-0.3302271664142608,-0.0346198566257953,-0.4329575002193451,-0.2440016567707061,-0.2300048023462295,0.2461987435817718,-0.0300652477890253,-0.2542882263660431,0.308988869190216,-0.1777073740959167,0.3026765286922455,0.5620054006576538,0.5428293943405151,0.25710329413414,0.4908746778964996,0.0121270781382918,0.4243384003639221,0.2918019890785217,0.5437800288200378,0.2976740896701813
32,0.6873,0.3118,0.6997,0.8216,0.6864,0.575,gmm,0.9918,0.6646982431411743,-0.53866046667099,1.6939862966537476,0.387538880109787,-1.0291746854782104,-0.5924754738807678,-0.4160571098327636,-2.827099084854126,0.8193891644477844,2.97545862197876,0.5933220982551575,0.8084483742713928,0.9419614672660828,0.8108364939689636,0.9020753502845764,0.9016321897506714,0.6971110701560974,0.6399595737457275,0.5923283696174622,0.488510251045227,0.1676487028598785,-0.7349275946617126,-0.1006337627768516,-1.7623262405395508,-0.1493277698755264,0.2082497626543045,0.8487483859062195,0.0827706530690193,-1.6311054229736328,-0.9462515115737916,0.477786123752594,0.7235283851623535,0.4726833999156952,0.8462325930595398,0.5108456015586853,0.5173774361610413,0.336315780878067,0.8830737471580505,0.7680002450942993,0.7973949909210205
28,0.7169,0.1028,0.7592,0.6916,0.4175,0.4653,agg,0.9867,1.407513976097107,0.0840525180101394,-0.7530850768089294,-0.2313692569732666,0.414038598537445,1.67182719707489,1.5330995321273804,-0.6090195178985596,0.629790723323822,1.106412410736084,4.909582614898682,3.5278737545013428,4.018377780914307,4.036276340484619,3.1666572093963623,3.737938165664673,5.781520366668701,5.242676734924316,4.40996789932251,5.80186128616333,1.3408606052398682,0.4074795544147491,-1.606959342956543,-1.751661777496338,0.9257851839065552,-1.826596736907959,0.8374537825584412,0.4544523358345032,-1.1982752084732056,-0.4744781851768493,4.64647102355957,4.954897880554199,4.509149074554443,4.504814624786377,4.621517181396484,6.397956371307373,5.402336597442627,4.655245304107666,4.730466365814209,3.426685571670532
