dataset_id,LSE_kmeans,LSE_dbscan,LSE_agg,LSE_gmm,LSE_autoenc,LSE_dictlearn,best_method,gt_accuracy,majority_accuracy,gt_lift_over_majority,n_instances,n_features,n_classes,skewness_mean,kurtosis_mean,mean_abs_pearson,hopkins,intrinsic_dim_ratio,pca_var_pc1,kmeans_est_imbalance_ratio,kmeans_largest_cluster_frac,kmeans_inertia_per_sample,kmeans_silhouette,kmeans_davies_bouldin,feature_sparsity,cv_mean
43924,0.630435,0.630435,0.608696,0.467391,0.597826,0.402174,kmeans,0.621622,0.290541,0.331081,588.0,1294.0,5.0,19.45575243099241,426.9270807208624,0.009036857646407761,,0.384080370942813,0.01126060607483256,260.0,0.8843537414965986,1269.3664725301094,0.007254235623294867,4.031610486577523,0.0,19.521842027159796
732,0.707317,0.707317,0.707317,0.560976,0.585366,0.585366,kmeans,0.82,0.54,0.28,200.0,50.0,2.0,0.07880764775205949,1.1835408133563028,0.05478887942679352,0.7250646867786692,0.88,0.04151364406125159,1.5316455696202531,0.605,48.504349581927144,0.02649576040572477,5.556797631439021,0.0058,113.35042664995359
1459,0.21162,0.245736,0.221748,0.260661,0.253198,0.236141,gmm,0.917808,0.138454,0.779354,8174.0,7.0,10.0,0.6813859297860424,0.4710766102936067,0.25603883207842637,0.9999993784643224,0.8571428571428571,0.3285597944155277,4.139240506329114,0.20002446782481037,2.456195198034165,0.24556376152650308,1.2451302311280483,0.006955853053234996,0.8062273968676956
1495,1.0,1.0,1.0,1.0,0.98,0.56,kmeans,1.0,0.58,0.42,200.0,18.0,2.0,0.745500200885746,1.2796313478990355,0.21103887990846418,0.9992072726037335,0.5555555555555556,0.2535859044063266,1.3255813953488371,0.57,13.947079650725037,0.21796753108536343,1.7663296710237744,0.0,1.4574538591907558
4538,0.518968,0.447648,0.494689,0.465857,0.536419,0.501517,autoenc,0.667342,0.298734,0.368608,7898.0,32.0,5.0,1.7913774887455833,50.96815259367183,0.09029808227881642,1.0,0.625,0.13387106419566083,17.785932721712538,0.7363889592301849,25.73133197685005,0.3994985835895564,2.592754226582567,0.09040263357812105,1318.0632369616885
46176,0.987097,0.451613,0.535484,0.787097,0.56129,0.6,kmeans,0.724299,0.308411,0.415888,852.0,41.0,6.0,8.252087855905772,154.0996235614621,0.09798597656214993,1.0,0.6341463414634146,0.1337658669311266,75.0,0.352112676056338,29.65691328834122,0.126547578709153,2.0639129907768305,0.0,7.671187937499321
694,0.392857,0.589286,0.410714,0.571429,0.446429,0.321429,dbscan,0.903226,0.129032,0.774194,248.0,8.0,9.0,0.27064925996057493,0.9171433460202617,0.7102259787287478,0.9999999950521947,0.375,0.8094243343322925,2.933333333333333,0.1774193548387097,0.5544091400289933,0.47043516417231496,0.7553198279789307,0.0015120967741935483,0.2565075641664182
43958,0.568009,0.682263,0.683351,0.562568,0.589771,0.564744,agg,0.885356,0.5,0.385356,4150.0,558.0,2.0,31.445624586462888,1415.847388823415,0.004747416413041025,,0.8763440860215054,0.01887494825523101,50.875,0.980722891566265,556.8070547365298,-0.04187574616385321,4.910545517472166,5.0956514228958844e-05,31.505392175987165
42544,0.520833,0.1875,0.5,0.541667,0.479167,0.416667,gmm,0.90566,0.169811,0.735849,212.0,10.0,8.0,3.0866801542177877,25.611118198637126,0.28905233694088867,0.9999999956381871,0.7,0.363838147387454,71.0,0.33490566037735847,2.8164028199276996,0.279040887460423,1.030283844151761,0.005188679245283019,0.6166523534534435
46944,0.280802,0.283668,0.275072,0.266476,0.272206,0.269341,dbscan,0.8725,0.25,0.6225,1600.0,26.0,4.0,0.21863686655011616,1.3637977444822589,0.049154399172116135,0.9968424639130656,0.6923076923076923,0.12292433029956974,2.186619718309859,0.388125,21.01953369683242,0.07768272075510994,2.8392168960796105,0.0025721153846153845,0.7657015275930046
45035,0.790828,0.781213,0.758867,0.756788,0.756658,0.756918,kmeans,0.66063,0.500043,0.160587,46601.0,107.0,2.0,25.539714406437835,3192.9199358152296,0.012919031733870273,1.0,0.822429906542056,0.027641204997178714,2.982651055465345,0.7489109675758031,105.06698620108284,0.051300199001607476,5.718870938345722,0.07602079053696453,23.79599786304838
39,0.779661,0.813559,1.0,0.813559,0.762712,0.762712,agg,0.867647,0.426471,0.441176,268.0,7.0,8.0,3.3154148291736716,41.71928398902338,0.18392278227131886,0.7593069249206952,0.8571428571428571,0.3099087057739039,61.0,0.22761194029850745,1.618024137334299,0.2500617700695829,1.1098555059886672,0.0026652452025586353,0.2872604633526407
44033,0.645491,0.593057,0.560213,0.581245,0.55762,0.612648,kmeans,0.902144,0.500065,0.402079,30779.0,14.0,2.0,7.638291927906587,552.707609591739,0.11848197138916142,1.0,0.7857142857142857,0.1879491974138387,1.8024219247928617,0.6431657948601319,12.242108395302404,0.13982853201947137,2.370563776102041,0.03064241389073255,1.645817903270601
1527,0.263566,0.934884,0.330233,0.269767,0.283721,0.376744,dbscan,0.990783,0.907834,0.082949,2601.0,3.0,5.0,0.5371665585947772,1.584927253991012,0.04847169954644585,0.9451363221616232,1.0,0.37050894534663775,1.7552238805970148,0.22606689734717417,0.9616689345022265,0.32816493753135223,0.9389308611028288,0.006023324362424708,0.4517751551344187
44367,0.672897,0.623053,0.660436,0.660436,0.663551,0.626168,kmeans,0.8025,0.5,0.3025,1600.0,11.0,2.0,1.5090038927444114,11.640287782851736,0.23746248455605265,0.9999997660735146,0.8181818181818182,0.2604874199048784,2.6281179138321997,0.724375,9.067513984050525,0.19917582382535287,1.713274092713612,0.007045454545454546,0.3709022627678678
26,0.30129,0.481047,0.305979,0.277061,0.265338,0.228214,dbscan,0.987269,0.333333,0.653935,10368.0,27.0,5.0,0.9346304637903023,1.0586529095739672,0.041752280713138,0.9999999622058452,0.6666666666666666,0.07414107643788782,1.0228266148615832,0.203125,21.99844116364957,0.1165541075082875,2.658982935602017,0.0,1.5862055445703287
44505,0.573718,0.596154,0.50641,0.538462,0.442308,0.387821,dbscan,0.802057,0.347044,0.455013,1552.0,27.0,7.0,1.2817170952124133,5.334154380780435,0.2738740731100771,0.9999999999995646,0.4444444444444444,0.3505404027985771,10.941176470588236,0.23969072164948454,12.566507969461217,0.2160828775662103,1.481567273987355,0.004033027873234059,1.0679310835847198
44677,0.590426,0.617021,0.531915,0.585106,0.534574,0.577128,dbscan,0.94,0.5575,0.3825,1600.0,68.0,2.0,1.7124726263885826,4.214779121034958,0.11589533925720857,0.9999999999974942,0.4411764705882353,0.15649170484185088,4.47945205479452,0.8175,59.143958360308616,0.2422267730449072,2.106123700967402,0.0,1.6172298193314498
46543,0.649055,0.704589,0.649055,0.652526,0.649055,0.702275,dbscan,0.775651,0.50015,0.275501,13371.0,10.0,2.0,19.37715347283748,1203.8924329919257,0.13156206603077145,1.0,0.8,0.3039987227278816,174.93421052631578,0.9943160571385835,7.021204954233548,0.8772243493253902,0.13786610459276172,0.0010246054894921847,9.48954530955933
45028,0.60563,0.566822,0.575294,0.641159,0.614922,0.562449,gmm,0.8866,0.500121,0.386479,16507.0,8.0,2.0,18.694990000716256,1418.607852306174,0.13180139071484573,0.999999999999996,0.75,0.25310053132954347,1.3895483497394325,0.5815108741745926,6.280006152565725,0.3296029414218814,1.3398989226785334,0.024837947537408374,0.8069749102575028
734,0.768947,0.651372,0.794347,0.650143,0.732487,0.648914,agg,0.887636,0.576,0.311636,11000.0,40.0,2.0,9.330786094391371,1023.1111632882191,0.2258746772313273,1.0,0.45,0.41446856929178616,5.8493150684931505,0.854,28.807796291644685,0.4433156452166445,1.072565779720606,0.1097659090909091,56.967764675516335
44619,0.355224,0.692537,0.358209,0.280597,0.280597,0.435821,dbscan,0.968208,0.699422,0.268786,1382.0,21.0,4.0,0.9634538614163759,1.0206543945940123,0.05819237552706379,0.9999475127023292,0.7142857142857143,0.07443776188778868,1.0886850152905199,0.2575976845151954,16.993312687143796,0.12855061104583407,2.5343782500384853,0.0,1.596426904737277
46842,0.577143,0.674286,0.571429,0.674286,0.674286,0.468571,dbscan,0.862069,0.399015,0.463054,811.0,6.0,3.0,0.9792372306285184,2.5390223195306,0.29038014246008975,0.9996615083036013,0.8333333333333334,0.4426194034408128,2.629139072847682,0.48951911220715166,3.266035129104828,0.293546533077772,1.319731087512391,0.004932182490752158,0.21696628654595698
46952,0.591623,0.685864,0.691099,0.612565,0.570681,0.670157,agg,0.905213,0.663507,0.241706,843.0,57.0,2.0,6.281480282597133,99.91537118698253,0.12422823516923462,1.0,0.543859649122807,0.1437761405546066,3.9881656804733727,0.7995255041518387,52.00629729063289,0.3406302500694639,2.8243932135153265,0.009635595513100665,7.138193863191394
784,0.636364,0.909091,0.636364,0.636364,0.727273,0.772727,dbscan,0.785714,0.5,0.285714,112.0,13.0,2.0,2.922430297567114,8.616545591192018,0.11971881665643365,0.9999999999999969,0.7692307692307693,0.1549863816226917,9.181818181818182,0.9017857142857143,11.266876860201894,0.24349099917371633,1.0973715616596322,0.0,3.093741413728718
44671,0.635556,0.524444,0.573333,0.693333,0.76,0.622222,autoenc,0.5625,0.3,0.2625,1600.0,32.0,5.0,3.124247605256704,70.5586519680314,0.10956229978989664,1.0,0.59375,0.1558608690098754,1214.0,0.75875,24.023205675291234,0.4237522877240608,2.1304038768631113,0.05318359375,65.2060238429405
46554,0.79001,0.889554,0.783182,0.79001,0.55666,0.837805,dbscan,0.927556,0.777778,0.149778,36000.0,27.0,2.0,3.468241026372896,110.44708096600776,0.062264476199514036,1.0,0.6666666666666666,0.10930848929264475,1.0302278366794495,0.5074444444444445,24.835472311781587,0.08936898347098937,3.2365690684041506,0.006124485596707819,2.3346012437305586
46963,0.838298,0.578723,0.846809,0.570213,0.842553,0.565957,agg,0.867159,0.516605,0.350554,1082.0,25.0,3.0,0.9763403728016875,1.917995812333526,0.13497949074415574,0.9999946952855451,0.56,0.16287022202863136,5.480392156862745,0.5166358595194085,20.27378852658085,0.14162858003116588,2.2233042424641756,0.0,1.5161293065345802
44663,0.416309,0.76824,0.381974,0.60515,0.463519,0.532189,dbscan,0.5825,0.4175,0.165,1600.0,51.0,6.0,5.872832560606215,96.93546711628649,0.24414205809949313,1.0,0.4117647058823529,0.2980106787674765,338.5,0.423125,27.632731775733603,0.20459834201901486,1.3087714798224253,0.013075980392156863,221.22234997662252
1,0.616667,0.805556,0.683333,0.516667,0.55,0.577778,dbscan,1.0,0.761111,0.238889,718.0,84.0,5.0,6.46239682553306,93.49160112202478,0.09029205540161717,1.0,0.42857142857142855,0.0973044176767307,83.6,0.5821727019498607,60.17319915203751,0.15423066288752893,1.9627286712407799,0.08333333333333333,4.460803688847489
44259,0.5,0.661111,0.5,0.711111,0.505556,0.5,gmm,1.0,0.538889,0.461111,718.0,86.0,2.0,5.925487652134225,72.36258256666886,0.09443806872745361,1.0,0.4186046511627907,0.09432077526852388,12.296296296296296,0.924791086350975,72.67545933706187,0.2713082284789674,1.6948732182795037,0.08192977910215715,4.107297124399773
44158,0.655257,0.629584,0.650367,0.652812,0.627139,0.704156,dictlearn,0.812314,0.500497,0.311817,4025.0,85.0,2.0,8.639622745966518,199.47859286687745,0.05681010927063875,1.0,0.5882352941176471,0.10568563955686949,2.156862745098039,0.6832298136645962,79.63950051967007,0.1908855010902276,3.3518196286393276,0.002268176835951772,9.16484989280462
45547,0.703387,0.814956,0.7059,0.806614,0.81757,0.772741,autoenc,0.710643,0.500286,0.210357,56000.0,19.0,2.0,7.744033515156933,437.3412522689475,0.1053570604071035,1.0,0.631578947368421,0.1773045476812679,7.707821489659462,0.8851607142857143,16.394026201615766,0.37591773639302484,1.6818233907797746,0.007099624060150376,1.5545855668800428
44395,0.830409,0.845029,0.830409,0.830409,0.830409,0.748538,dbscan,0.855,0.5,0.355,1600.0,20.0,2.0,1.524485860757618,4.4871531340743385,0.3794032677521102,0.999999999999854,0.4,0.48330159748540996,4.144694533762058,0.805625,10.799705401184212,0.5062435885633595,0.721593343946855,0.001875,1.5589920381219275
816,0.60369,0.60738,0.681919,0.802952,0.659779,0.612546,gmm,0.826724,0.502135,0.324588,6553.0,8.0,2.0,0.01567070781495582,1.1932815019681344,0.0071682367306866905,0.5816208701904242,1.0,0.1291589330178158,1.0287925696594427,0.5070959865710362,7.2463226226123085,0.09295114035368794,3.056173186826232,0.006237601098733405,114.5477047908
721,0.885714,0.6,0.771429,0.885714,0.657143,0.571429,kmeans,0.875,0.525,0.35,160.0,10.0,2.0,0.0955114184372794,1.5438424033883238,0.06839753586603231,0.25857360170925764,1.0,0.15049073820665104,1.0253164556962024,0.50625,8.901035134771105,0.10460121423983053,2.825611803961785,0.06375,16507421.506420452
335,0.5,0.981818,0.581818,0.5,0.718182,0.436364,dbscan,0.990991,0.522523,0.468468,443.0,17.0,2.0,0.6487524312179047,1.418338033056501,0.08212323913181475,0.9972780333847417,0.6470588235294118,0.1205233937099993,1.004524886877828,0.5011286681715575,14.988843593681318,0.1151793876951124,2.7297906486505243,0.0,1.39215016142929
896,0.702381,0.702381,0.642857,0.833333,0.702381,0.642857,gmm,0.84,0.56,0.28,400.0,25.0,2.0,0.14135337930419886,1.1936748861358055,0.05788074739748474,0.9945999484941975,0.84,0.13258134234479022,1.7210884353741496,0.6325,22.757019714299446,0.08417369162533778,3.052172335096067,0.0071,437.4687672316954
46584,0.72973,0.608108,0.513514,0.689189,0.756757,0.743243,autoenc,0.552239,0.313433,0.238806,532.0,49.0,4.0,4.768968329267129,62.012018063964184,0.07989254502023105,0.9999999999991454,0.673469387755102,0.10612326745513403,37.166666666666664,0.4191729323308271,41.23441882212451,0.07892422324772443,2.563829430971511,0.0,5.082343875974352
45022,0.954142,1.058353,0.988504,0.98738,0.948144,0.926653,dbscan,0.562878,0.5,0.062878,56872.0,7.0,2.0,5.834301921085552,230.56231567946017,0.12670104767605034,0.9999999999672289,1.0,0.27175273144954304,1.5025081404558656,0.6004009002672669,5.783983631803412,0.2220934095299771,1.8440070239605855,0.011486948134155898,1.7074302286747296
45026,0.700486,0.700486,0.700486,0.700486,0.700486,0.703266,dictlearn,0.7195,0.5,0.2195,8000.0,22.0,2.0,1.4086717387216854,10.356874447486117,0.3886301736873766,1.0,0.5909090909090909,0.45527407282698495,16.582417582417584,0.943125,12.803292400826066,0.6537384101634903,0.26458091264263395,0.03436931818181818,414.2914432680142
32,0.687299,0.326914,0.699679,0.821641,0.684548,0.574966,gmm,0.991814,0.104138,0.887676,8793.0,16.0,10.0,0.5097057175059521,1.024904788638033,0.2714807949825559,0.9999999951809689,0.625,0.29518157923545546,5.579710144927536,0.2189241442056181,5.409196244174844,0.2815161604571664,1.365402016296757,0.007719208461276015,0.6616155414846034
