dataset_id,LSE_kmeans,LSE_dbscan,LSE_agg,LSE_gmm,LSE_autoenc,LSE_dictlearn,best_method,gt_accuracy,dl_mean_0,dl_mean_1,dl_mean_2,dl_mean_3,dl_var_0,dl_var_1,dl_var_2,dl_var_3,md1,md2,md3,md4,md5,md6,md7,md8,md9,md10,md11,md12,md13,md14,md15,md16,md17,md18,md19
44507,0.5064,0.3024,0.4789,0.5294,0.3293,0.425,gmm,0.788,0.3974107150165429,-0.0988396357298428,0.0079920083913113,0.1894306490461175,5.269089597791957,1.3944995452213842,1.154050441625542,0.9171307484053032,0.3213933387226487,0.0125120975695084,0.1118574877668386,0.9006155142043675,2.206256091833437,0.0128109899167148,0.0877742660205919,0.368278363809182,0.3312927476121159,0.1359482076744634,0.0441633930885959,0.0116801930247861,0.0053847866690595,0.002150258895159,0.0005167932893311,0.7385549396132858,0.2137015028548259,0.0352690648534035,0.0124744926784847
44227,0.6623,0.7086,0.6589,0.6623,0.6689,0.7285,dictlearn,0.755,-0.3582721139730928,0.1067052060084557,0.2881451574938983,0.1258140648808235,0.9676617199110552,1.1177144001758177,0.8809602459283447,1.468556418453819,0.159147195904503,0.0032396132044596,0.0569176001291308,4.629206690465868,49.75033194465287,0.0700898999374609,0.8091072545340838,0.1046896497811132,0.0089970293933708,0.0045090681676047,0.000228267667292,0.0011303939962476,3.1269543464665416e-06,7.582864290181363e-05,0.0011694809255784,0.8523647592245153,0.1194887429643527,0.0149398061288305,0.0132066916823014
44624,0.6813,0.1062,0.6684,0.6269,0.6865,0.5881,autoenc,0.965,-0.0548191841155062,-0.1408794895637479,-0.0814618940117134,-0.0083348757167813,10.470985823455512,10.123845352535136,8.514667728222104,9.221256524321817,0.5218244834369304,0.0130341013916196,0.114166989062599,-0.3609892335376439,0.2785818082410434,2.188868042526579e-05,0.0061702626641651,0.0363359912445278,0.0940564415259537,0.2570387742338962,0.3599882739212007,0.19932301438399,0.043368511569731,0.0035717636022514,0.0001250781738586,0.7003525641025641,0.2457997185741088,0.0502431207004377,0.0036045966228893
41168,0.7388,0.4932,,0.5904,0.6531,0.5662,kmeans,0.5069,0.0232784863715847,-0.117989529993562,0.0323642563295652,0.1769328088832718,2.315115955962114,1.7545673104848778,1.1489533617383825,3.0842146782390936,0.0917702433237495,0.0011000378058885,0.0331668178438719,5.035951862292128,61.29078765708735,0.701571274254851,0.2882873374674935,0.0062595719143828,0.0030486097219443,0.0004304060812162,5.201040208041608e-06,0.0001857171434286,0.0002117223444688,0.0,1.6003200640128025e-07,0.8433325865173035,0.1327699939987997,0.0122332466493298,0.0116641728345669
1465,0.7801,0.4255,0.8652,0.617,0.6738,0.227,agg,0.3917,0.0551406447834395,-0.0373694662529208,0.0277154597455948,0.0659865791286209,0.4472159489044255,0.2567643775385922,0.3039933406997728,0.2671278484113616,0.5781094301787464,0.0160960634411163,0.126870262241064,-0.1759586819077521,0.2187200454555822,0.0002868617326448,0.0034423407917383,0.016924842226047,0.0553643144004589,0.1881812966150315,0.3009179575444635,0.270223752151463,0.1267928858290304,0.0341365461847389,0.0037292025243832,0.6924842226047045,0.2544463568559954,0.0490533562822719,0.0040160642570281
830,0.9798,0.5294,0.9467,0.9632,0.9301,0.4026,kmeans,0.9444,0.0274714429675407,0.0016537802271338,0.0367469678320201,0.0192484667868727,0.4992510828643304,0.3331111807374652,0.3313673351363865,0.3568563269518682,0.4815666819605822,0.0187552686586311,0.1369498764462064,0.15774685045991,-0.0851583438744958,0.0006030150753768,0.0143718592964824,0.0760804020100502,0.1926130653266331,0.28,0.2435175879396985,0.1318090452261306,0.0481407035175879,0.0111055276381909,0.0017587939698492,0.6791457286432161,0.2764321608040201,0.0420603015075376,0.0023618090452261
44744,0.5119,0.5437,0.5418,0.6762,0.5787,0.503,gmm,1.0,-0.3648926931978504,0.0203657961412407,-0.017246828462855,0.0114582719270858,1.5828296828287804,0.9451261226986216,0.5293822437086853,0.8925389269093894,0.0633889688965919,0.0028746672812559,0.0536159237657612,5.584188015137228,56.63935238425502,0.8480300187617261,0.1420223577235772,0.0038782051282051,0.0023170731707317,0.0010232958098811,0.0002274859287054,0.0011882426516572,0.0013094121325828,1.5634771732332708e-06,2.345215759849906e-06,0.8766205440900563,0.1106394621638524,0.0036038148843026,0.0091361788617886
44701,0.6012,0.1208,0.6012,0.4985,0.4834,0.5287,kmeans,0.8275,0.027799880824639,-0.4028961755343943,-0.3167289305258131,0.4166747127948901,15.736312330676029,5.632953591457772,5.471996810521947,3.870060881737464,0.1936546158845525,0.0053112607780742,0.0728783971974842,2.209130615003503,12.064163032345844,0.0535178236397748,0.5209576297686054,0.3781277360850532,0.0331050656660412,0.0070004690431519,0.0019426203877423,0.0040712945590994,0.0011546278924327,0.0001180425265791,4.690431519699812e-06,0.7827321763602252,0.1896114759224515,0.0146560350218886,0.0130003126954346
46553,0.9536,0.5887,,0.9536,0.6116,0.5767,kmeans,0.8685,0.1189698924695118,-0.0078917670211162,-0.0002787310132789,0.0492849022687241,1.0084348710521875,0.8371556137686503,0.5553486881307799,0.8990846899319831,0.2170537833495729,0.0038553600692541,0.0620915458758613,3.489639105817496,21.412019974658826,0.0046294858971794,0.3793205041008202,0.5660682536507301,0.0367634326865373,0.0032152830566113,0.0004952990598119,0.009028525705141,0.0004698539707941,6.561312262452491e-06,2.8005601120224045e-06,0.8588468893778756,0.1098967793558711,0.0182140428085617,0.0130422884576915
694,0.4022,0.5413,0.4152,0.6152,0.4304,0.3725,gmm,0.9127,-0.1062024786876498,0.1060008336662673,0.1912090943291068,0.0752584428458506,0.5267645851836348,0.6877192550620478,0.9622551393887824,0.5933285623508442,0.3493479231308188,0.0376242744712676,0.1939697772109553,0.5495859227471098,-0.0087246837260357,0.0811675590962518,0.1801292934569675,0.2042575421183231,0.1315136476426799,0.1884223586260937,0.1305994514823037,0.0371555439467154,0.0132884941883244,0.0278829828914718,0.0055831265508684,0.6811740890688259,0.2782421313830482,0.0369596447694919,0.0036241347786339
44232,0.7242,0.8083,0.8107,1.0142,0.7851,,gmm,0.6186,,,,,,,,,0.4330367415248668,0.0068774479655851,0.082930380232971,-0.6757520293731282,3.746743327062669,0.0082182834639241,0.0099114834993926,0.0094121091248421,0.2945264458703794,0.4968932664685871,0.1593085888732971,0.0201545695992478,0.0015020640713649,7.00925700468269e-05,3.096458917731309e-06,0.7650032583192703,0.1922470298625313,0.0228138648170485,0.0199358470011499
42544,0.5474,0.1471,0.4493,0.5392,0.4657,0.4493,kmeans,0.85,0.1823495553721823,0.1710808760446753,0.0929479787707045,-0.0831667466415122,0.9143767675700518,1.208877538824905,1.4308367845544774,0.4550427359846267,0.171518292884604,0.0105187432767355,0.1025609247069055,3.1891481618321915,17.47851758095723,0.1965930430117142,0.51707949566306,0.2274881516587677,0.0336671733881784,0.0119377626754895,0.003800411338639,0.0,0.0012519002056693,0.0071984261825985,0.000983635875883,0.8439148707860145,0.1284091925243673,0.0117589197889653,0.0159170169006527
46745,0.5008,0.4348,,0.5603,0.6688,0.3778,autoenc,1.0,0.1661951028179754,-0.114220347716406,0.0809933940248212,0.0475683804734646,1.394865678054427,1.412892018900365,1.090456104181789,0.8979261876706847,0.5718755444172369,0.0354118567171963,0.1881803834548019,-1.0925673482332627,2.197498110161513,0.0554634926985397,0.0,0.0,0.0468588117623524,0.1909257851570314,0.2554183636727345,0.2392332866573314,0.1400642528505701,0.0433383476695339,0.0286976595319063,0.7869085017003401,0.1518430086017203,0.0456983396679335,0.015550150030006
1044,0.5557,0.488,0.5748,0.5984,0.5517,0.4895,gmm,0.692,0.0771005891849672,-0.0777644096678711,-0.187247259618996,0.138284456490401,1.5921810577728643,1.2501174145812433,1.1126334622364908,1.0502406700100202,0.2469296022340863,0.0082345959468053,0.090744674481786,1.7461857295000185,5.125863378264809,0.0106581316263252,0.2848519303860772,0.5236848969793959,0.1169165033006601,0.040433926785357,0.0146669333866773,0.0063560712142428,0.0020499299859971,0.0003749549909981,6.721344268853771e-06,0.7889853970794158,0.159703300660132,0.0320128025605121,0.0192984996999399
46560,0.6021,0.4564,,0.4891,0.458,0.4568,kmeans,0.7298,-0.0282919879694912,-0.086335685155945,-0.1198183852608924,0.1069960176339337,0.7022639067617723,0.7890259738095591,0.6810397693454378,0.7330495138898744,0.2677152704025695,0.0063558491054907,0.0797235793569926,2.00446742295878,5.504451399921356,0.0002702140428085,0.1237444288857771,0.6775041408281657,0.1280350470094018,0.0409075415083016,0.0227989597919583,0.005862052410482,0.0008446489297859,3.128625725145029e-05,1.6803360672134429e-06,0.8227931186237247,0.1182075615123024,0.0317576315263052,0.0272416883376675
46331,0.3503,0.2217,0.2893,0.3341,0.2567,0.2366,kmeans,0.8593,-0.0760365172561945,-0.4736537959375781,0.2712853115190095,0.2589794925827,6.208765557616913,4.468490364854019,3.060102302654268,3.257076092937333,0.4916705412608735,0.0195921716218228,0.1399720387142476,0.3506768167529208,0.6687399420709208,0.0037408349543618,0.0127936555439174,0.0464611701331737,0.1791859943139308,0.3316624270537184,0.231482866975909,0.1167888672751758,0.0432440520724225,0.0317970971120754,0.0028430345653149,0.7266197815352387,0.2081400568606913,0.060825976357923,0.0044141852461469
40994,1.3333,1.0,0.9798,1.0303,0.9192,0.9899,kmeans,0.5,0.0060980496407828,0.0127197079064613,-0.0093173169933345,-0.0106269559304247,0.2317310399041931,0.2279021671875451,0.2380338392592247,0.2304573391934947,0.4964763545242192,0.0121659745455924,0.1102994766333571,-0.0691904092555489,-0.0231168643386343,0.0001826072011686,0.0042536736272235,0.0350713242244564,0.1516069433702844,0.3157923004210707,0.3183058348371573,0.1444422961244306,0.0282289249806651,0.002073128813268,4.296640027498496e-05,0.6818230643636676,0.2725358769442296,0.0432671650769098,0.0023738936151929
60,0.5913,0.5913,0.6209,0.6019,0.5997,0.4156,agg,0.8554,0.0339353197678873,0.2056754446274219,-0.2557534039825956,0.2892540705835874,0.9725742032954364,0.681091557762666,1.3699661214393564,1.4680701160643996,0.4358196129333068,0.0130933483800774,0.1144261699965417,0.3273396573593484,-0.0762554721783153,0.0001041510377594,0.0087584396099024,0.1024618654663666,0.2923168292073018,0.318871967991998,0.1905183795948987,0.0706712928232058,0.0148902225556389,0.0013748437109277,3.2008002000500123e-05,0.6769143535883971,0.2803697174293573,0.0400762690672668,0.0026396599149787
44463,0.6489,0.6426,0.7022,0.6144,0.6771,0.6865,agg,0.7975,0.068653386968052,0.3776845780139431,0.0266162724460959,0.4156797830209424,4.042854277635135,5.8968215714507775,2.8044246431680158,2.344778133742796,0.1883037055694756,0.007280229942603,0.0853242635046038,2.484177707100728,10.009980482366462,0.0711382113821138,0.6184529393370857,0.2322435897435897,0.051109287054409,0.0126876172607879,0.0078572545340838,0.0039446529080675,0.0024757661038148,7.973733583489681e-05,1.0944340212632896e-05,0.822932301438399,0.128660100062539,0.0259232332707942,0.0224843652282676
1559,1.0667,0.6667,0.9667,1.6778,1.7,0.4333,autoenc,0.375,-0.0331660256910922,0.0326906476140966,-0.0011912915016085,0.0474457347982566,0.4017010173978744,0.2587212782373913,0.274379083952766,0.3282388540585146,0.4939289566178951,0.0217695933814059,0.1475452248681939,-0.1988181241882571,0.0934119403320199,0.008318990246701,0.0220883534136546,0.0631095811818703,0.1623637406769937,0.2507171543316122,0.2527251864601262,0.1686746987951807,0.0579460699942627,0.0117613310384394,0.0022948938611589,0.6855995410212278,0.2670682730923694,0.0427423981640849,0.0045897877223178
46840,0.4269,0.223,0.4545,0.4111,0.3691,0.3788,agg,0.927,0.2701114094855305,0.0194177731272357,-0.0722473254063034,0.1879849355505244,1.520043349936306,1.0040851204537051,1.4791962168078254,1.5777005853507815,0.153071726711448,0.0045263414726218,0.0672780905839472,2.474780157035068,19.12271037739851,0.1722392030498065,0.6358534879212938,0.1684922617057678,0.0146850602741342,0.0074903710279612,5.4781897813499946e-05,0.0,0.0,0.0009727298522012,0.0002121042710214,0.7812832729796014,0.1854121424778835,0.0193899824978859,0.0139146020446289
1519,0.3922,0.3922,0.3922,0.3922,0.3922,0.3922,kmeans,0.85,0.3080228947815884,0.5141540027044256,0.3136769797190167,0.2820920173643508,9.348753921268806,7.958635522200534,10.42897864910371,7.897866203703471,0.2394035314936178,0.0460180903334236,0.2145182750569836,0.9456952469855616,-0.0785264976580046,0.3695652173913043,0.1982234689107059,0.091164095371669,0.1054230949041608,0.0881252921926133,0.0698924731182795,0.0413744740532959,0.0275829827021972,0.0065451145395044,0.0021037868162692,0.7166900420757363,0.2318840579710145,0.0490883590462833,0.0023375409069658
756,0.9478,0.619,0.9977,0.9728,0.9728,0.5646,agg,0.9545,0.1027817679919533,0.1414731667421169,0.238196444614382,0.090802942789576,2.540560834405368,1.0501377443481643,1.1827684207749645,0.3033167898301615,0.3523744254074332,0.0182169531549897,0.134970193579878,0.4485168934522697,0.3653492800437043,0.0186226721659792,0.0949881264841894,0.2607174103237095,0.2885889263842019,0.1978502687164104,0.0968628921384826,0.0286214223222097,0.0116235470566179,0.0014998125234345,0.0006249218847644,0.6855393075865517,0.2683414573178352,0.0404949381327334,0.0056242969628796
1477,0.353,0.2621,0.3271,0.422,0.3261,0.3816,gmm,0.9952,-0.0259811839687361,0.0812411777866928,-0.099952881823479,0.3397212306995579,47.47025363991185,7.602243272460914,13.464872760568804,9.539390592141556,0.0438036158386526,0.0012911042635162,0.0359319393230631,8.753981267385067,196.9214610708249,0.9539062212442488,0.0436062412482496,0.0016876175235047,0.0,0.0003999199839967,0.0,0.0,0.0,8.001600320064014e-08,0.0003999199839967,0.8843323864772955,0.0847155831166233,0.0189556311262252,0.0119963992798559
1552,0.6615,0.6235,0.6659,0.6615,0.5928,0.606,agg,0.379,0.2755649239319788,0.0286936352638581,0.285474414781566,0.0467318381322648,0.499513218011959,0.5938285898616701,0.4549465701943995,0.6477560782586609,0.6067525144683233,0.0143083931627562,0.1196176958595854,-0.4400006135130436,0.270127018389346,0.0002094322060192,0.0019443582583514,0.0097036922122246,0.0404953976626331,0.1276372944461681,0.2700253387113455,0.3233865963388148,0.1894585789636984,0.0360792222566966,0.0010600889440479,0.6865006722515254,0.2710104457544731,0.0371470679491157,0.0053418140448857
44683,0.8384,0.6734,0.8215,0.6902,0.8552,0.6801,autoenc,0.7425,-0.0046348665968955,0.0125191126370437,0.1766762644110176,0.1198419851014193,3.542541722274205,2.641654946485823,4.170002083860259,2.819245931337278,0.221827879237877,0.0066255339556959,0.0813973829781763,1.460950831874214,4.326133423930134,0.0172912757973733,0.4398420888055034,0.4001540025015634,0.1087210756722951,0.0253205128205128,0.006478267667292,0.0009263602251407,0.0011436835522201,0.0001180425265791,4.690431519699812e-06,0.7477360850531583,0.2092714196372733,0.0292698561601,0.0137226391494684
44073,0.6451,0.5888,0.6082,0.7137,0.7269,0.6856,autoenc,0.8498,-0.1670808071044231,0.2036513355792514,0.1938096712798731,0.1185149717067863,0.8652743796169382,0.8393709853263719,0.7915814411721519,0.351341776954986,0.213267092154519,0.0112587843271661,0.1061074188130413,1.188393965634249,1.9797933942000412,0.1034008401680336,0.4321400280056011,0.2814082816563312,0.1209341868373674,0.0440296059211842,0.0134015603120624,0.0034630926185237,0.0008308861772354,0.0003620724144828,2.944588917783557e-05,0.7207686337267454,0.2329141828365673,0.0344804960992198,0.0118366873374674
44605,0.3684,0.7158,0.4842,0.2947,0.4105,0.4842,dbscan,0.4398,0.1244743108985267,0.1371224255973515,0.047031591546775,0.0881556259405767,3.065023304985293,2.447444942124834,1.9089306307537777,1.937064440683641,0.1400076915349536,0.021496660402753,0.1466173946118025,1.3457105920151509,1.5282351505350815,0.4919397236170121,0.2525481738981159,0.11552883996395,0.0479619973391699,0.0676553581391356,0.0151012832067293,0.0064535856830178,0.0025401270331745,0.0002548173898115,1.6093729882837647e-05,0.852833569374705,0.0633154156473971,0.0725022531221836,0.0113487618557143
41764,0.8713,0.809,0.8715,0.8603,0.8625,0.8398,agg,0.618,0.1056903529487121,0.1479803938973576,0.0258931671766491,0.0255683339941657,4.23336758658774,1.9891497372545424,0.9828886520379664,0.9583824049457544,0.1147367203904579,0.0158805091707835,0.1260178922644857,1.5886135542370248,2.9875548392988467,0.5882484230143652,0.1985397712847725,0.1193394283142272,0.0571490480428452,0.0233467341076209,0.0081148616539773,0.0029926225994154,0.0016032571042238,0.0005802972349394,8.555664361287107e-05,0.8457943794864927,0.1042870388194671,0.0354278901638688,0.0144906915301712
41671,0.5752,0.58,,0.7584,0.6126,0.748,gmm,0.3463,0.3640726915208347,0.3217949329874205,0.2036990626957898,0.1829190724472164,2.828767203966101,2.8009417877092098,0.7205568315808011,0.5118973474905895,0.1626464235756019,0.0099762697329699,0.0998812781905094,1.7385649422882306,4.988675021108934,0.2716348869773954,0.4532504900980196,0.205234726945389,0.035411802360472,0.0194916583316663,0.008762152430486,0.0053593918783756,0.0008280056011202,2.5125025005001e-05,1.7603520704140828e-06,0.7914878175635127,0.164229325865173,0.0230862172434486,0.0211966393278655
44580,0.8271,0.8271,0.8737,0.8737,0.8737,0.8656,agg,0.3815,0.0984343148916347,0.1664869881718048,0.0687788878974546,-0.1155068780184714,2.4378564416917383,2.811549451131425,2.7920406565515226,2.964152275343377,0.4175622519557833,0.0223785572895246,0.1495946432514368,0.3112459650017465,-0.6132944635230722,0.0001305503439649,0.0563985303314571,0.2005472170106316,0.2381801125703564,0.1931230456535334,0.1903236397748592,0.086400875547217,0.0294598186366479,0.0051188242651657,0.0003173858661663,0.640619918699187,0.3328783614759224,0.025650406504065,0.0008513133208255
1566,0.7957,0.7957,0.8236,0.7767,0.7957,0.8297,dictlearn,0.6088,0.0956982730802616,0.5621915869823936,0.4521353179383433,-0.49545943223762,17.984931591460064,7.545988918308615,4.22582365548173,14.61572015450293,0.1202689165724776,0.0405309449000567,0.2013229865168326,2.104398795426587,3.868642255583116,0.7043322331107301,0.091819546435364,0.0564653003437129,0.0439278799819188,0.0255034158073842,0.0252646078004929,0.0182581514554495,0.0215609514793303,0.0057249955223498,0.007142918063267,0.8617408250816638,0.064377947786335,0.0457381299627288,0.0281430971692722
4153,0.7143,0.3429,0.6,0.6571,0.6857,0.5714,kmeans,0.9722,0.2590747673964554,0.3019552590700586,-0.0134921954323757,-0.5084553174877076,16.30272230919139,5.8111231306139945,2.34571882568017,5.90811115853816,0.3825591572853795,0.0398074408312202,0.1995180213194292,0.1145162710266402,-0.680853882692404,0.0905205905205905,0.134032634032634,0.143065268065268,0.1379176379176379,0.1894910644910644,0.1661810411810411,0.0841103341103341,0.0441919191919191,0.0034965034965034,0.0069930069930069,0.6351981351981352,0.3488733488733488,0.0158313908313908,9.712509712509713e-05
44791,1.0054,1.032,1.0054,1.0054,0.9919,1.0027,dbscan,0.4973,0.0606372838307035,0.0536948576195478,0.0476436390214168,0.0828462322218139,2.657894720247965,2.134956783210868,1.8241203736371063,1.6569527609231816,0.0903282943750477,0.0097336561292892,0.0986592931724589,2.5583254974491427,8.66096497426043,0.658113664790494,0.2423092557848655,0.0579221388367729,0.0140689493433395,0.0221482176360225,0.0015462789243277,0.0024702939337085,0.0013875859912445,3.1269543464665416e-05,2.345215759849906e-06,0.8900742651657286,0.0632833020637898,0.0187812695434646,0.0278611632270168
44548,0.6187,0.9867,1.488,0.8987,0.5813,0.696,agg,0.5,0.0710032664720615,-0.0253891269407211,-0.0711894520594774,0.059088745100775,9.781406486898437,9.058809082655428,4.690256027307251,6.287375363925544,0.3516942342325157,0.0152581843106988,0.1235240232128912,0.7201131938820736,0.2921078672893538,0.0005081300813008,0.0784029080675422,0.3176430581613508,0.2904237023139462,0.1831691682301438,0.0905073483427141,0.0304018136335209,0.0077055972482801,0.0010819262038774,0.0001563477173233,0.6819973420888055,0.2772600062539087,0.0345848968105065,0.0061577548467792
43974,0.5388,,,0.5651,0.5388,0.6967,dictlearn,0.9318,0.3176237727446732,0.1932695509731587,0.1008012118924335,0.1402868081297747,42.378073009002144,0.5136798305773222,0.2565602155038234,0.6823632899977305,0.0255950979532432,0.003816758085805,0.0617799165247496,14.845999511090278,226.7521754952738,0.9932356871374276,0.0027715143028605,0.0,0.0,0.0,0.0,0.0,0.0,0.0,0.0039927985597119,0.991810602120424,0.0041965993198639,0.0,0.0039927985597119
14,0.6939,0.1195,0.6268,0.6385,0.6997,0.5219,autoenc,0.8575,-0.0637908792802851,0.2425417517399846,0.1419922353125082,-0.127065504008973,3.687776261021132,3.6110673133420095,2.591969394192119,2.50600127285112,0.4866452923716109,0.0067578523828998,0.0822061578161872,-0.002193912736885,0.6278208929537095,4.690431519699812e-06,0.0010537836147592,0.01380081300813,0.121400875547217,0.4324124452782989,0.3515666041275797,0.0733692933083176,0.0057020012507817,0.0005503439649781,0.0001391494684177,0.7009287054409006,0.2511327392120075,0.0416815196998123,0.0062570356472795
1446,1.2115,1.0673,1.1346,1.2115,1.2308,1.0962,autoenc,0.5,0.3753107971243863,0.1372958904668987,0.0075241896812861,-0.0216841281693697,9.765383678882966,2.047645665988125,4.0027993384860014,1.723480241055387,0.1356625682565071,0.0107703717194202,0.103780401422524,4.263613044432401,27.46574523974584,0.4200504868373602,0.4232600072124053,0.1189325640100973,0.0169130905156869,0.0105301117922827,0.0018752253876667,7.21240533717995e-05,0.0005409304002884,0.0013703570140641,0.006455102776776,0.8937612693833393,0.0790479624954922,0.0121168409664623,0.015073927154706
40984,0.5681,0.4296,0.561,0.6948,0.5986,0.3826,gmm,0.9221,0.2977524783248478,0.1860923214577475,0.2795705068725772,0.1972960863763409,3.29476596850836,2.0840465248865,0.9718948883920456,0.3539459293166202,0.1413808237019619,0.0070504480647525,0.0839669462631135,2.882103473084165,21.003922769109565,0.3086724230470846,0.4936324729232146,0.1801470502066062,0.0078452949324633,0.0022529807315947,0.0029455745481733,0.002349076658768,5.859507754472563e-06,0.0001412141368827,0.0020080533074577,0.7346785591236051,0.2501892621004695,0.0051839065103818,0.0099482722655435
44740,0.4982,0.4982,0.608,0.5473,0.5346,0.4104,agg,0.3488,0.0229341474483508,0.0391844575689877,0.0295985643880222,0.0434164687575824,3.529918557891392,3.694978700050133,2.7145655549833028,2.7891604036290247,0.4636450289212826,0.0080373345335143,0.0896511825550248,0.1967000040680091,0.3353997503938091,2.4233896185115697e-05,0.0012077861163227,0.028270794246404,0.2076196060037523,0.4335842714196373,0.2627642276422764,0.0584584115071919,0.007416353971232,0.0006003752345215,5.393996247654784e-05,0.6939462163852408,0.25854205753596,0.0428259849906191,0.0046857410881801
32,0.6915,0.3077,,0.8228,0.6883,0.5732,gmm,0.9891,-0.0273314557915017,0.1502281647445685,0.0174090647067701,-0.0098391748104617,1.3010135408921149,1.424675701966135,1.1582784183928498,0.6082020616703352,0.4662812553356746,0.0186607569753174,0.1366043812449565,-0.2864165643666765,0.0713447171138579,0.0064304060812162,0.034851850370074,0.0723108621724344,0.1727703140628125,0.3072350470094019,0.235629125825165,0.1402196439287857,0.027033726745349,0.0031595919183836,0.0003594318863772,0.6856086417283457,0.2641643528705741,0.0487405481096219,0.0014864572914582
44153,0.529,0.3471,0.5264,0.5201,0.5128,0.4681,kmeans,0.7367,0.1305832103778045,0.1502692169229205,0.1298783444250357,-0.0404011444185817,1.7988960477755878,1.5624221088573107,1.5051953100504905,2.0072757929822087,0.2762542434171324,0.0172530632249106,0.1313509163459115,1.1238812270892158,2.1542756762053017,0.0391847468770545,0.2815296953758492,0.3069515669515669,0.2163927240850317,0.1010475564321718,0.0332544378698224,0.0088888888888888,0.0084812623274161,0.0033179925487617,0.0009511286434363,0.718088976550515,0.2469428007889546,0.0194433486741179,0.0155248739864124
1476,0.3535,0.2736,,0.4293,0.3509,0.3853,gmm,0.9946,-0.024811829022183,0.0811169299392541,-0.0996982378875492,0.3380117837438885,47.193082471784045,7.601477831336025,13.461659395099664,9.49483401312628,0.0435903044286652,0.0012854358379024,0.0358529753005582,8.80759748899817,198.84427124055327,0.9544156831366272,0.0431578315663132,0.0016265653130626,0.0,0.0003999199839967,0.0,0.0,0.0,8.001600320064014e-08,0.0003999199839967,0.8844962592518504,0.084698699739948,0.0188908981796359,0.0119141428285657
1520,0.2857,0.2857,0.2857,0.2857,0.2857,0.5,dictlearn,0.7,0.5482723033273693,0.2235613111341034,0.3560044147223422,0.2263384407581908,12.122532635882587,8.754938773640282,8.592342215894863,9.042733576923885,0.1845917371654541,0.0323817906014103,0.1799494112282959,1.4435602175221671,1.1783421656618192,0.4959483264826776,0.1844979448032883,0.11015854374633,0.0549618320610687,0.058602466236054,0.0526130358191426,0.0239577216676453,0.0178508514386376,0.0012918379330593,0.0001174398120963,0.8305343511450382,0.1022900763358778,0.0624779800352319,0.004697592483852
44588,0.4256,0.5605,0.5601,0.484,0.659,0.5119,autoenc,0.6443,0.2005541026067802,0.2333382298086443,0.3271562005797153,-0.3190764675431168,3.902148076648405,3.602482856211048,3.762626124366685,2.7500804749429806,0.354563229864841,0.0086150154384763,0.0928171074666535,1.1797122624112313,4.677111007070849,0.0054989627878408,0.0366558889313817,0.1468785129043099,0.6196618340692325,0.1315926711400062,0.0265561079627762,0.0223609034755299,0.010441655367428,0.0002433682161109,0.0001100951453835,0.8314269489737973,0.0967504548667848,0.0458864976995909,0.0259360984598268
44667,0.4974,0.4803,0.5307,0.6411,0.4453,0.4478,gmm,0.3997,0.2312958627105691,-0.283747610541088,0.0541400528168612,0.0652919779687503,8.253187318909815,5.09222777856615,2.867973159496239,2.728944603046071,0.1115342987402297,0.0047223705687207,0.0687195064644728,3.231533661490868,23.240616888821236,0.5092878361475922,0.4168738273921201,0.0583528767979987,0.006930894308943,0.0049874921826141,0.0023108192620387,6.253908692933083e-06,0.0,0.0012398373983739,1.016260162601626e-05,0.8329807692307692,0.1318761726078799,0.0237484365228267,0.011394621638524
47000,0.6176,0.5578,0.7468,0.6192,0.5425,0.7048,agg,0.5693,0.0667625938597183,-0.0705210179135433,-0.0748192375375918,0.129625648835296,2.239808611816469,1.994775243040043,1.962050460921277,2.0944115710121767,0.1353762152163637,0.00785406460268,0.0886231606448342,2.1922355607781188,10.715873823020113,0.3753128983809283,0.4506252806408158,0.1344650147352557,0.0262499161303308,0.0068747322622101,0.0026735069908594,0.0012490129185096,0.0014296552827569,0.0008877281900151,0.0002322544683179,0.7648088029604703,0.201534943975061,0.0204641992640113,0.0131920538004572
1497,0.4876,0.2565,0.4636,0.4222,0.4579,0.439,kmeans,0.9877,0.2813551628922263,0.109054039182305,-0.0913219437444971,-0.0212787033201634,1.4698753597990994,1.263005562552425,0.719531982752337,0.7465709125551941,0.4969455376782274,0.0138881863315673,0.1178481494617855,-0.0607860412977512,0.1150100887264429,0.0016791900392287,0.0062005872648361,0.0361898751542268,0.15519913412365,0.3220707713580977,0.2814718931570432,0.154658801735198,0.0390656955529509,0.0033985058506947,6.554576407348437e-05,0.6827836067523061,0.2739404327659073,0.0393906932998153,0.0038852671819712
44698,0.6369,0.1688,0.6688,0.6497,0.6274,0.6688,agg,0.785,-0.0083394803163447,-0.2029077624195452,0.2796807749524488,-0.2277467601946091,15.095944145092735,5.261484194683955,6.164493738956163,4.510974676372856,0.2042018925396115,0.0052019611932046,0.0721246226555439,1.940203914506264,9.931159075599396,0.0366400875547217,0.4701391494684178,0.4276962163852408,0.0513727329580988,0.0060795809881175,0.0042753283302063,0.0014657598499061,0.0023186366479049,1.016260162601626e-05,2.345215759849906e-06,0.7684732645403377,0.200030487804878,0.0195333020637898,0.0119629455909943
46871,0.5008,0.4348,,0.5603,0.6688,0.3778,autoenc,1.0,0.1661951028179754,-0.114220347716406,0.0809933940248212,0.0475683804734646,1.394865678054427,1.412892018900365,1.090456104181789,0.8979261876706847,0.5718755444172369,0.0354118567171963,0.1881803834548019,-1.0925673482332627,2.197498110161513,0.0554634926985397,0.0,0.0,0.0468588117623524,0.1909257851570314,0.2554183636727345,0.2392332866573314,0.1400642528505701,0.0433383476695339,0.0286976595319063,0.7869085017003401,0.1518430086017203,0.0456983396679335,0.015550150030006
188,0.4256,0.5605,0.5601,0.484,0.659,0.5119,autoenc,0.6443,0.2005541026067802,0.2333382298086443,0.3271562005797153,-0.3190764675431168,3.902148076648405,3.602482856211048,3.762626124366685,2.7500804749429806,0.354563229864841,0.0086150154384763,0.0928171074666535,1.1797122624112313,4.677111007070849,0.0054989627878408,0.0366558889313817,0.1468785129043099,0.6196618340692325,0.1315926711400062,0.0265561079627762,0.0223609034755299,0.010441655367428,0.0002433682161109,0.0001100951453835,0.8314269489737973,0.0967504548667848,0.0458864976995909,0.0259360984598268
44514,0.3802,0.2451,0.387,0.4177,0.3663,0.3191,gmm,0.8468,0.0883786010900629,0.1501994408844741,0.0204536335985694,0.0071374044264792,16.47411122753264,3.770783794915467,3.4145555667141023,7.553623666108215,0.3022778785333508,0.0131455717337118,0.1146541396274547,1.062920360749035,1.855312860945233,0.0076602564102564,0.1588500625390869,0.3960467479674797,0.2665173545966229,0.1110006253908692,0.0390095372107567,0.0134912445278298,0.0058294246404002,0.0014266729205753,0.0001680737961225,0.7276485303314572,0.227936210131332,0.0313086303939962,0.0131066291432145
44626,0.8571,0.1065,0.8312,0.7714,0.7636,0.7065,kmeans,0.9625,-0.1123776258350233,-0.1049855516683033,0.0292244458619801,0.0271456632403516,15.706199230986012,10.474267513219688,7.300440783365535,3.731010532973328,0.5015354670515656,0.0116653722906294,0.108006353010503,-0.1979581873315925,0.2392263635927443,3.361475922451532e-05,0.005697310819262,0.0342096622889305,0.1238445903689806,0.3171630706691682,0.3442831457160725,0.1461608818011257,0.0263688242651657,0.0021536898061288,8.520950594121326e-05,0.6981973108192621,0.2504401188242651,0.0475187617260788,0.0038438086303939
46519,0.3384,,,0.3428,0.2954,0.35,dictlearn,0.9621,0.7871767521621357,0.4440378486633068,-0.4390864310481158,0.2058607567333993,8.110761575427786,3.1090758174722217,1.9822404059577765,2.0589779020337704,0.1372756455452222,0.0023807232983164,0.0487926561924683,3.120918938214,25.397298371153965,0.1900452890578115,0.7524784956991398,0.0442550910182036,0.0106035607121424,0.0014110822164432,7.681536307261452e-06,0.0007963992798559,0.0003915983196639,1.0562112422484496e-05,2.400480096019204e-07,0.806677575515103,0.1684948189637927,0.010078175635127,0.0147494298859771
44610,0.7969,0.6985,0.8986,0.8968,0.8198,0.7407,agg,0.7105,0.1720114700031078,0.2105373248935707,0.2696105956842649,0.1355492333100247,5.673181839067151,5.243015926928011,3.9534842937248342,1.6430354050521223,0.1112619975515816,0.0065738521675351,0.0810792955540138,4.181311848471159,29.79884261129793,0.572993028511694,0.3390101517237318,0.060297852604922,0.015490396719646,0.0071673083576881,0.0016122026811151,6.47825734877318e-05,0.0016490109615059,6.47825734877318e-05,0.0016504832927215,0.8846251812807809,0.0774534559294458,0.0184115018514565,0.0195098609383166
44735,0.6333,0.2276,0.5556,0.5574,0.4327,0.3878,kmeans,0.4393,0.1655207429123761,-0.0268749149735837,0.2936751437790409,-0.2030212629753568,12.064347830115018,7.313389742198292,3.523436649143719,2.847152955132748,0.241257596086724,0.0090097737545074,0.0949198280366514,1.6850026160538565,5.065675140506922,0.0089235459662288,0.3619105691056911,0.4229784240150094,0.1552665728580362,0.0288344277673545,0.0109396497811131,0.008083176985616,0.0028752345215759,0.0001821450906816,6.253908692933083e-06,0.763040181363352,0.1988828955597248,0.0191791744840525,0.0188977485928705
44382,0.6786,0.5587,0.7092,0.6403,0.625,0.5255,agg,0.98,0.2515391523971496,0.2252299334618906,-0.2654564434096391,0.2445565507217285,1.1530183557403917,1.810265257208384,1.3647286378273569,1.6203141279384707,0.236347453197999,0.0165695967274571,0.1287229456136596,1.3428061473870794,1.8449129193865863,0.0695465916197623,0.4206027204502814,0.2776797998749218,0.119879612257661,0.0560522201375859,0.0349405878674171,0.0167893996247654,0.004249530956848,0.0002353033145716,2.4233896185115697e-05,0.7693988430268918,0.1717213883677298,0.0436178861788617,0.0152618824265165
44553,0.529,0.3471,0.5264,0.5201,0.5128,0.4681,kmeans,0.7367,0.1305832103778045,0.1502692169229205,0.1298783444250357,-0.0404011444185817,1.7988960477755878,1.5624221088573107,1.5051953100504905,2.0072757929822087,0.2762542434171324,0.0172530632249106,0.1313509163459115,1.1238812270892158,2.1542756762053017,0.0391847468770545,0.2815296953758492,0.3069515669515669,0.2163927240850317,0.1010475564321718,0.0332544378698224,0.0088888888888888,0.0084812623274161,0.0033179925487617,0.0009511286434363,0.718088976550515,0.2469428007889546,0.0194433486741179,0.0155248739864124
44573,0.8926,0.8926,0.8926,0.8926,0.8926,0.9128,dictlearn,0.7525,-0.1889985184623376,0.4116643894426759,0.3285879655933971,0.4345163614407383,10.086097339985438,8.581804134178354,5.802048466454298,5.500159173239902,0.4505321354211364,0.0239015165786961,0.1546011532256347,0.0304199098598852,0.5507370639457183,0.0167721518987341,0.0465189873417721,0.1,0.180379746835443,0.2699367088607595,0.2569620253164557,0.0835443037974683,0.0243670886075949,0.0148734177215189,0.0066455696202531,0.7199367088607594,0.2237341772151898,0.0512658227848101,0.0050632911392405
970,0.8208,0.4381,0.7714,0.8333,0.6525,0.4376,gmm,1.0,-0.0472926071891938,-0.1220975298992712,0.2238699908085447,0.2621389871832494,4.962119372414998,3.848260783988783,2.795856457467449,2.143668666912162,0.3930961904703578,0.0135090941354099,0.1162286287254992,0.2625874617196644,0.0579453174498665,0.0012020083741395,0.039138457171244,0.1798843233269463,0.3151967567951174,0.2876215314739905,0.1349886452345468,0.0334921226314668,0.0074426939181037,0.0010024128876587,3.1048186785891704e-05,0.6789794904549002,0.2791631183024625,0.0380473351784827,0.0038100560641544
46382,0.5092,0.3294,0.3115,0.4546,0.4297,0.2414,kmeans,0.6185,0.1294748585045051,0.0573491605308236,0.0984668852434938,-0.1312626299935926,1.7031679778703943,1.8878436466007733,1.7271288005863004,1.583389877387959,0.0235474214234603,0.0043806860467644,0.0661867512933246,6.203474877044988,48.61309600359768,0.9519466747462506,0.0129010755946068,0.0183850931677018,0.0128768368429025,0.0002726859566732,0.0001030146947432,4.847750340857446e-05,0.0033934252386002,4.241781548250265e-05,3.029843963035904e-05,0.9511467959400092,0.0059687926071807,0.0143675200727162,0.0285168913800939
377,0.5583,0.225,0.7083,0.6583,0.55,0.3917,agg,1.0,0.0210630194317145,0.3814587908089021,0.3511797181213738,0.0165109425983297,19.135808489009417,3.2645388925212626,2.6478550778972814,4.333576840159851,0.3481065954344593,0.0305391676125931,0.1747545925364855,0.4380453952340978,-0.337575751217654,0.0523921363952679,0.1980949895615866,0.1758350730688935,0.1884742519137091,0.1883437717466945,0.1151356993736952,0.0496172581767571,0.0221033402922755,0.0086464857341684,0.0013569937369519,0.6465640222686152,0.3204679888656924,0.0302453027139874,0.0027226861517049
44672,0.6222,0.4493,0.5841,0.7135,0.6144,0.6014,gmm,0.4616,0.1969600253143708,0.1095714588685398,0.1101120941240748,-0.2072842247077224,1.7477873350981663,1.7200303284574574,1.8958461131802904,1.6166570986204905,0.1548763328849703,0.0119760462306118,0.1094351233864697,1.5250335096929095,3.5212314148651807,0.3558724202626642,0.3792651657285804,0.1734146341463414,0.0531636960600375,0.0253150406504065,0.0060232958098811,0.0055331457160725,0.001364133833646,4.065040650406504e-05,7.817385866166354e-06,0.7558927454659162,0.1969027517198248,0.0312374921826141,0.0159670106316447
44577,0.8313,0.6,0.8313,0.8313,0.6,0.85,dictlearn,0.8081,0.002616018101945,0.4325004369408904,-0.2992851555716848,0.2640887499329289,15.103237334172697,8.25646502549364,3.032050234908484,3.451245113005931,0.5065109088787466,0.0236791921433009,0.1538804475666123,-0.2692422858312503,0.1185819545899451,0.0079113924050632,0.0272151898734177,0.070253164556962,0.125,0.2180379746835443,0.2848101265822785,0.1781645569620253,0.0651898734177215,0.020886075949367,0.0025316455696202,0.7066455696202532,0.2411392405063291,0.0493670886075949,0.0028481012658227
40691,0.5192,0.4182,0.5749,1.185,0.7082,0.5097,gmm,0.3897,0.0477611160239355,0.0657550116667565,-0.0222757781073577,0.1491622243048516,0.9625620633299588,0.6402203740542702,0.4364852297639616,0.8277982868811757,0.251414349892038,0.0104995310878089,0.1024672195768427,1.3941988480106886,3.5982019430595527,0.0203699829067358,0.3103179934441153,0.4237930405821253,0.1682701543288049,0.0482049625526593,0.0192699940412171,0.0065081654902047,0.002001759492757,0.0011244602529607,0.0001394869084195,0.7497298970611087,0.203861340224476,0.0316537396562504,0.0147550230581648
41801,0.8448,0.888,0.9276,0.8742,0.8454,,agg,0.5662,,,,,,,,,0.1192563672131061,0.0172082940327561,0.1311803873784346,1.8805593401905756,3.896704641309048,0.5985583468546597,0.2104599115985005,0.0909724164941531,0.0480855666834517,0.0271041981387194,0.0156754135660866,0.0065844197019713,0.0018920531901005,0.0005492456032376,0.0001184281691191,0.863640687069882,0.0773886122456591,0.0366707696898487,0.0222999309946101
44555,0.529,0.3471,0.5264,0.5201,0.5128,0.4681,kmeans,0.7367,0.1305832103778045,0.1502692169229205,0.1298783444250357,-0.0404011444185817,1.7988960477755878,1.5624221088573107,1.5051953100504905,2.0072757929822087,0.2762542434171324,0.0172530632249106,0.1313509163459115,1.1238812270892158,2.1542756762053017,0.0391847468770545,0.2815296953758492,0.3069515669515669,0.2163927240850317,0.1010475564321718,0.0332544378698224,0.0088888888888888,0.0084812623274161,0.0033179925487617,0.0009511286434363,0.718088976550515,0.2469428007889546,0.0194433486741179,0.0155248739864124
716,1.0,1.0,0.8929,1.0,1.0,0.8571,kmeans,0.5833,0.1848674145457562,0.0397752159789634,-0.0471431024027166,0.025095628170145,1.5166703947770988,1.1197110969089104,1.0122648182453815,1.0979409419938535,0.4792453660558084,0.0186605698449325,0.1366036963077229,0.0931528111264777,0.008309616129225,0.0022151898734177,0.0151898734177215,0.0721518987341772,0.195886075949367,0.2800632911392405,0.2484177215189873,0.1268987341772152,0.0496835443037974,0.0088607594936708,0.000632911392405,0.6889240506329114,0.2623417721518987,0.045886075949367,0.0028481012658227
775,0.8658,0.6644,0.6711,0.8188,0.4027,0.6913,kmeans,0.7525,0.0720450529430295,-0.0157687869695975,-0.0036794824124949,-0.0296345407043327,0.8454038337431955,0.7180547573290663,0.6642762143923473,0.6338991916526089,0.4888226537281796,0.0218821776557284,0.1479262574924697,0.0466803269461498,-0.0895620758676813,0.0034810126582278,0.020253164556962,0.0787974683544303,0.1740506329113924,0.2598101265822785,0.2382911392405063,0.1436708860759493,0.0636075949367088,0.0158227848101265,0.0022151898734177,0.6775316455696202,0.2775316455696202,0.0430379746835443,0.0018987341772151
768,0.7342,0.7342,0.7342,0.6076,0.5063,0.6962,kmeans,0.798,0.0569647905952905,-0.0611918825803354,-0.0467083378708897,0.068994393142831,1.0976029064079764,0.7803807420176783,0.6338395045566669,0.7199703478870466,0.4126868977561046,0.0195677142533327,0.1398846462387233,0.1761379854157398,0.19901256914213,0.010759493670886,0.0484177215189873,0.1541139240506329,0.2531645569620253,0.2772151898734177,0.1623417721518987,0.0683544303797468,0.020253164556962,0.0037974683544303,0.0015822784810126,0.6917721518987342,0.2623417721518987,0.0420886075949367,0.0037974683544303
762,0.9423,0.9423,0.8269,1.0,0.9423,0.7179,gmm,0.7879,0.066482093051847,0.0642662150313589,0.0019328428583263,0.0105712297092677,0.5452585703378527,0.4016023356373222,0.4535554298884133,0.2686710958783723,0.5273840284722878,0.0230702651645626,0.1518889896093941,0.0352800116927533,-0.0699929222889337,0.0028481012658227,0.0104430379746835,0.0493670886075949,0.1373417721518987,0.2338607594936708,0.2515822784810126,0.1841772151898734,0.0914556962025316,0.0310126582278481,0.0079113924050632,0.6813291139240506,0.2746835443037975,0.0414556962025316,0.0025316455696202
812,1.0687,1.0687,0.7099,0.916,0.8626,0.7557,kmeans,0.6616,0.011047958813957,-0.0855726927274613,0.0749215868544485,0.0525428411379118,0.7827177380373809,0.6375405299410624,0.628032870460912,0.5677531280682955,0.498667425675744,0.0210362499681314,0.1450387878056468,0.0142528248345773,-0.0475882252674662,0.0025316455696202,0.0167721518987341,0.0645569620253164,0.1613924050632911,0.2642405063291139,0.2481012658227848,0.1591772151898734,0.0670886075949367,0.0126582278481012,0.0034810126582278,0.6791139240506329,0.2772151898734177,0.040506329113924,0.0031645569620253
808,0.703,0.703,0.5333,0.8364,0.6485,0.6121,gmm,0.8333,0.0061713824966516,-0.0094699039681451,0.0538952296894107,-0.0419216458242449,0.3185119631142342,0.3163701025926451,0.2752786634479103,0.3023157363954966,0.4950104366548568,0.0237420269359279,0.1540844798671428,-0.0490049124585625,-0.1902305227334935,0.0044303797468354,0.0224683544303797,0.0832278481012658,0.1588607594936708,0.2408227848101266,0.2338607594936708,0.1670886075949367,0.0677215189873417,0.0196202531645569,0.0018987341772151,0.6708860759493671,0.2873417721518987,0.0401898734177215,0.0015822784810126
868,0.5569,0.5569,0.5808,0.6766,0.6108,0.7006,dictlearn,0.8434,0.0252114046960669,0.0555596701867366,-0.041666123524638,0.0104446175374463,0.9094858653888516,0.7627734611941902,0.9837338139403508,0.6970653887117061,0.4893664289242011,0.0220458610889502,0.1484784869566975,0.1037704415302454,-0.0630370132641267,0.0028481012658227,0.0193037974683544,0.0806962025316455,0.1768987341772152,0.2575949367088607,0.2310126582278481,0.1515822784810126,0.0617088607594936,0.0136075949367088,0.0047468354430379,0.6734177215189874,0.2873417721518987,0.035759493670886,0.0034810126582278
1512,0.7787,0.6176,0.5699,0.5557,0.8309,0.6553,autoenc,0.3238,-0.1073658143490225,-0.0063549026148662,0.1415665040965631,0.0766903069227306,0.6945053835920463,0.5809044288438638,0.7861720132313849,0.9351431049685128,0.2975310338306994,0.0128573702811468,0.1133903447439279,2.009988374593452,8.574167202273713,0.0109276729559748,0.1386792452830188,0.4117138364779874,0.3305817610062893,0.0617138364779874,0.0327044025157232,0.0011792452830188,0.0,0.0071540880503144,0.0053459119496855,0.7962264150943397,0.1651729559748427,0.0261006289308176,0.0125
9,0.3556,0.225,0.3088,0.3392,0.4075,0.2553,autoenc,0.8465,-0.0760365172561948,-0.4736537959375784,0.2712853115190095,0.2589794925826998,6.208765557616916,4.468490364854019,3.060102302654268,3.25707609293733,0.4916705412608735,0.0195921716218228,0.1399720387142476,0.3506768167529207,0.6687399420709208,0.0037408349543618,0.0127936555439174,0.0464611701331737,0.1791859943139308,0.3316624270537184,0.231482866975909,0.1167888672751758,0.0432440520724225,0.0317970971120754,0.0028430345653149,0.7266197815352387,0.2081400568606913,0.060825976357923,0.0044141852461469
952,0.5312,0.3233,0.4873,0.4908,0.4376,0.433,kmeans,0.6873,0.2008806845640419,0.3178361459068916,0.1299207513284986,0.1316428742997193,1.0234700689724705,0.7762568951537485,0.9289154422251492,0.3810466773824086,0.2660786672777511,0.025800958368347,0.1606267672847433,1.0930849958432924,1.3650245395503582,0.1377364981080151,0.2676298589611283,0.2198830409356725,0.2163054695562435,0.0846233230134159,0.0246302029583763,0.0187134502923976,0.026281389748882,0.0034399724802201,0.0007567939456484,0.7212246302029584,0.2280701754385964,0.0352253181974544,0.0154798761609907
41,0.5053,0.3316,0.5105,0.5558,0.4642,0.4905,gmm,0.754,0.2065389831253697,0.2997797509546198,-0.1529226316687995,0.1128427468546495,0.9028598468403451,0.7830419656370279,0.5091612174151253,0.745120916315299,0.2452620481345238,0.0198242892235387,0.1407987543394428,1.2350229540365434,2.654883523161641,0.1407636738906088,0.292328861369109,0.252562779497764,0.1997248022015824,0.0766425868593051,0.013484692122463,0.0058479532163742,0.013828689370485,0.0043343653250774,0.0004815961472308,0.7149638802889577,0.2544203646370829,0.00921912624699,0.0213966288269693
46334,0.5053,0.3316,0.5105,0.5558,0.4642,0.4905,gmm,0.754,0.2065389831253697,0.2997797509546198,-0.1529226316687995,0.1128427468546495,0.9028598468403451,0.7830419656370279,0.5091612174151253,0.745120916315299,0.2452620481345238,0.0198242892235387,0.1407987543394428,1.2350229540365434,2.654883523161641,0.1407636738906088,0.292328861369109,0.252562779497764,0.1997248022015824,0.0766425868593051,0.013484692122463,0.0058479532163742,0.013828689370485,0.0043343653250774,0.0004815961472308,0.7149638802889577,0.2544203646370829,0.00921912624699,0.0213966288269693
41701,0.8166,1.0297,0.8398,0.8096,0.7628,0.8799,dbscan,0.4153,0.1564417845662167,0.0099356471728953,0.1409741422215632,-0.06693572199754,4.170037186048327,2.2413108083316984,1.9653435365266572,1.986799686719612,0.3082281934125852,0.0259226636403829,0.1610051665021436,0.1673017437886432,-0.4876352050712991,0.1282094785657731,0.1561588055649813,0.1768691324510801,0.2442710100667345,0.178316932473702,0.0818459450288428,0.025540097274064,0.0072729329261395,0.0013346906458545,0.0001809750028277,0.6348829317950458,0.342042755344418,0.0212871847076122,0.0017871281529238
41919,1.1605,1.191,0.9549,1.2258,1.1771,1.0011,gmm,0.359,0.1623499341625658,-0.0135534351972915,0.1137360585546987,-0.0794670923278274,3.219545473091242,1.4480432725574388,1.2523904193088933,1.2482814417049384,0.5193004104861856,0.030105727436954,0.1735100211427398,-0.4440487884289517,-0.5560412809694477,0.0046827281981676,0.0443388756927949,0.0958149530596086,0.1121818798778418,0.1352335708630245,0.2271123176111299,0.2458432304038004,0.111028164234815,0.0219658409682162,0.0017984390906006,0.6567695961995249,0.3078724126230064,0.0353579911774686,0.0
46879,0.7746,0.7746,0.7746,0.7746,0.7746,0.4932,kmeans,0.4783,0.005486054490918,-0.1525973185369016,0.1669397722147531,-0.025849355158196,4.420497000183073,0.568820872971635,1.3533759162706178,0.4484908346590998,0.4642729999350503,0.0705159303290753,0.2655483577977378,-0.3218916460861409,-0.7307667990828794,0.1595986938214316,0.0273051473747529,0.0560926355589928,0.0367792386353871,0.2518582968118931,0.208344074933402,0.0627094612013405,0.0341045802182693,0.1604150554266563,0.002792816017874,0.636171264071496,0.3614655839133797,0.0023631520151241,0.0
1553,0.6274,0.4729,0.5379,0.6274,0.5379,0.667,dictlearn,0.5069,0.0732333639384562,0.0385102532334993,0.201236245804576,-0.0282601414072645,0.8542297060794513,0.7596432010877145,0.6485148494806705,0.6394415484458014,0.5953373895539104,0.0196088985964738,0.1400317770953216,-0.1353262677296441,-0.4477523927257203,0.0001469460771786,0.0027408637873754,0.0141451571684129,0.0631229235880398,0.1817147968310759,0.2588998211091234,0.2144262714030156,0.1976296958855098,0.0630462560695118,0.0041272680807564,0.6478596984410938,0.3210707896754408,0.029446716074623,0.0016227958088423
46505,0.399,0.3441,0.4052,0.4345,0.3645,0.3687,gmm,0.7179,0.0994727649428727,0.0411784959886822,0.0774029493596212,-0.0914807690964278,0.6763036150901411,0.9302051749030305,0.8201106778701339,0.7658487878858923,0.1105689729733916,0.0088030812802358,0.0938247370379252,3.955204054354289,19.8671153484285,0.594352370852901,0.3400333282835934,0.0238569913649447,0.017051961823966,0.0042357218603241,0.0137251931525526,0.0031692167853355,7.87759430389335e-05,0.0034479624299348,4.847750340857446e-05,0.9336403575215876,0.024475079533404,0.0167429177397364,0.0251416452052719
46827,0.6176,0.5578,0.7468,0.6192,0.5425,0.7048,agg,0.5693,0.0667625938597183,-0.0705210179135433,-0.0748192375375918,0.129625648835296,2.239808611816469,1.994775243040043,1.962050460921277,2.0944115710121767,0.1353762152163637,0.00785406460268,0.0886231606448342,2.1922355607781188,10.715873823020113,0.3753128983809283,0.4506252806408158,0.1344650147352557,0.0262499161303308,0.0068747322622101,0.0026735069908594,0.0012490129185096,0.0014296552827569,0.0008877281900151,0.0002322544683179,0.7648088029604703,0.201534943975061,0.0204641992640113,0.0131920538004572
458,1.0082,0.5063,0.9928,1.0082,0.9957,0.745,kmeans,0.9876,0.0367766243926056,-0.1468866383137731,0.2444213371831568,0.2586586525207781,4.98561594879091,3.870062712094893,2.7979826064680857,2.1989235842453447,0.399505127215522,0.0137428785147932,0.1172300239477638,0.2145431581448947,-0.0176794584053636,0.0011532183663331,0.0369695195514867,0.1683610105741253,0.3039573131786247,0.2956408345752608,0.146693811652828,0.0383312043148108,0.00801043219076,0.0008516074089844,3.1048186785891704e-05,0.6775024838549428,0.2797796465829252,0.0396041799730324,0.0031136895890994
44556,0.529,0.3471,0.5264,0.5201,0.5128,0.4681,kmeans,0.7367,0.1305832103778045,0.1502692169229205,0.1298783444250357,-0.0404011444185817,1.7988960477755878,1.5624221088573107,1.5051953100504905,2.0072757929822087,0.2762542434171324,0.0172530632249106,0.1313509163459115,1.1238812270892158,2.1542756762053017,0.0391847468770545,0.2815296953758492,0.3069515669515669,0.2163927240850317,0.1010475564321718,0.0332544378698224,0.0088888888888888,0.0084812623274161,0.0033179925487617,0.0009511286434363,0.718088976550515,0.2469428007889546,0.0194433486741179,0.0155248739864124
44554,0.529,0.3471,0.5264,0.5201,0.5128,0.4681,kmeans,0.7367,0.1305832103778045,0.1502692169229205,0.1298783444250357,-0.0404011444185817,1.7988960477755878,1.5624221088573107,1.5051953100504905,2.0072757929822087,0.2762542434171324,0.0172530632249106,0.1313509163459115,1.1238812270892158,2.1542756762053017,0.0391847468770545,0.2815296953758492,0.3069515669515669,0.2163927240850317,0.1010475564321718,0.0332544378698224,0.0088888888888888,0.0084812623274161,0.0033179925487617,0.0009511286434363,0.718088976550515,0.2469428007889546,0.0194433486741179,0.0155248739864124
44557,0.529,0.3471,0.5264,0.5201,0.5128,0.4681,kmeans,0.7367,0.1305832103778045,0.1502692169229205,0.1298783444250357,-0.0404011444185817,1.7988960477755878,1.5624221088573107,1.5051953100504905,2.0072757929822087,0.2762542434171324,0.0172530632249106,0.1313509163459115,1.1238812270892158,2.1542756762053017,0.0391847468770545,0.2815296953758492,0.3069515669515669,0.2163927240850317,0.1010475564321718,0.0332544378698224,0.0088888888888888,0.0084812623274161,0.0033179925487617,0.0009511286434363,0.718088976550515,0.2469428007889546,0.0194433486741179,0.0155248739864124
44606,0.3034,0.5955,0.2697,0.2697,0.4045,0.3146,dbscan,0.412,0.0577401065918558,0.1014520927198446,0.0667049529513842,8.618620220793808e-15,2.877172881673277,2.682903401527505,2.310925330829442,1.8684707284039737,0.125452232989894,0.0217486497739258,0.1474742342713663,1.441687771894677,1.7648814842879554,0.5882794729839921,0.1763497274795073,0.1135037122870263,0.0298860563924295,0.0672047337024162,0.015602871121411,0.0060646538775159,0.0028673662074589,0.0002226299300459,1.877601819664392e-05,0.8487779494442299,0.0850419509892279,0.0524441011115402,0.0137359984550019
44603,0.2381,0.6095,0.2286,0.2857,0.3333,0.4667,dbscan,0.4861,0.0577413802318658,0.0680710511442252,0.0871623502668068,0.046936260805006,2.8772998133028347,2.361602512363126,2.06392213121968,1.901199855120814,0.132856917638557,0.0215254336367782,0.1467154853339559,1.5061558719448582,1.9614286256507656,0.58484614394232,0.1857887000557916,0.093708424531136,0.0334266769666537,0.083019505600618,0.0033796832753959,0.0128374318698768,0.0027868975580447,0.0001823956053388,2.414059482425647e-05,0.859161087506974,0.039003154371057,0.085953929015922,0.0158818291060469
44607,0.338,0.3803,0.3662,0.3521,0.4225,0.4366,dictlearn,0.3287,0.107200417765628,0.1400587184742529,0.0658737715136866,3.285437765464815e-15,2.2129777106587074,1.7525163739159086,1.870261476351513,1.868470728403984,0.1456680559503699,0.028193383267676,0.1679088540478911,1.359272399229957,1.2016567969708412,0.5292128020256641,0.1927116861937255,0.1057331230419295,0.0689669971245869,0.0501319685850392,0.0347651388352431,0.0077276726320758,0.0102168361872881,0.0004452598600918,8.851551435560706e-05,0.8367317926269259,0.0812787004849577,0.0702866829749796,0.0117028239131367
44604,0.2353,0.3039,0.3529,0.4412,0.4706,0.4412,autoenc,0.4722,0.0952237185507939,0.1064774678766604,0.0711824581123573,0.056788956855302,3.3430522471457724,2.50463272893979,1.929917233985441,1.6171634687477834,0.1319046738116214,0.0204938290478925,0.1431566591112426,1.5239633959312873,2.165584423415021,0.5364871679327068,0.2498846616025063,0.0814235440539032,0.0380804471911076,0.0725854040599116,0.0099915239689283,0.0087523067679498,0.0025213510149778,0.0002387236599287,3.486974807948157e-05,0.8533914853439767,0.0530583451354019,0.0795620359641217,0.0139881335564997
46788,0.4017,0.1906,0.3804,0.3713,0.3867,0.3888,kmeans,1.0,0.047288769001253,0.0556395391240469,0.0024279132722559,-0.0320271644445301,11.080910826643638,9.579869174387712,5.300241582752728,6.5484718036438325,0.1791344144999885,0.0086827151998166,0.0931810882090174,1.581429852866853,4.441603733721957,0.1655812133072407,0.5148597521200261,0.2251376386170906,0.065030658838878,0.018815394651011,0.006914546640574,0.002604044357469,0.000842791911285,0.0001696020874103,4.435746901500326e-05,0.7616699282452707,0.1946849315068493,0.0278643183300717,0.0157808219178082
