dataset_id,LSE_kmeans,LSE_dbscan,LSE_agg,LSE_gmm,LSE_autoenc,LSE_dictlearn,best_method,gt_accuracy,n_instances,n_features,n_classes,skewness_mean,kurtosis_mean,mean_abs_pearson,class_entropy,imbalance_ratio,hopkins,intrinsic_dim_ratio,pca_var_pc1,pca_top3_var,pca_entropy,inter_intra_ratio,pairwise_dist_mean,pairwise_dist_cv,pairwise_dist_p90,knn5_dist_mean,knn5_dist_cv,knn5_dist_p90,silhouette_true,davies_bouldin_true,knn1_accuracy,decision_stump_accuracy,feature_sparsity,high_corr_frac,corr_dispersion,feature_std_dispersion,zero_variance_frac,cv_mean,ae_mean_0,ae_mean_1,ae_mean_2,ae_mean_3,ae_var_0,ae_var_1,ae_var_2,ae_var_3
46652,0.4997,,,0.5805,0.5478,0.4913,gmm,0.411,16227.0,16.0,6.0,26.08404800961817,3057.6161819501804,0.1505647680359186,0.9380600682926138,3.941626794258373,1.0,0.625,0.2147380030112109,0.5491450366368016,0.8085423156299386,1.2801917704059678,4.64946198941435,0.491215115770494,7.917332804124308,1.1924927761946291,1.5157592884004325,1.7058850249756592,-0.0537533758743829,6.96649089290318,0.3721571743627573,0.3159545896003805,0.1288130892956184,0.025,0.2244952242737739,116.55928988106562,0.0,2.264392273996128,-0.2980915904045105,-0.5258933305740356,0.3917897641658783,-1.1671288013458252,7.270182132720947,2.56058120727539,4.288782119750977,3.048895359039306
876,0.7343,0.7343,0.7343,0.8601,0.7902,0.7692,gmm,0.7222,80.0,50.0,2.0,0.1296261807681674,1.1562029566524337,0.0890734798396683,0.9886994082856122,1.2857142857142858,0.7998028509968331,0.74,0.0656569195214008,0.1671586761218913,0.917588882194288,1.50936059549849,10.029070067551102,0.0824390262271601,11.053922528580754,8.76360555249425,0.038750318215022,9.189866242592077,-0.0010774717221266,9.300182229442914,0.575,0.75,0.00425,0.0008163265306122,0.0717316407009094,0.0230140545438794,0.0,40.12195712627344,0.1848895996809005,0.280509203672409,-0.0788017511367797,-0.3319090604782104,2.601398229598999,2.4770307540893555,2.48892593383789,1.9651588201522827
767,0.9384,0.9384,0.9778,0.9637,0.9637,1.005,dictlearn,0.4975,380.0,1.0,2.0,0.0142756913902173,1.2319683385882791,0.0,0.554544255657446,6.755102040816326,1.0,1.0,1.0,1.0,0.0,0.1943743077604229,1.1559345675458192,0.7076357534466987,2.3610972291802157,0.0,0.0,0.0,0.0201549998623146,8.857871520571837,0.8236842105263158,0.8710526315789474,0.0394736842105263,0.0,0.0,0.0,0.0,0.5520442208424801,0.1730893552303314,-0.404378592967987,0.1683199256658554,-0.4577066004276275,0.3994214534759521,0.9022868275642396,0.0391129180788993,0.411014199256897
45714,0.505,0.1996,,0.4607,0.4832,0.4245,kmeans,0.9999,28240.0,3.0,10.0,0.5718584998478299,1.2327154501732405,0.6225756120196855,0.985468292244966,2.486440677966102,0.9999997139714302,0.6666666666666666,0.7581754472933466,1.0,0.5744827093166517,3.135658523977373,2.114704124823215,0.5553573084514517,3.6831102461939578,0.0027487824287153,2.881804640682594,0.0084790758610032,0.1599372491370663,4.458807907568797,0.9999645892351274,0.2712818696883852,0.0031633616619452,0.3333333333333333,0.2162087032981978,8650.240127080797,0.0,0.5282329762894046,-0.6196292042732239,-0.484322190284729,-0.0628556609153747,0.048547089099884,0.8057084679603577,0.5284051299095154,0.8613543510437012,1.5694012641906738
44406,0.731,0.6361,0.7057,0.7247,0.7278,0.6392,kmeans,0.79,1600.0,7.0,2.0,4.007878685031456,50.172518975494185,0.0706408520165619,0.9999999999971146,1.0,0.99999987694983,1.0,0.2214815670195413,0.5469679283598093,0.976501040044403,1.0220523230850374,3.2814803191666564,0.5551153896593293,5.014205702106861,0.907331769216522,0.8625586374805664,1.5067527744947686,0.0502617438469089,4.394102966313363,0.6875,0.6950000000000001,0.0019642857142857,0.0,0.1000464898645837,931.3764870462064,0.0,1.426605769448376,-0.0104152038693428,-0.2561569809913635,0.5569241642951965,0.0245879311114549,2.174813032150269,2.371149063110352,1.1946932077407837,2.503678798675537
44627,0.7139,0.1057,0.7423,0.8686,0.7345,0.7191,gmm,0.97,1600.0,100.0,10.0,0.3604907277038811,0.5431836592706863,0.2618410160635812,0.9999999999956573,1.0,1.0,0.25,0.2565301170057606,0.4967851807388012,0.5958041670127106,10.588164549735792,13.811043251455157,0.2165466868579326,17.48033250701466,5.450097758399241,0.2176402564497463,6.998630411431426,0.1579972366675499,1.920439113525816,0.955625,0.19375,0.00946875,0.0171717171717171,0.1955496866368389,44.73692000098181,0.0,0.3337511452805451,-0.5334659814834595,0.6581105589866638,-0.0286219213157892,-0.3141666948795318,14.48533058166504,9.253085136413574,9.098556518554688,12.655574798583984
775,0.8658,0.6644,0.6711,0.8188,0.4027,0.6913,kmeans,0.7525,80.0,25.0,2.0,0.1367542060707918,1.0949661279363634,0.0974006752837933,0.9837082626203004,1.3529411764705883,0.6153884477802996,0.8,0.1152334216843462,0.2722232456005852,0.9351229318029318,2.054501676536854,7.060908109607398,0.1247977716445339,8.19384526398036,5.757558084678844,0.0577832386521903,6.070591806614817,0.0281433797309834,4.7410830332187945,0.5625,0.8,0.0045,0.0033333333333333,0.0898298762731951,0.0248178607615337,0.0,33.58114691795839,0.2780734598636627,-0.005092479288578,0.1791531145572662,-0.0803398117423057,1.389549732208252,1.4375779628753662,1.1873412132263184,1.343718409538269
1524,0.8726,0.5037,0.7837,0.8,0.9007,0.4889,autoenc,0.8036,248.0,6.0,2.0,1.1946058739406935,7.266515397021276,0.4059958043711828,0.9071657675701968,2.1,0.9999855707029012,0.8333333333333334,0.5403339062651528,0.8632542835845288,0.7133601140455487,1.9396469949273,3.085618685977801,0.5152366987370577,4.952550792675998,1.099734700172342,0.673057065993767,1.6394997277335956,0.07086270874958,2.1265183310009967,0.8024193548387097,0.7620967741935484,0.0087365591397849,0.0666666666666666,0.250325251935513,9.694798917862531,0.0,0.5200675121444278,0.1739912033081054,-0.0539605319499969,0.0228306911885738,-0.2788729071617126,1.869864106178284,0.6836978197097778,0.6593180298805237,1.0779637098312378
920,0.8791,0.8791,0.7765,0.8694,0.8457,0.5732,kmeans,0.8723,400.0,50.0,2.0,0.0773914084281452,1.17803131877659,0.0431275315806515,0.9765004687549388,1.4390243902439024,0.7944304695641905,0.88,0.0540717918031784,0.1220150817126552,0.9742649638331582,1.556978355374208,9.975671111775016,0.0860354432443392,11.07251617925154,8.106030633358289,0.0384342285540802,8.498455019877923,0.0096680915941323,9.007230522649206,0.5975,0.77,0.0059,0.0008163265306122,0.0475064941486743,0.0098586580444805,0.0,71.45486297064296,0.3946870863437652,-0.1188315376639366,0.1412663906812667,-0.2465420216321945,1.8027878999710083,1.937490701675415,1.5357662439346311,1.9571864604949951
41,0.5053,0.3316,0.5105,0.5558,0.4642,0.4905,gmm,0.754,171.0,9.0,6.0,2.0376424165731386,10.554151841820502,0.2258034229398582,0.8398784103810479,8.714285714285714,0.9994228855354628,0.6666666666666666,0.2728628328158544,0.6620688119400537,0.8247023929932273,2.5514845836484565,3.6902481868373536,0.5740747703479719,6.19507493725552,1.4662212599391526,0.9267723720538906,2.878898142889393,-0.0331253103369888,3.6433301638375135,0.6489075630252101,0.4678991596638654,0.0084470435347628,0.0,0.18324584161418,0.4654197501964646,0.0,0.7637769016735935,-0.0206946358084678,-0.0530219562351703,-0.0928883776068687,-0.2765052914619446,0.9134237766265868,1.2324227094650269,1.0951422452926636,1.262183427810669
46334,0.5053,0.3316,0.5105,0.5558,0.4642,0.4905,gmm,0.754,171.0,9.0,6.0,2.0376424165731386,10.554151841820502,0.2258034229398582,0.8398784103810479,8.714285714285714,0.9994228855354628,0.6666666666666666,0.2728628328158544,0.6620688119400537,0.8247023929932273,2.5514845836484565,3.6902481868373536,0.5740747703479719,6.19507493725552,1.4662212599391526,0.9267723720538906,2.878898142889393,-0.0331253103369888,3.6433301638375135,0.6489075630252101,0.4678991596638654,0.0084470435347628,0.0,0.18324584161418,0.4654197501964646,0.0,0.7637769016735935,-0.0206946358084678,-0.0530219562351703,-0.0928883776068687,-0.2765052914619446,0.9134237766265868,1.2324227094650269,1.0951422452926636,1.262183427810669
44123,0.6967,0.5688,,0.5541,0.5772,0.6432,kmeans,0.881,10790.0,16.0,2.0,7.649031105788639,474.81490036139263,0.1551362525831051,0.9999999999971146,1.0,1.0,0.6875,0.2119930885664218,0.4955955976185309,0.851754917377208,1.4273084901815185,4.917310363645865,0.4787275185755676,8.11930068514965,1.4176727860827998,0.8054923055916526,2.236592791192319,0.048954641940118,4.59692644918187,0.8088044485634847,0.7172381835032438,0.0092157089898053,0.0083333333333333,0.1791227682840969,18809.74376761253,0.0,1.396254468313619,-0.7096027731895447,1.1266117095947266,-0.191194087266922,0.358824610710144,8.485673904418945,6.748848915100098,3.8650577068328857,3.4568216800689697
43904,1.0262,0.8625,,1.0089,1.0542,0.8998,autoenc,0.562,16640.0,5.0,2.0,0.651219177270933,2.4988796593547504,0.1997500133013913,0.9063441898474922,2.107376283846872,0.9994116204825698,0.8,0.4074891671524686,0.8190249489324024,0.86739458496091,0.6602113150231553,2.920837560835482,0.3928241333653134,4.470432407068323,0.3572189937336588,0.6494507482326235,0.6016347403032375,0.0343042779963955,6.305370260032983,0.6153245192307693,0.6781850961538461,0.0,0.1,0.2393060230728111,1.7025975187860594,0.0,0.2957698474344452,-0.3326406478881836,-0.0735189840197563,0.101089060306549,0.0832394436001777,0.8872160315513611,1.3243497610092163,1.1047555208206177,1.0725680589675903
43941,0.5732,0.478,0.5732,0.6266,0.5732,0.5396,gmm,1.0,718.0,6.0,2.0,2.0729034293740747,5.266555935421535,0.0798213410997388,0.9949568168862896,1.182370820668693,0.9999973093794744,1.0,0.2178382112526183,0.5883406810627294,0.9867089246100096,1.4297952324415693,3.148801411808289,0.46041448867772,5.159829561071478,0.4233853009798333,1.1181552339699414,1.040318841654146,0.0982232059590565,2.9909447039223904,0.9122562674094707,0.9874651810584958,0.0076601671309192,0.0,0.0536555176466097,670.9863133979812,0.0,2.0921918288567407,-0.2174706906080246,-0.2636126279830932,0.5675528645515442,-0.615649402141571,1.65757954120636,1.5758333206176758,1.063217043876648,2.010461568832397
44733,0.6776,0.2697,0.6615,0.4446,0.5051,0.472,kmeans,0.3877,1600.0,100.0,10.0,,,,0.8921097389747935,9.236842105263158,1.0,0.46,0.2219553109171164,0.4261590567736473,0.6996093177910032,5.7594758733464815,12.0863019335474,0.386380101844712,18.148586993444287,6.069646279001143,0.3924773809878283,8.438395207736539,-0.0616538264916875,5.61750117059837,0.445625,0.36875,0.15553125,0.0133333333333333,0.1911702210849205,0.1387685128187223,0.15,1.5857542550849713,-0.2151138484477996,0.9125633835792542,-0.4905625283718109,-1.3302019834518433,15.212469100952148,22.099271774291992,13.600830078125,8.357569694519043
46382,0.2591,0.3028,0.2448,0.2661,0.39,0.2234,autoenc,0.7664,575.0,9.0,6.0,9.27316979932862,147.024665669896,0.0729095955933867,0.9554220456828966,3.971428571428572,0.9999998879101116,1.0,0.1865981567784424,0.4537136301708034,0.975938164304682,1.511207600291057,3.0716096675809617,0.9545455313461016,4.903737149383771,1.1895061237076938,1.5580973978428905,1.718120331673883,-0.0755919449304005,6.273463041025596,0.3930434782608696,0.3078260869565217,0.0218357487922705,0.0,0.0892854685555278,91778269575.0128,0.0,3.799377946906698,-0.0751948058605194,-0.003970137797296,0.1118956208229065,0.0349326469004154,2.8533074855804443,2.0809686183929443,2.360835313796997,1.8119643926620483
1444,0.9306,0.9104,0.9306,0.9306,0.9306,0.9828,dictlearn,0.5373,834.0,37.0,2.0,9.208580424212965,169.73481507099777,0.3859355373749665,0.5359423426204214,7.176470588235294,1.0,0.3243243243243243,0.4949224596383225,0.6871417350060962,0.5391494601197828,2.3787372243852345,6.268575315564769,0.9409836480812755,9.86842654956846,2.528676795101692,1.4021637398791094,3.833845047571781,0.0767294799649592,3.862067374321872,0.829736211031175,0.8776978417266187,0.0186013351480977,0.1966966966966967,0.3235398017785691,74471.44210648771,0.0,2.114039890981473,-0.7744021415710449,-0.0979737788438797,-0.6540268063545227,0.4687657654285431,2.78110146522522,7.556446075439453,3.4187636375427246,6.971519947052002
46540,0.8671,0.7765,0.7765,0.7726,0.921,0.7303,autoenc,0.6179,800.0,20.0,2.0,0.984713162705576,2.8737075181277154,0.0749929889882154,0.8812908992278072,2.333333333333333,0.9999949872161514,0.9,0.117028216613231,0.2901057539213861,0.9631815346156734,1.0984158493503828,6.197590494505913,0.2066285805355513,7.882060571403031,3.595786316914371,0.1993248487553095,4.560245142969579,0.0156421808404328,7.886883085967513,0.6387499999999999,0.7,0.0084375,0.0,0.0831563050186825,603.1048448787695,0.0,0.5682209587593168,-0.42618328332901,-0.5483208894729614,0.1105250418186187,-0.1462847292423248,2.8865294456481934,2.0619022846221924,1.5494309663772583,2.178093910217285
44388,0.75,0.5872,0.6715,0.5959,0.5959,0.6076,kmeans,0.86,1600.0,16.0,2.0,4.87717572322105,91.48251806230196,0.1569957752766328,0.9999999999971146,1.0,0.9999999824332634,0.75,0.2077176974992934,0.4910760720797943,0.856748872112232,1.366226857954297,4.818900457149044,0.5789370414834216,7.908074898192906,1.858661096946398,0.7850237150759221,2.949068354441952,0.0480179237424049,4.781915454090508,0.75125,0.71,0.010078125,0.0083333333333333,0.1715617781060859,23049.826762601915,0.0,1.4089939292680342,-0.2967002987861633,0.9022683501243592,0.189821720123291,0.6672480702400208,4.26658821105957,4.830953121185303,3.716475486755371,3.891843557357788
42733,1.029,1.0297,,0.7853,1.0287,0.79,dbscan,0.5546,31958.0,5.0,2.0,29.293122635327077,4371.207239486946,0.1042462863733836,0.654051202878996,4.937941285767373,0.9999999999957064,1.0,0.3333413771991412,0.7327642788369142,0.951120088484885,0.3727923659713278,2.7417125333194035,1.1396973077542074,4.167946920167514,0.0438489763911621,21.67358009070877,0.0941590089451746,-0.0307659007695986,8.60552145921449,0.7452594029663934,0.8315914637962326,0.0202828712685399,0.0,0.1668908169084459,1.9931631884752228e+18,0.0,7.304273195672025,0.1176115944981575,-0.3848130702972412,-0.348198652267456,0.1123922616243362,0.9038753509521484,1.033359169960022,1.4213358163833618,1.908936619758606
42544,0.5474,0.1471,0.4493,0.5392,0.4657,0.4493,kmeans,0.85,212.0,10.0,8.0,3.086680154217789,25.61111819863712,0.2890523369408886,0.9886132716236984,1.7272727272727273,0.9999999956381872,0.7,0.363838147387454,0.760350345860669,0.760033457513914,2.8968001169907898,3.885126668842432,0.575578942685009,5.915225658883276,1.5506023958654742,0.8297118214431062,2.273525931681078,0.0148938941275295,2.8453591119620567,0.7592469545957917,0.2782945736434108,0.005188679245283,0.0222222222222222,0.2470490549201933,8.082007430186774,0.0,0.6166523534534435,-0.2578628361225128,0.1566718369722366,-0.3107425272464752,-0.521307110786438,0.8875632882118225,1.956563949584961,1.1133962869644165,1.9702305793762207
769,0.7198,0.7198,0.711,0.6944,0.7243,0.7176,autoenc,0.7271,200.0,50.0,2.0,0.0831679646874208,1.1740822310004309,0.0590010305687162,0.9927744539849228,1.2222222222222223,0.4557850919257606,0.86,0.0491936301778601,0.1314738996532831,0.961024719573891,1.6417956687293258,9.986315160870667,0.0882128326441405,11.119506227824544,8.360853893726928,0.0442673927420314,8.795292489743114,0.0081998571828006,8.532411267444436,0.575,0.765,0.0064,0.0008163265306122,0.050882821126488,0.0153344420552267,0.0,54.758439828974986,0.286962628364563,0.1488736420869827,0.1226333305239677,-0.2122571021318435,1.3893818855285645,1.0788981914520264,1.4221365451812744,1.317650318145752
44471,0.7748,0.1717,0.6695,0.514,0.7668,0.6124,kmeans,0.5824,1187.0,8.0,10.0,3.287963028654709,25.730009653858204,0.0852352776554038,0.7498963937014776,92.5,0.9999880302477032,1.0,0.225720604137002,0.5077154659272546,0.9660639706934684,3.3694488111020795,3.504731488347164,0.5510866847840078,5.401472083072808,1.093959439593883,0.5342753094039786,1.7078176614341312,0.002039885540409,2.967053538661569,0.5130482572775946,0.4001701946601425,0.0316975568660488,0.0,0.1150025642234727,0.0315333698249645,0.0,1.3951300617974347,-0.0668975785374641,0.6092942953109741,0.0505987703800201,-0.483726292848587,2.275815486907959,2.099132537841797,1.4080828428268433,1.7471641302108765
45077,0.8995,0.602,0.808,0.7786,0.8824,0.5407,kmeans,0.8306,844.0,30.0,2.0,2.4938782558510555,15.671602182431876,0.2102887749503395,0.9225790922597584,1.96140350877193,1.0,0.5,0.2266164129086936,0.501894103752735,0.7379788165288764,2.947437112227389,7.020974640247146,0.4675772144346897,10.798110021170006,2.7496228533958216,0.5686658027439976,4.544942340619022,0.0316926457373917,3.224842422412488,0.8127962085308057,0.7298578199052133,0.0213270142180094,0.025287356321839,0.2012227625991507,2.5870450597181747,0.0,4.549507173058212,0.215038925409317,-0.4526658952236175,0.903544545173645,-0.2127973735332489,3.194720983505249,5.3669633865356445,5.951641082763672,5.366783142089844
44606,0.3034,0.5955,0.2697,0.2697,0.4045,0.3146,dbscan,0.412,864.0,100.0,9.0,,,,0.999999999995904,1.0,1.0,0.74,0.0326429995887214,0.0915491598453285,0.9429417997028848,2.865113567849705,8.79425277306448,1.1755409257286984,25.22656071986212,3.3116241691382533,2.4696733034783307,14.731077732562172,-0.3642300183701034,5.174101969345966,0.3854012636107004,0.207171662857911,0.08,0.0014141414141414,0.0543402155404046,0.0530978223004837,0.08,19.923314177218398,0.5786376595497131,0.6339065432548523,0.3563563823699951,-0.5176517963409424,25.02020072937012,28.476469039916992,23.00215148925781,21.639772415161133
1026,0.5322,0.7725,0.5708,0.9657,1.2403,0.5665,autoenc,0.5548,124.0,2.0,2.0,0.379514349282497,0.7893030199781745,0.1461030676562231,0.8983179546796969,2.1794871794871797,0.722247452914918,1.0,0.5730515338281116,1.0,0.9845467848413229,0.3626913206068979,1.7915211806083735,0.5063731026913045,2.9678216364684595,0.325132213173088,0.8341477888922185,0.3238459030303817,0.0048182053346978,7.222311291794008,0.6451612903225806,0.685483870967742,0.0,0.0,0.0,1.0218796535797283,0.0,0.523205393587024,0.1833823323249817,-0.2102914899587631,-0.2504968345165252,-0.1872283816337585,0.3732422292232513,0.9100468754768372,0.7690294981002808,0.8487796187400818
41734,0.9681,0.9645,,0.9802,0.9709,0.9527,gmm,0.5193,35060.0,10.0,2.0,0.8889534898297585,4.112132629337024,0.6958747491873657,0.99989746229691,1.0241325558570522,1.0,0.2,0.8050513270609312,0.9993765359879376,0.2207993273506534,0.0768622018861548,3.680826580665424,0.6484060742598492,7.040187330925094,0.1110511043227605,1.4813880314576542,0.1903592999554225,-9.484443174747865e-05,69.56923357601755,0.5028522532800913,0.5059612093553907,0.0072989161437535,0.6444444444444445,0.4074013772940496,692.4915675479614,0.0,0.2405483082666958,0.005701404530555,0.9331261515617372,-0.1096686720848083,-0.0057011200115084,1.6913442611694336,0.1734594404697418,0.995079755783081,3.450652599334717
44635,0.6021,0.4325,0.6127,0.6021,0.565,0.4881,agg,0.9449,1600.0,16.0,7.0,3.847654278758356,43.695003338058754,0.3091759520731231,0.9999987952952156,1.0043859649122806,0.9934715237488454,0.5,0.4579444296820218,0.7374563615861796,0.6308947628727741,4.373882937746143,4.904391833013306,0.5712590760484675,8.268974487051677,0.6271094185829219,1.8171908784565372,1.0192950877103777,0.1893647168852324,2.950583963276832,0.8856250000000001,0.284375,0.0062890625,0.15,0.3441759721438425,19.63872897694501,0.0,2.266003064160617,-0.4128783047199249,0.7064754962921143,0.1117900013923645,-0.2887719273567199,2.618133544921875,4.214268684387207,4.6194257736206055,3.0525569915771484
44774,0.9872,0.952,0.9746,1.1303,1.0117,0.9804,gmm,0.5237,1600.0,3.0,2.0,0.8409671641248274,0.6950075348501344,0.0738212407203298,0.5329433101716597,7.247422680412371,0.9112295515013236,1.0,0.3919542682490014,0.9999999999999998,0.9903942994165652,0.2244986492016606,2.238072821917529,0.4619525007193849,3.644064725417664,0.3078518627706246,0.5214199492764765,0.5085996348771709,0.0012501181228303,14.092542860863368,0.786875,0.87875,0.003125,0.0,0.0709387277888776,3.0400460531121007,0.0,0.1583915251770163,-0.872384250164032,-0.3298656344413757,0.2399785369634628,0.0618179813027381,0.7649689316749573,0.927614450454712,0.6935657262802124,1.0403858423233032
44595,0.8297,0.7856,0.8922,0.6315,0.8262,0.7995,agg,0.6308,598.0,4.0,2.0,2.219922513296204,10.323930927649284,0.4633312169385739,0.7907877320066126,3.211267605633803,0.9989180624265036,0.75,0.6328306223033904,1.0,0.6220330632145397,0.8879812920037315,2.33977957259309,0.6809920237876568,4.014835428253966,0.3663044592740351,1.420928347499471,0.6615977335128989,0.0625957348009476,3.529286837264724,0.7140468227424749,0.7625418060200669,0.011705685618729,0.1666666666666666,0.3146518599263455,612.3029954846279,0.0,0.9009360496570152,-0.2299308329820633,0.0806784778833389,-0.1867068260908126,0.1565685272216797,2.0170068740844727,0.3904976844787597,0.7572892308235168,0.92239511013031
32,0.6915,0.3077,0.7072,0.8228,0.6883,0.5732,gmm,0.9891,8793.0,16.0,10.0,0.5097057175059504,1.0249047886379703,0.2714807949825559,0.9996538376579666,1.0841232227488151,0.9999999951809688,0.625,0.2951815792354544,0.6577000882730097,0.7483124492035984,4.212491169586229,5.4867358962790185,0.2777849932242888,7.431262605663684,0.964106038795361,0.3663040914011709,1.4307232211820495,0.1644021782008169,2.2639384826950355,0.9930628181670602,0.1997041705229921,0.007719208461276,0.0083333333333333,0.2033578824851267,6.568288336584419,0.0,0.6616155414846011,0.8383340835571289,0.2214333713054657,0.2878072559833526,0.2932348251342773,8.642789840698242,8.428756713867188,8.606822967529297,6.644952774047852
44376,0.8187,0.6375,0.7031,0.6187,0.6687,0.6719,kmeans,0.8,1600.0,7.0,2.0,3.640937330745974,81.41319724880063,0.2852350511602882,0.9999999999971146,1.0,0.9981091056698892,0.8571428571428571,0.4069174911670447,0.7609272434782786,0.8242948401512924,1.304929782171063,3.324372394101927,0.5663431373254799,4.798306327996504,0.7183428463536843,1.2405674500771986,1.0673457670639104,0.0531732194917249,3.5668505831195816,0.721875,0.71,0.0083928571428571,0.0,0.2049687243154327,0.1134672606153521,0.0,0.5036171315717878,-0.0762970671057701,-0.5583608150482178,0.369959682226181,-0.1629005372524261,2.07014536857605,2.2424774169921875,1.7303647994995115,1.2231552600860596
44093,0.8587,0.8198,0.8393,0.8522,0.822,0.8058,kmeans,0.6091,6086.0,17.0,2.0,3.4075232527858232,29.656329167934445,0.1213589508362707,0.9999999999971146,1.0,0.9999999999672108,0.7647058823529411,0.187261065503354,0.4238375621530871,0.8817937909033632,0.268037741545438,5.207456148714214,0.5054041705857827,7.87456420085128,1.816331571297937,0.5447023752824987,2.834826690709459,0.0007458408110665,26.823134781776943,0.5364771606966809,0.5566874794610581,0.0085538651872184,0.0147058823529411,0.1650961370216209,795.3454044418803,0.0,1.1595939650057456,-0.1562857329845428,0.0652631595730781,0.3069849610328674,-0.2460589557886123,6.592143535614014,4.405886173248291,5.062897205352783,3.2717161178588867
46921,1.0059,0.7586,0.8399,0.8712,1.0693,0.8286,autoenc,0.6872,614.0,8.0,2.0,1.0754800396856918,2.7895977226800825,0.1721923870471773,0.9327521564426436,1.8691588785046729,0.9993655182558758,0.875,0.2619251622433717,0.6058351331542672,0.9265667187602156,1.4120752670067844,3.760526108951988,0.3650518822141007,5.53896949362996,1.5373495767225052,0.3887448577679382,2.240972523165561,0.086511969055333,3.712694718595893,0.6986970684039088,0.6840390879478827,0.005700325732899,0.0,0.1306717421434319,35.463785043904984,0.0,0.6162302099967412,-0.6765844225883484,0.2016872018575668,-0.0648425668478012,0.1871039867401123,1.3691774606704712,2.048815488815308,1.7422863245010376,1.5904589891433716
41718,0.7785,0.7811,,0.7965,0.7779,0.7862,gmm,0.6404,35060.0,10.0,2.0,1.0715270291687085,18.323480041835357,0.6929282913061214,0.9993479702987568,1.0619890607539846,1.0,0.2,0.8051192130340555,0.9999164241039628,0.2282122909738883,0.1532043637061972,3.764393923801552,0.6056805502989874,6.9531508399916095,0.0975599532772375,2.9124312414913978,0.1553639882042434,-0.00037857711932,36.01315117285137,0.5288933257273246,0.5167712492869367,0.0077809469480889,0.6444444444444445,0.4099544365718758,1687.1736975130111,0.0,0.1809231735707081,0.213600143790245,0.4124210774898529,0.1337783187627792,-0.0314515605568885,2.663710832595825,0.3015643358230591,1.3484838008880615,2.250737190246582
41829,1.0522,1.0263,1.0441,1.0368,1.058,1.0263,autoenc,0.4902,1462.0,10.0,2.0,0.3007185669229703,1.397787884969684,0.6466606256485482,0.9994599624251864,1.0562587904360057,0.9999999999634324,0.2,0.7991101714447185,0.9991421382413116,0.2222728651347598,0.2692888726877886,3.877129312892768,0.5654744330194246,6.924897556642008,0.2689360683213236,0.591961610002468,0.4111820886663169,-4.4266711131667285e-05,21.789204841697277,0.5102599179206566,0.5054719562243501,0.0044459644322845,0.6444444444444445,0.4737700594672765,14957.871791621556,0.0,0.1494970858667699,0.2407291233539581,0.8645525574684143,0.060512401163578,0.1372197270393371,2.262113571166992,0.2023436874151229,1.0819098949432373,2.9151597023010254
46906,0.4605,0.4133,0.3791,0.6929,0.6163,0.6787,gmm,0.7756,718.0,6.0,5.0,2.002499330841789,4.7252511078115615,0.0832859999310931,0.5115421362673948,91.16666666666669,0.9973981540410484,1.0,0.2183133315538374,0.5910049878043013,0.9854554233685348,2.350646067087584,3.162850295932671,0.4485962003340565,5.090743408992225,0.4176191421655653,1.1484357773408682,1.0367936496830104,-0.161908511785322,3.3147575171077674,0.882983682983683,0.7994463869463869,0.0097493036211699,0.0,0.0555988550049537,660.3857298072169,0.0,2.032382670090865,-0.318782240152359,-0.1762673407793045,0.5802808403968811,-0.5796648263931274,1.732498049736023,1.5769726037979126,1.0502558946609497,1.8738571405410769
976,0.5842,0.5189,0.6197,0.4821,0.5775,0.5391,agg,0.9635,7968.0,14.0,2.0,0.3328813057783355,0.5849391480889601,0.2318182205690762,0.6391275409203655,5.171959721146398,0.9999999998660056,0.7142857142857143,0.2808639065334456,0.5588116455477627,0.8345840435395759,2.721965029081693,5.131958065479878,0.2563625315564999,6.846732727572818,1.447390577255266,0.2009036301523946,1.833936736240589,0.1167695476686791,2.41977672399243,0.9919678714859438,0.8457580321285141,0.0062392426850258,0.0,0.15985744439429,4.149908021881125,0.0,1.3682007954539668,0.5447540283203125,-1.0951088666915894,0.1321097314357757,0.41078582406044,5.247108936309815,4.616393566131592,4.564419746398926,3.769995927810669
1465,0.7801,0.4255,0.8652,0.617,0.6738,0.227,agg,0.3917,84.0,9.0,6.0,0.0713180196937007,1.1926495002949276,0.1252650654757065,0.9924568022044724,1.5454545454545454,0.5175210349333809,1.0,0.2101394500683724,0.5119075839087233,0.9581932260533744,1.786660892006533,4.168912285771635,0.2194571742196149,5.310232822877513,2.763172175098956,0.1641610919288017,3.392223963641651,-0.0189301627091621,4.766190842086302,0.3926470588235294,0.3338235294117647,0.0066137566137566,0.0,0.0908739226630096,1.404120578437979,0.0,0.5813256309525108,0.1762846261262893,0.0467467606067657,0.078428216278553,0.053796499967575,1.069603443145752,0.742567777633667,0.67266446352005,0.7006547451019287
41000,0.5157,0.4722,0.5107,0.6835,0.3801,0.3441,gmm,0.9744,3763.0,20.0,3.0,0.1960422794096503,1.2064431669440414,0.167978148138531,0.7568513800814474,12.794871794871796,0.9999999999988723,0.45,0.257311677928762,0.6365874216665,0.684091072119132,2.161519486077604,6.083702403807985,0.2580771632225629,8.024788560029137,1.2920199204214222,0.180992087056572,1.581296555272511,0.0169632998130064,4.369839603923633,0.884666755625028,0.6683532748326207,0.0209806005846399,0.0789473684210526,0.2996797802501984,0.4652106776636825,0.0,0.7612725351536247,0.3545279800891876,-0.116074115037918,-0.7445404529571533,-0.4907839298248291,13.503057479858398,4.735363960266113,5.164998531341553,8.13192367553711
44556,0.529,0.3471,0.5264,0.5201,0.5128,0.4681,kmeans,0.7367,676.0,18.0,4.0,1.0880864485930808,5.631487126873716,0.4061152993244931,0.9995464483952676,1.0943396226415094,0.9999999999998646,0.3888888888888889,0.5224337573544181,0.7983733243104617,0.5467881900657449,2.2786169952270128,5.493178299611066,0.4413703130852408,8.574209624142734,1.70396663237761,0.3436885852323357,2.085365962716136,-0.01578986419192,8.707605013871214,0.6819526627218935,0.400887573964497,0.0016436554898093,0.196078431372549,0.3403679912867395,38.27463412279331,0.0,0.2420069557397273,-0.2736966013908386,-0.375710517168045,-0.12120321393013,-0.1074049770832061,4.0685625076293945,1.8180376291275024,1.6506305932998655,3.9306929111480713
46372,0.4758,0.1361,0.4758,0.757,0.4847,0.4351,gmm,0.786,4000.0,7.0,10.0,0.9453082924182356,1.7516795405540773,0.1003312280689433,0.9999999999956573,1.0,0.9991491934875985,1.0,0.2400725570889325,0.5630566577662494,0.9718010051678686,2.215022157321891,3.630647582421171,0.3324587870716466,5.272540022510159,1.031908141150557,0.3515656691440563,1.45152987966389,-0.0039020584486416,3.718545034043005,0.6045,0.15975,0.0078214285714285,0.0,0.0965474479421516,30742.684766468472,0.0,0.7408494123600246,-0.2480216771364212,-0.228636547923088,0.3623320460319519,-0.2799946367740631,2.617645502090454,1.967055320739746,1.218995213508606,3.186584711074829
46915,0.7427,0.6558,0.7176,0.5516,0.5516,0.6334,kmeans,0.7625,4000.0,15.0,2.0,0.2930311159117243,0.4536458725999611,0.0471094809040203,0.5881537361426581,6.067137809187279,0.9999998377856664,0.7333333333333333,0.1373030129118658,0.4051195694475504,0.8632355363521829,1.146607212366708,5.330144484424093,0.2368951607224506,6.989918054301157,2.375115352645657,0.2033357638673505,3.0141282606391187,0.0549811890866839,6.506912259243942,0.847,0.85775,0.00545,0.0380952380952381,0.1897730296478814,19.057180841208403,0.0,0.4178102642302621,0.1998618245124817,-0.3132542073726654,0.4050097167491913,-0.2114806473255157,1.8868329524993896,2.970163345336914,1.9140832424163816,1.5763092041015625
952,0.5312,0.3233,0.4873,0.4908,0.4376,0.433,kmeans,0.6873,171.0,9.0,6.0,2.0447768354874825,8.755701181542126,0.2395486765890615,0.8398784103810479,8.714285714285714,0.9994515762389852,0.6666666666666666,0.2795596637980175,0.6774433691570425,0.8138803417522333,2.57009952364156,3.6427888869453455,0.6036814919706642,6.2452372908442895,1.4798508951249514,0.976036469678872,2.95949225694547,-0.0506815207497673,3.528452512255285,0.6894117647058824,0.4680672268907562,0.0110461338531513,0.0277777777777777,0.182695175272406,0.4588265979720483,0.0,0.7617727453570333,-0.0360057018697261,-0.0939385518431663,-0.1123627871274948,-0.2711796164512634,0.9923468828201294,1.3672200441360474,0.9763045907020568,1.5231341123580933
41862,0.8529,0.8241,,0.9912,0.8508,0.9261,gmm,0.6102,35060.0,10.0,2.0,0.439751915284423,2.607022414337222,0.7242269944469389,0.890668676188654,2.2484017418697304,0.9999999999999996,0.2,0.8133647248583225,0.9999585598687052,0.2186527136812353,0.9387701807851544,3.843403599818328,0.5926799628239874,6.879703988571976,0.0504841253682573,2.483434224744703,0.1264939859075415,0.0558581812718263,6.21189268456381,0.6630918425556189,0.692156303479749,0.0012350256702795,0.6444444444444445,0.3691387021692302,1099.322764964741,0.0,0.4637783226068918,-0.4356912970542907,0.1073455959558487,-0.148268386721611,1.088026523590088,0.9561361074447632,1.3475700616836548,2.658642292022705,0.9730316996574402
851,0.6094,0.5586,0.5586,0.7227,0.6016,0.6367,gmm,0.9143,192.0,124.0,2.0,0.934055592121786,1.2636775428707812,0.7915592796682911,0.9846039962057948,1.3414634146341464,1.0,0.0564516129032258,0.8651826783816677,0.9094235301246476,0.1537843115816726,5.062565358049974,13.26476957021724,0.6456297375636897,25.14343611911884,4.2971589124921055,0.5332534990322897,6.741739221404583,0.0664887711949954,3.6402679801757287,0.8385416666666666,0.8802083333333333,0.0063004032258064,0.7714398111723053,0.3488723676140452,1.537817871809999,0.0,6.95585010973457,-0.1393113881349563,0.1714229583740234,0.1846233159303665,-0.200138509273529,0.8836585879325867,2.8879220485687256,0.8203087449073792,5.230414867401123
46562,0.8213,0.7405,0.7904,0.7045,0.7973,0.6684,kmeans,0.6929,800.0,33.0,2.0,2.29650322746855,11.06324210357836,0.0778734259593886,0.8812908992278072,2.333333333333333,0.9999999921615272,0.8181818181818182,0.1026507152482936,0.2318690294787489,0.94023982011324,1.3362583911783492,7.926443843942643,0.2275812483768396,10.24712861540056,4.534808973963084,0.2214329179792299,5.88684159760311,0.0143470065789075,8.25944444400416,0.685,0.7,0.0001515151515151,0.0,0.0880289182851028,472.7882625307266,0.0,2.0842779285841946,0.1156252920627594,0.2813883125782013,-0.601592481136322,-0.344577819108963,3.690384864807129,2.615060806274414,4.292576789855957,3.802804946899414
748,0.7888,0.8342,0.7888,0.7888,0.7888,0.8342,dbscan,0.813,130.0,3.0,2.0,1.5857062385957477,4.628521601425216,0.7093548684289877,0.8616636287077379,2.5135135135135136,0.9959005006579104,0.6666666666666666,0.8095496823688813,1.0,0.5123511373940324,1.4822773893647785,1.977101982801956,0.7394895677243761,3.789899523674672,0.3477168677049098,1.4023462015126258,0.7659017126217481,0.1599470654692278,1.9095462392580829,0.7230769230769231,0.676923076923077,0.0051282051282051,0.3333333333333333,0.1463959725648841,93.56964701621392,0.0,1.011917883468814,-0.4904271960258484,-0.2407447695732116,-0.0618296191096305,-0.1008842065930366,0.269936740398407,0.4292687177658081,1.437408447265625,1.5682027339935305
43976,0.8587,0.8198,0.8393,0.8522,0.822,0.8058,kmeans,0.6091,6086.0,17.0,2.0,3.4075232527858232,29.656329167934445,0.1213589508362707,0.9999999999971146,1.0,0.9999999999672108,0.7647058823529411,0.187261065503354,0.4238375621530871,0.8817937909033632,0.268037741545438,5.207456148714214,0.5054041705857827,7.87456420085128,1.816331571297937,0.5447023752824987,2.834826690709459,0.0007458408110665,26.823134781776943,0.5364771606966809,0.5566874794610581,0.0085538651872184,0.0147058823529411,0.1650961370216209,795.3454044418803,0.0,1.1595939650057456,-0.1562857329845428,0.0652631595730781,0.3069849610328674,-0.2460589557886123,6.592143535614014,4.405886173248291,5.062897205352783,3.2717161178588867
46605,1.1587,1.0794,1.1587,1.1587,1.1587,0.873,kmeans,0.5727,306.0,1.0,2.0,0.7041160310937734,0.2435233083927506,0.0,0.8568718104028201,2.558139534883721,0.8904604875049612,1.0,1.0,1.0,0.0,0.4967388251593369,1.1207706267191369,0.7729270689534297,2.402359206230817,0.0294406765469462,1.6361647895124944,0.0667322001730782,0.1417002803566654,3.443780091402888,0.5588235294117647,0.7026143790849673,0.0,0.0,0.0,0.0,0.0,0.3672801322350023,0.2255790382623672,-0.3943794965744018,0.2250166982412338,-0.4587633609771728,0.3245784044265747,0.967857539653778,0.0187650714069604,0.5138235688209534
46808,0.4997,0.4208,,,0.5478,0.4913,autoenc,0.411,16227.0,16.0,6.0,26.08404800961817,3057.6161819501804,0.1505647680359186,0.9380600682926138,3.941626794258373,1.0,0.625,0.2147380030112109,0.5491450366368016,0.8085423156299386,1.2801917704059678,4.64946198941435,0.491215115770494,7.917332804124308,1.1924927761946291,1.5157592884004325,1.7058850249756592,-0.0537533758743829,6.96649089290318,0.3721571743627573,0.3159545896003805,0.1288130892956184,0.025,0.2244952242737739,116.55928988106562,0.0,2.264392273996128,-0.2980915904045105,-0.5258933305740356,0.3917897641658783,-1.1671288013458252,7.270182132720947,2.56058120727539,4.288782119750977,3.048895359039306
1523,0.4966,0.4698,0.5906,0.7785,0.5503,0.5235,gmm,0.8278,248.0,6.0,3.0,1.1595250548195697,6.919060591572644,0.3970857373511073,0.9412590806384294,2.5,0.9999465448091732,0.8333333333333334,0.5333753898282398,0.8656045412906692,0.7140253005306635,2.7100170604811487,3.0987174260160635,0.5047700640430685,4.929556598610468,1.0923599258070484,0.6548979071908965,1.564665517426226,0.0924377445398466,2.0178184170501985,0.7984621412479185,0.7740718973454795,0.0080645161290322,0.0666666666666666,0.2568162298684547,9.772720663919456,0.0,0.5161036737758692,0.1720727384090423,-0.1158596947789192,-0.0764047354459762,-0.3363837897777557,1.824162840843201,0.7658360600471497,0.7344783544540405,1.044560432434082
1476,0.3535,0.2736,0.3899,0.4293,0.3509,0.3853,gmm,0.9946,11128.0,128.0,6.0,11.571604046826348,822.6636309402086,0.4946771984745099,0.9848104163012126,1.8332063975628328,1.0,0.09375,0.5389750304077808,0.7509506208368986,0.3756991238408618,8.389171494994864,12.73491037296791,0.754087045005745,22.689715788633688,1.157852879836381,3.566377730459559,1.9613278567063368,-0.0797681752834862,2.7477802822082213,0.9931702756998496,0.3878509948817347,0.0156341267523364,0.1520669291338582,0.2701794436109119,10556.407511278718,0.0,1.6791464754825642,-0.146746426820755,0.916659414768219,0.721520721912384,-0.5144594311714172,2.4253833293914795,8.771223068237305,8.10517692565918,5.442320823669434
44076,0.5388,0.538,,0.5651,0.5388,0.6967,dictlearn,0.9318,58398.0,50.0,2.0,22.199783771483155,1516.2717966967246,0.8072501973882769,0.9999999999971146,1.0,1.0,0.08,0.8652051916885191,0.9335463148431428,0.167104617109472,1.6503771535518723,3.927423726665897,2.767361587222578,5.002351607695192,0.5123740559709313,2.028842432252973,0.7617369085684412,0.095236219201824,3.124184041305819,0.8510051714099798,0.7924243980958252,0.03381588410562,0.7355102040816327,0.3084740964714568,9260.072266732735,0.0,26.668172041377364,-1.4683363437652588,-0.4476886391639709,-0.8929213881492615,0.7520933151245117,5.224883556365967,1.6839443445205688,2.724231481552124,3.692296266555786
41712,0.7979,0.8034,,0.8139,0.7931,0.8024,gmm,0.6253,35060.0,10.0,2.0,0.9023208724905823,5.654117481531098,0.6690244342581934,0.9989428615899936,1.0796013998457796,0.9999999999999988,0.2,0.8012906183209566,0.9999303267419528,0.2255802187245048,0.1018497395266587,3.7790948085779896,0.6170892828990796,7.2014536313162685,0.0905155645906056,2.0880915665323823,0.1481477095427042,7.639074185506595e-05,53.85523279980449,0.519566457501426,0.5191386195094124,0.0072532800912721,0.6444444444444445,0.4435712751656368,1888.6769599525437,0.0,0.1891983530645193,0.5733519196510315,1.5904829502105713,0.0470427870750427,0.8737115859985352,4.079378128051758,0.6679084300994873,1.7478175163269043,0.4166219234466553
1477,0.353,0.2621,0.3271,0.422,0.3261,0.3816,gmm,0.9952,11128.0,129.0,6.0,11.504142230798127,816.3636789373368,0.4942016248113411,0.9848104163012126,1.8332063975628328,1.0,0.1007751937984496,0.5382390634798606,0.7486598656745271,0.3766818264871563,8.4352404804769,12.802620903292802,0.7521028901706437,22.75378674638805,1.1671458713732867,3.539379110385864,1.970687535630772,-0.0794846816881275,2.717439236107077,0.9935298262616474,0.3878509948817347,0.0155129319713105,0.1500726744186046,0.2690642095692164,10517.799936093808,0.0,1.6745431022012,0.5219948887825012,0.1486765444278717,-0.5319206714630127,0.5204912424087524,6.7820234298706055,9.399274826049805,2.730285167694092,8.842863082885742
1019,0.2829,0.4831,0.3971,0.738,0.7449,0.8226,dictlearn,0.9887,8793.0,16.0,2.0,0.5045559718045627,1.0267323038863505,0.2704749359433945,0.4817350792161521,8.60983606557377,0.9999999906722532,0.625,0.2946407549892061,0.6563803876782213,0.7493565375055548,3.536038438276932,5.398616105283032,0.2750734644434857,7.302994710716582,0.9686907886968704,0.3643872152349296,1.4293307804801851,0.0113364235644107,1.7419724510318453,0.9977254892749896,0.8959399638226329,0.0089346639372227,0.0083333333333333,0.2032112585787049,6.583215371823389,0.0,0.6629709633843626,0.6731683611869812,0.1991570740938186,0.6320868134498596,0.3922228217124939,9.549668312072754,9.193830490112305,8.787788391113281,5.648265838623047
62,0.9688,0.9688,0.9688,0.9688,0.9688,0.25,kmeans,0.5714,80.0,1.0,7.0,0.268460942583112,0.5208397647311762,0.0,0.8451251421074032,11.0,1.0,1.0,1.0,1.0,0.0,2.6029797216447843,1.1058012748190955,0.8101227738077602,1.946160973783538,0.0243270121722942,6.244995431295053,0.0,-0.1157894736842105,55.83102453540198,0.2625,0.5,0.0,0.0,0.0,0.0,0.0,0.754248970041915,0.1480802744626999,-0.4478996694087982,0.1504710167646408,-0.4581611156463623,0.3373960256576538,0.944733738899231,0.038780216127634,0.4308366179466247
46745,0.6688,0.4348,0.7225,0.612,0.7252,0.609,autoenc,1.0,24000.0,12.0,6.0,0.5905948629681599,0.7840988919035965,0.3316239503144096,0.9999999999966512,1.0,1.0,0.5,0.3828244879904402,0.7733020536162989,0.6696677058000781,4.398361882864836,4.5957299547074575,0.366726614342092,6.602833871844338,0.0246596374490907,0.3082243005251736,0.0338074568421616,0.3466827052000038,1.5946807083043133,1.0,0.3333333333333333,0.0145347222222222,0.0606060606060606,0.260612577010186,70.98648423445162,0.0,0.2811790587813666,0.2855815291404724,0.1233391538262367,0.0862825587391853,0.0570150129497051,4.383901119232178,5.293919563293457,4.136476039886475,3.4025661945343018
1461,0.9169,0.7956,,0.9642,0.9161,0.753,gmm,0.6331,36168.0,7.0,2.0,9.275439755909009,701.0193318905624,0.0567343532005612,0.5206226414981965,7.548333727251241,0.9999999999997206,1.0,0.2134644263016966,0.5352281711014611,0.9807860427576176,1.224295680071258,3.241517572009963,0.6171541880712934,5.092504421003675,0.4312432359096449,1.4565189674322794,0.8176047745716513,0.1824335912686905,3.61062188763496,0.8558394160583942,0.8830181375801813,0.0028833696716908,0.0,0.0953215954350162,1054.953191868981,0.0,1.684881094305124,-0.0720719620585441,-0.655575156211853,0.4953621327877044,0.2329228967428207,1.507238507270813,1.958984613418579,0.4588974416255951,2.145106792449951
44156,0.7139,0.5816,,0.5987,0.7139,0.6268,kmeans,0.8833,30779.0,7.0,2.0,13.235167277258318,1103.2473713851846,0.2131359640580862,0.999999999235675,1.0000649814802782,0.9999999999998744,0.8571428571428571,0.3451986301478489,0.6905417198945734,0.8868012567189341,1.1969128873993615,3.2181485610457696,0.583618228853376,4.54418731721822,0.290812943282808,2.729859958275268,0.4661828229622167,0.0529576387636785,3.7579664330653193,0.7734168976591509,0.7338770877200582,0.0612848277814651,0.0,0.1774547367897573,0.11181208168343,0.0,0.8419760428670644,-0.0342746637761592,-0.8622745275497437,-0.3730782866477966,0.2669891715049743,3.7030797004699703,6.201990604400635,2.7202553749084477,1.6180824041366575
45560,0.7808,0.6859,0.6336,1.0813,0.8149,0.6805,gmm,0.7291,9864.0,10.0,2.0,4.636467913906244,44.442813783116925,0.2346675705625945,0.6214878734167988,5.463958060288335,0.9999999999568696,0.8,0.3413682223148917,0.6165080390856618,0.8344872260767924,1.6616771638841112,3.688876134794123,0.6474650598895801,6.523331609935059,0.5456098642180645,1.4489692590544685,1.2366202992327764,0.1408686590280964,2.9343559312077003,0.8552311435523114,0.8827047850770479,0.0042376317923763,0.0444444444444444,0.2032592522434581,563.1746495354278,0.0,2.2894462939548266,0.1692802011966705,-0.1625331789255142,0.7350294589996338,-0.2403763979673385,3.6018667221069336,6.222262382507324,3.288945198059082,2.79506254196167
44625,0.708,0.1059,0.6615,0.708,0.7597,0.6822,autoenc,0.9675,1600.0,100.0,10.0,0.3493443180201123,0.4810620618380987,0.2454405086449544,0.9999999999956573,1.0,1.0,0.26,0.2305532369864002,0.4907652397356524,0.6081088007380613,10.435055447233394,13.823132007546825,0.2112242613500883,17.37378133158348,5.567154644782686,0.2129197523535288,7.147359896758259,0.162065930515848,1.9024575785657525,0.951875,0.183125,0.01036875,0.0139393939393939,0.1924351060664092,44.51843403523788,0.0,0.3114261517978219,-1.0374735593795776,-0.3426152467727661,-0.5853978991508484,-0.5742978453636169,12.831866264343262,13.674444198608398,24.96197509765625,7.702944755554199
40496,0.8261,0.5399,0.7298,0.7569,0.7517,0.8196,kmeans,0.6965,400.0,7.0,10.0,0.819499324937407,1.3606605153213909,0.1635853782281568,0.9967132796697352,1.5862068965517242,0.9641892707692712,1.0,0.2826462095868705,0.6135002479844467,0.94077476741786,3.2072383874504613,3.583686181572137,0.304690807134964,4.795157130496891,0.7038229555676652,1.414088766199404,2.100063068466051,0.2185078583104192,1.5917420629527936,0.645,0.1974999999999999,0.0,0.0,0.1145613698967406,0.0339426503227069,0.0,0.7480018756944837,-0.4689817428588867,-0.9383923411369324,0.2462245523929596,-0.2049559205770492,1.4276947975158691,1.5655616521835327,1.2874689102172852,2.6631076335906982
46435,1.0469,1.0019,1.0828,1.1268,1.088,0.8834,gmm,0.3492,2012.0,22.0,3.0,0.6027347876241664,1.7655046755538637,0.3934593116717093,0.996037247760313,1.2199036918138042,0.999999999999979,0.3181818181818182,0.5590218549229208,0.7874751864737993,0.4935916222082715,0.7409508675421982,6.113854048421722,0.3999024977359529,9.56285952106626,1.700562261894658,0.2778580295563516,2.273783114379959,-0.0192867494947209,18.907221429758067,0.3424420372059227,0.3836866338946104,0.0035017169709018,0.316017316017316,0.4105962256914305,17584216.863491792,0.0,1.1423106110542265,0.1833484470844268,-0.2078559696674347,0.0224931295961141,0.8319798111915588,1.3353967666625977,6.451569557189941,2.288057565689087,5.204484939575195
375,0.3958,0.1165,0.4826,0.5206,0.3328,0.3343,gmm,0.9697,7968.0,14.0,9.0,0.3333419919885254,0.5993339608133105,0.2324348797500975,0.9880576436645908,2.0656,0.999999999816286,0.7142857142857143,0.2822646386653897,0.5583755694389586,0.8342765165358638,3.06242781023302,5.192584843728373,0.2532004321495806,6.899055337716081,1.4470854823154646,0.2020438223112878,1.8308620439993064,0.0871179355226565,2.88113439351913,0.9889554441837368,0.2609190459200029,0.0062930292598967,0.0,0.1602694422775967,4.120220205130719,0.0,1.3657209720472798,0.3515309989452362,-1.0074663162231443,0.2014312446117401,0.4492357075214386,4.785373687744141,4.545172691345215,4.723029613494873,4.161411285400391
41825,0.7602,0.7646,,0.7597,0.7585,0.7873,dictlearn,0.6488,35060.0,10.0,2.0,1.1972451199052276,1.2712731641241266,0.6684774486757765,0.999062202676169,1.0748017516865902,0.9999999999999998,0.2,0.8012265986309932,0.9999618943539847,0.2217404890454272,0.1272799641392161,3.634196244227924,0.6832150502218286,7.532147111122637,0.088637958411568,1.2653197645605392,0.144168158515376,-0.0001860775530003,42.35038505910016,0.516371933827724,0.5180262407301769,0.0083742156303479,0.6444444444444445,0.4453124645459674,1122.0358806872728,0.0,0.1688383902339333,0.0185716114938259,0.6237782835960388,-0.0264763571321964,0.094292975962162,1.5017156600952148,0.2319964617490768,1.0476070642471311,2.8329720497131348
46840,0.4279,0.1525,0.3414,0.3848,0.3766,0.2456,kmeans,0.953,1688.0,8.0,7.0,0.5757330812834172,0.9357440977491592,0.1226814119395008,0.9982898673563604,1.288990825688073,0.9975636458234782,0.875,0.2257722430788533,0.5369929749981148,0.9562327822922304,1.783023177352251,3.874077743218084,0.2708410127348095,5.219017532201724,1.0895358774067616,0.4620419154419645,1.695510956146191,0.0369340406380406,6.6710879420557765,0.8323512369848822,0.2908766877951995,0.0046652843601895,0.0,0.105068606056283,8.37033782883114,0.0,0.3971800468755632,-0.8707987666130066,0.1902430206537246,-0.0680823177099227,0.536584198474884,2.6825764179229736,2.005269289016724,2.334047794342041,1.993236780166626
41731,0.8064,0.844,0.799,0.8028,0.7921,0.7578,dbscan,0.6353,1469.0,10.0,2.0,1.0465579611079174,10.729159580950332,0.7645506705814229,0.9993818414209078,1.0603085553997196,0.999999999986786,0.2,0.828590217393379,0.9992431445847124,0.2028583427503632,0.2436202343086723,3.767336314530091,0.6590545364752864,7.049924067705461,0.3016739111090741,1.8440876770600136,0.4715868503776232,-0.0002350813687685,21.56916939201041,0.5268948451315131,0.534377838328792,0.0104833219877467,0.6444444444444445,0.315230935404253,9931.677081276086,0.0,0.1281389599562521,0.0256552621722221,0.894537091255188,-0.103340208530426,0.1176890805363655,1.4100743532180786,0.401187002658844,2.331662893295288,2.5537102222442627
44791,1.0054,1.032,1.0054,1.0054,0.9919,1.0027,dbscan,0.4973,1600.0,100.0,2.0,,,,0.379764600333125,12.559322033898304,1.0,0.56,0.0432979229271275,0.1087792453346721,0.881132877868423,1.0945303773487112,7.849280850828362,1.1183283711233167,17.37777356712492,2.5292098072700124,2.414830104186015,6.518552895494422,-0.1570891502582836,10.353838593241235,0.868125,0.92625,0.35034375,0.001010101010101,0.0368592156724661,1297226.2418801766,0.35,13.95321468595354,0.3201585412025451,-0.0030264058150351,-0.2726762294769287,0.5967447757720947,25.787073135375977,26.808412551879883,24.439775466918945,26.557355880737305
44626,0.8571,0.1065,0.8312,0.7714,0.7636,0.7065,kmeans,0.9625,1600.0,100.0,10.0,0.3284652834891834,0.5475328738408646,0.2521687597898994,0.9999999999956573,1.0,1.0,0.25,0.2469074834178092,0.504802354785512,0.6039547194772994,10.42860361662896,13.833857050183283,0.2144717722589657,17.493785731385074,5.628016090708857,0.2171958421734861,7.247324426696692,0.1554850944637766,2.008391584544748,0.949375,0.193125,0.011625,0.0195959595959595,0.1966709545383776,46.24394954170266,0.0,0.3025434909961879,0.283346563577652,-0.8211627006530762,0.1350678354501724,0.1328954100608825,19.01947784423828,10.003649711608888,7.5864338874816895,12.274974822998049
47052,1.4465,1.0158,1.4298,0.6698,1.3935,0.9237,kmeans,0.4752,400.0,2.0,2.0,0.0596839661581741,1.2003337205258382,0.0119562995451826,0.543564443196711,7.0,0.7510451613795042,1.0,0.5059781497725914,1.0,0.99989687867963,0.1882177479421052,1.8099887426333932,0.4733278298019193,2.9575054045178324,0.2145321347484236,0.4386341015594676,0.3496088912374237,-0.0013850032901834,14.13971132601974,0.775,0.875,0.00875,0.0,0.0,15.509058668516952,0.0,0.4536614824225726,0.2192641049623489,-0.2429037243127823,-0.2384589314460754,-0.1835532337427139,0.4617111682891845,0.936460018157959,0.8360005021095276,0.8346642851829529
41709,0.7827,0.7975,,0.8088,0.7856,0.8087,gmm,0.6273,35060.0,10.0,2.0,1.0239063027365387,2.2613236026250343,0.6616254833602939,0.9995139820821002,1.053294289897511,0.9999999999973588,0.2,0.8007209783711291,0.9999719220984932,0.2236924828896999,0.1687053120430088,3.724460987661976,0.6437996894411968,7.398723158984383,0.0903967193193241,1.2563995576476443,0.1558691472877493,0.0001511611686188,33.077150692699334,0.5124928693667998,0.5129777524244152,0.0040473474044495,0.6444444444444445,0.4542671834859607,1315.2356668097268,0.0,0.2261393012327721,0.0827947705984115,0.4387839138507843,-0.0233834460377693,0.0972386002540588,1.4292367696762085,0.2052127122879028,0.9015972018241882,3.2303144931793213
44719,0.587,0.5855,0.587,0.4482,0.5464,0.5787,kmeans,0.6336,1600.0,6.0,3.0,0.2631970884564529,1.283974788120606,0.0255214244179522,0.8514330331965541,5.309677419354839,0.7730935053047365,1.0,0.1835726211005593,0.5295728128066433,0.9986451311012676,1.14280476170535,3.3513412380011296,0.2555892708646856,4.41807876064846,0.9443855844626152,0.1770518573130623,1.1715533941126453,0.0113438604489081,4.234556583020084,0.7225032967702192,0.5881098439333573,0.0119791666666666,0.0,0.0177372485683003,0.282448914070328,0.0,0.6711840804919973,0.0874123498797416,0.0095138940960168,0.6074212193489075,-0.0588335767388343,1.1622830629348757,1.3757820129394531,1.7781521081924438,1.2765244245529177
1075,0.875,1.375,0.875,0.875,0.875,1.3333,dbscan,0.5,104.0,8.0,2.0,1.4626846036250396,3.468446308095947,0.5182762975712197,0.4248088738649294,10.555555555555555,0.999999975160392,0.5,0.6382111379525635,0.947525371041398,0.5070657509983024,2.106964741947291,3.485378958916204,0.5743614899975138,6.066545311937009,1.210422330221162,0.7591165597139737,2.250088713088265,0.202306549903576,2.4056904015534,0.8942307692307692,0.903846153846154,0.0024038461538461,0.25,0.3397749915245314,386.8261524066208,0.0,0.8159276396556165,-0.2391921728849411,0.259254515171051,0.0007033405127003,-0.44584721326828,1.8742350339889529,1.4782286882400513,1.1870315074920654,1.106704592704773
46880,0.7402,0.3049,0.7804,0.767,0.7595,0.427,agg,0.9183,4000.0,9.0,4.0,1.1073777831943143,3.168585455998361,0.4973395309202472,0.9232196723326224,4.0,0.9999980908751108,0.7777777777777778,0.5584053752747815,0.7726762891320881,0.6780314846642361,3.748541894214762,3.785921132852757,0.4541544210691582,6.084460407684782,1.083387212637756,0.4031935473582748,1.6372902269972045,0.2030609819341049,2.184163711532832,0.90825,0.6712500000000001,0.0083333333333333,0.0277777777777777,0.1422224960288769,44.93635043791974,0.0,0.5206031979203188,0.0437517240643501,0.1168883815407753,0.2217283993959427,0.0540195927023887,3.121754646301269,1.2383960485458374,1.1165423393249512,0.7457382082939148
44702,0.6997,0.1278,0.7316,0.5942,0.623,0.5815,agg,0.7825,1600.0,100.0,10.0,2.635963264676994,32.460287972170065,0.2083453495556892,0.9999999999956573,1.0,1.0,0.6,0.2125070905918678,0.4312270910797586,0.7212571608153128,8.658553243903329,13.380692573938244,0.3151851625224552,18.10475271247403,6.174861866201163,0.4753172252458744,9.511920792334314,0.0251018764059877,3.9001797745349167,0.72375,0.19875,0.00250625,0.0058585858585858,0.1781800118923281,26.555734413654758,0.0,2.646591396367601,-0.0956813842058181,0.5566525459289551,0.7403848767280579,-0.3112293183803558,22.75910377502441,23.1730899810791,14.825220108032228,15.588247299194336
1459,0.2117,0.2017,0.2323,0.2715,0.2523,0.2422,gmm,0.9082,8174.0,7.0,10.0,0.6813859297860176,0.4710766102935149,0.2560388320784263,0.9888202797757548,2.3604166666666666,0.9999993784643224,0.8571428571428571,0.3285597944155294,0.7525374787308137,0.8595341442455402,1.4578837862277778,3.4972891774019903,0.3644240241642869,5.150932665174042,0.3809542470709319,0.6668748487409573,0.6991491802370484,-0.0705440800274953,7.303418520036507,0.8414452067869697,0.1810621390258236,0.0069558530532349,0.0,0.1572598562524051,3.82623911565314,0.0,0.806227396867693,0.2124500721693039,-0.6463004946708679,0.2665321230888366,-0.493883341550827,6.747553825378418,3.6368966102600098,3.259768009185791,2.805348396301269
377,0.5583,0.225,0.7083,0.6583,0.55,0.3917,agg,1.0,480.0,60.0,6.0,0.1750687787830704,0.7054703376597953,0.4570227389213381,0.9999999999966512,1.0,1.0,0.4833333333333333,0.5250209153236974,0.6937480064622936,0.5339133003629621,11.708482298677438,10.378473052087458,0.3411752638000302,15.04800278512172,4.845776683382657,0.1001481889540402,5.473458161457533,0.141558951637326,2.0796735492749945,0.9791666666666666,0.3229166666666666,0.0061458333333333,0.1559322033898305,0.2715432491135433,3.764822974884628,0.0,0.3247334180458776,9.350491018267348e-05,-0.1037634313106536,0.4432662427425384,0.0630904883146286,2.2057807445526123,4.968667507171631,3.8570361137390137,1.896843671798706
44636,0.5936,0.4337,0.5989,0.6631,0.5695,0.4652,gmm,0.9373,1600.0,16.0,7.0,3.832130279775915,43.35101258372845,0.3133886037820588,0.9999987952952156,1.0043859649122806,0.9617020045237812,0.5,0.4604229341157666,0.7449393221791427,0.6251827368599189,4.348498925273334,4.939127223363059,0.6318055725020084,8.295841778428315,0.6454031082619784,1.8646247401659288,1.0557822948539437,0.1964676250423295,2.92670147702128,0.90375,0.285,0.0060546875,0.1583333333333333,0.3461901237658482,18.353443979864245,0.0,2.1947444658764184,-0.5041176080703735,0.6519083976745605,0.2829072177410126,-0.4505596458911896,2.2359211444854736,4.9781012535095215,4.639002799987793,2.471010684967041
46962,0.5219,0.8464,0.6395,1.1356,0.8483,0.8734,gmm,0.5894,5455.0,94.0,2.0,19.56220155368107,1067.6831206585143,0.0804949268417838,0.2056215242015927,29.994318181818183,1.0,0.5638297872340425,0.1328073653063539,0.2528506927703391,0.8268295400804053,4.265076734012698,10.119440765744397,0.8580040273112821,14.353635326052936,4.650099128603369,1.2761246292337467,6.113053058314435,0.3263363387524984,2.8710336667361105,0.9545372548007488,0.9677360209139194,0.0630828636620707,0.0098375657744223,0.1493105064437566,822510743.4936224,0.0,6.63485408905015,0.6848191618919373,0.4131763875484466,0.1643893420696258,0.3403471112251282,13.10597324371338,17.535873413085938,15.355225563049316,14.010297775268556
694,0.4022,0.5413,0.4152,0.6152,0.4304,0.3725,gmm,0.9127,248.0,8.0,9.0,0.2706492599605751,0.9171433460202616,0.7102259787287476,0.9853182809319944,2.2,0.9999999950521948,0.375,0.8094243343322923,0.9925035876585973,0.3068555480321213,6.0545074653991655,3.519944590459635,0.5446018341761067,5.880173501017445,0.4707089933058879,0.3877456780729438,0.7049768054574934,0.1827388326490372,2.101260564356287,1.0,0.2621224489795918,0.0015120967741935,0.6071428571428571,0.3506993757894606,51.69736657898167,0.0,0.2565075641664182,-0.4589550495147705,0.3439541757106781,-0.3608151972293854,0.0002580618020147,0.7934706807136536,2.9701907634735107,1.638680338859558,0.8223739862442017
4153,0.7143,0.3429,0.6,0.6571,0.6857,0.5714,kmeans,0.9722,144.0,66.0,6.0,0.7301314833460577,2.3045785356336226,0.5948546970493955,0.9999999999966512,1.0,1.0,0.1818181818181818,0.6953088151450131,0.8053404377741732,0.3406889772200714,13.414330524061882,10.333021101242933,0.4949064074652904,16.710577530504423,3.8664048314215984,0.6076850502211957,6.478550180107564,0.1344622535301846,1.9432504161979915,0.9233990147783252,0.3054187192118227,0.0046296296296296,0.5258741258741259,0.3622219852560697,0.1602126566958348,0.0,0.9329518496886242,0.4227235019207001,-0.0175999216735363,0.4288405179977417,0.0956760942935943,3.5505192279815674,1.5384641885757446,4.446427345275879,4.399828433990479
941,0.9586,1.0118,0.9586,0.9112,1.0828,0.929,autoenc,0.4694,151.0,2.0,2.0,1.0852657014000728,1.752639844529959,0.1564285421265893,0.9984492478663152,1.0972222222222223,0.8217769656770514,1.0,0.5782142710632946,1.0,0.9822760048720862,0.6913525996426138,1.72006030079638,0.6008332984638535,3.111569415019303,0.4221933048742335,0.8244780453639585,0.7178185850445006,0.0262295294512515,3.5627550344547947,0.5623684210526316,0.5894736842105264,0.0033112582781456,0.0,1.962615573354719e-17,12.169147537628984,0.0,0.2295527276944513,0.1355160772800445,-0.2170261889696121,-0.2147352695465088,-0.1602718383073806,0.4512693285942077,0.8243069648742676,0.7214978337287903,0.8674094080924988
16,0.7573,0.1055,0.7704,0.7757,0.752,0.628,gmm,0.9475,1600.0,64.0,10.0,0.1272297595138113,0.1921455109427378,0.1076040300734579,0.9999999999956573,1.0,1.0,0.78125,0.0924999367222308,0.2286917186080082,0.9005177474654232,5.797586631703719,11.252384294732822,0.1218772181510134,12.933986020666875,6.901906925894982,0.1347243262511453,8.074896160096925,0.0690908878341561,3.0983324055458867,0.948125,0.1874999999999999,0.007626953125,0.0,0.0838161695190374,1.3618859669246457,0.0,13.31457154811546,0.5104109048843384,-1.0969969034194946,-0.3952959775924682,0.1820642054080963,9.450716018676758,10.042316436767578,14.0259370803833,14.2716646194458
46871,0.6688,0.4348,0.7225,0.612,0.7252,0.609,autoenc,1.0,24000.0,12.0,6.0,0.5905948629681599,0.7840988919035965,0.3316239503144096,0.9999999999966512,1.0,1.0,0.5,0.3828244879904402,0.7733020536162989,0.6696677058000781,4.398361882864836,4.5957299547074575,0.366726614342092,6.602833871844338,0.0246596374490907,0.3082243005251736,0.0338074568421616,0.3466827052000038,1.5946807083043133,1.0,0.3333333333333333,0.0145347222222222,0.0606060606060606,0.260612577010186,70.98648423445162,0.0,0.2811790587813666,0.2855815291404724,0.1233391538262367,0.0862825587391853,0.0570150129497051,4.383901119232178,5.293919563293457,4.136476039886475,3.4025661945343018
