dataset_id,ae_mean_0,ae_mean_1,ae_mean_2,ae_mean_3,ae_mean_4,ae_mean_5,ae_mean_6,ae_mean_7,ae_mean_8,ae_mean_9,ae_var_0,ae_var_1,ae_var_2,ae_var_3,ae_var_4,ae_var_5,ae_var_6,ae_var_7,ae_var_8,ae_var_9,ae_mean_10,ae_mean_11,ae_mean_12,ae_mean_13,ae_mean_14,ae_mean_15,ae_mean_16,ae_mean_17,ae_mean_18,ae_mean_19,ae_var_10,ae_var_11,ae_var_12,ae_var_13,ae_var_14,ae_var_15,ae_var_16,ae_var_17,ae_var_18,ae_var_19
43924,0.3885375559329986,-0.4899060130119324,0.4172398149967193,-0.3777914345264435,1.0129059553146362,-0.3515385389328003,0.629131019115448,1.525327444076538,-0.4258291721343994,-0.5073102116584778,0.7835747599601746,0.5720300674438477,0.5450546145439148,0.4801788330078125,0.6373127698898315,0.628330409526825,0.5224081873893738,0.3189371228218078,0.9029423594474792,0.6420720219612122,,,,,,,,,,,,,,,,,,,,
732,0.3061227202415466,-0.1201003864407539,-0.0182699132710695,0.0975301563739776,0.4790955483913421,0.540393590927124,-0.1097094267606735,0.4677695333957672,,,1.371375560760498,1.6072806119918823,1.29436993598938,1.488070726394653,1.1424423456192017,1.501923680305481,1.0686782598495483,1.4211621284484863,,,,,,,,,,,,,,,,,,,,,,
1459,0.4002842009067535,-0.2522911727428436,-0.1380690634250641,-1.3014214038848877,0.5562153458595276,0.0007878438918851,-0.1014779433608055,-0.8295370936393738,-0.2273434400558471,-1.1379375457763672,0.4714206755161285,0.6045926809310913,0.2700770199298858,0.5253358483314514,0.4148760735988617,0.2052208930253982,0.2574228048324585,0.50932377576828,0.4837020337581634,0.4691490828990936,0.563554048538208,0.7310677766799927,-0.8862749338150024,-0.2719994187355041,-0.3179074823856354,0.2270838171243667,1.372630953788757,-0.6248720288276672,0.5879115462303162,0.8172128200531006,0.3720763921737671,0.9941443800926208,0.3307731449604034,0.728327751159668,0.4978387057781219,0.4364384114742279,0.1275619268417358,0.3550005257129669,0.5753137469291687,0.6293493509292603
4538,1.1799650192260742,-0.6610090136528015,-1.8595082759857176,0.9290732741355896,0.0796113088726997,1.4554954767227173,0.6702703237533569,0.3580787479877472,-0.7042236924171448,1.4107738733291626,4.919143199920654,3.05108904838562,5.685275077819824,3.4852755069732666,3.5261800289154053,4.79856014251709,3.265676975250244,4.479324817657471,3.823563098907471,5.949516296386719,,,,,,,,,,,,,,,,,,,,
694,-0.3817779719829559,-0.3105235993862152,0.0552798993885517,0.4042862355709076,0.3511681258678436,-0.0455877445638179,-0.9468737840652466,-0.0004882509529124,0.3125830888748169,-0.1241065561771392,0.2397449761629104,0.794075071811676,0.5618522763252258,0.542582094669342,0.5112212300300598,0.4542329907417297,0.2126805335283279,1.471721053123474,1.2059520483016968,0.054636463522911,0.3298510015010834,-0.0566164813935756,0.0794294103980064,-0.6508806943893433,0.4523162841796875,-0.5648930668830872,-0.370787650346756,0.2691789865493774,,,0.6929571032524109,0.5966492295265198,0.8025630116462708,0.3689558207988739,0.492389440536499,0.0682701095938682,1.1217267513275146,0.5574826002120972,,
43958,-0.8925416469573975,-1.019704818725586,-0.6491968035697937,0.0448284409940242,0.5632156133651733,-2.291332960128784,0.7454048991203308,0.2467065006494522,,,1.328380823135376,0.9550577998161316,2.71911096572876,2.1522045135498047,1.4472739696502686,1.7281965017318726,4.111428737640381,1.8013935089111328,,,,,,,,,,,,,,,,,,,,,,
42544,0.0190980676561594,0.2869676947593689,-0.1551291048526764,-1.2374290227890017,-0.1973744630813598,-0.3139652013778686,-0.17471344769001,0.0848407596349716,-0.0373888686299324,0.6336752772331238,0.8873618245124817,1.001414179801941,0.5680215358734131,0.453582227230072,0.5558304786682129,0.5039525032043457,0.4709159135818481,0.6134196519851685,1.172531008720398,0.6095405220985413,-0.3165770173072815,0.3645597398281097,0.6049218773841858,-0.1159072443842887,-0.7211127281188965,-0.1171462386846542,,,,,1.1868454217910769,0.3745977282524109,0.4068016111850738,0.394657552242279,0.8133947253227234,0.4899664223194122,,,,
46944,0.6736878156661987,1.3443375825881958,-0.2323216199874878,-0.9196678400039672,0.4451847374439239,0.4568785727024078,1.3911006450653076,0.4989262819290161,,,1.3635696172714231,1.3553370237350464,1.1872462034225464,1.3454185724258425,1.6043156385421753,1.3619097471237185,1.6134010553359983,1.6882928609848022,,,,,,,,,,,,,,,,,,,,,,
1446,-0.2055316269397735,0.2508862614631653,-0.2697751820087433,0.1885522156953811,-0.3865157067775726,-0.2258899509906768,-0.1435939669609069,-0.5609903335571289,,,2.041188240051269,2.3527042865753174,2.85007381439209,3.6836812496185294,1.3286529779434204,0.4505847990512848,2.754161834716797,0.6892756819725037,,,,,,,,,,,,,,,,,,,,,,
45035,-0.3611564636230469,0.5197511315345764,0.3180787861347198,-2.054981470108032,0.7747781872749329,-0.316466212272644,1.8684054613113403,-0.2502360343933105,,,3.2485947608947754,1.936451077461243,3.6835219860076895,4.433939456939697,3.497952699661255,4.00899076461792,3.907467842102051,3.726999521255493,,,,,,,,,,,,,,,,,,,,,,
39,0.6477651596069336,-0.3278228938579559,0.3344880938529968,-1.0039169788360596,-0.4640469849109649,0.5115619897842407,0.1339121013879776,-0.1759803891181945,1.3874484300613403,0.0850521028041839,0.9627199172973632,0.3679903149604797,1.0044187307357788,0.5801615118980408,0.4665811359882355,0.4924899339675903,0.9738343358039856,0.4301539659500122,0.6843109130859375,0.6193673610687256,-0.6085232496261597,-0.138820394873619,-0.2977981269359588,-0.094938263297081,-0.2963472008705139,0.3452708721160888,,,,,0.3801908195018768,0.604004979133606,0.6228544116020203,0.7986271381378174,0.6768184900283813,0.9057022929191588,,,,
44033,-0.3009843826293945,-0.4597814381122589,0.3362302482128143,0.8504568338394165,-0.6657209396362305,0.2412818223237991,-0.0453467816114425,-0.5522504448890686,,,0.7803206443786621,0.9717724919319152,1.0917763710021973,1.4857887029647827,1.5352401733398438,0.7271642684936523,1.2821120023727417,0.2094984948635101,,,,,,,,,,,,,,,,,,,,,,
1527,-0.3541867733001709,0.2162741720676422,-0.5396546125411987,0.0170001853257417,-0.6558706760406494,-0.4789765477180481,0.0421840213239192,-0.2152502238750457,0.22147898375988,0.3057950139045715,0.5133307576179504,0.2837561070919037,0.2781245112419128,0.6948636174201965,0.5469779372215271,0.2599225640296936,0.9546708464622498,0.5198156237602234,0.3285934627056122,1.079126000404358,,,,,,,,,,,,,,,,,,,,
41842,-0.1047365218400955,0.787460446357727,0.5668436288833618,-0.1805295050144195,-0.7022577524185181,0.0137135330587625,0.4658162593841553,0.4621528089046478,,,2.469066619873047,0.7514291405677795,1.1238712072372437,0.8931499123573303,1.2298542261123655,0.9475176334381104,0.6322193145751953,0.1068258434534072,,,,,,,,,,,,,,,,,,,,,,
44367,-0.5286060571670532,0.2956672012805938,-0.5740593075752258,-0.2014311403036117,0.3548801839351654,-1.3710298538208008,0.2187647223472595,1.1256016492843628,,,1.439950704574585,1.590559720993042,1.8697056770324707,1.8993457555770876,1.2469788789749146,1.2104978561401367,1.7516614198684692,1.3899331092834473,,,,,,,,,,,,,,,,,,,,,,
41168,-0.278204083442688,0.2288265526294708,-0.2126449644565582,-0.1384505480527877,-0.6910285949707031,-0.5318313837051392,0.1185688525438308,0.587588906288147,,,1.707096815109253,2.238807916641236,3.107861280441284,2.3257977962493896,2.3676602840423584,4.867186069488525,3.2776498794555664,2.683258056640625,,,,,,,,,,,,,,,,,,,,,,
44505,1.4111629724502563,1.0019738674163818,0.5172207355499268,1.3951939344406128,1.4729422330856323,0.1713869422674179,0.6019013524055481,-0.9309330582618712,-0.0172061864286661,-3.115230083465576,3.132366180419922,2.5247652530670166,0.914715588092804,1.5944170951843262,1.5572046041488647,3.1451058387756348,2.04044771194458,2.720832347869873,1.6321057081222534,1.0957435369491575,-0.0582363493740558,-1.368998885154724,0.4572418928146362,-2.060420036315918,,,,,,,0.9498013257980348,1.781200289726257,1.724614143371582,3.158184289932251,,,,,,
45060,-1.1800227165222168,-0.0343879461288452,0.2393818646669387,-0.082360029220581,-0.385081946849823,0.8766214847564697,0.4450342655181885,0.2236365973949432,,,0.8558371663093567,1.1434966325759888,1.2059259414672852,0.4383693039417267,0.9436397552490234,0.492885559797287,1.1105942726135254,0.5475348234176636,,,,,,,,,,,,,,,,,,,,,,
1513,0.1298734247684478,-0.3852334022521972,-0.3760943412780761,-0.0304472465068101,0.0235140714794397,0.0018687947886064,1.3246275186538696,0.9320905208587646,-0.3337423503398895,-0.0902291014790535,1.027186393737793,0.9084513187408448,0.7758086323738098,0.6547810435295105,0.9737361073493958,0.7034494280815125,0.6034784913063049,1.3867110013961792,1.1109765768051147,0.5971918702125549,,,,,,,,,,,,,,,,,,,,
46543,-0.208773672580719,1.696396827697754,1.1089463233947754,0.2589876055717468,-1.2136720418930054,0.1621161848306656,0.424052357673645,-0.0327550433576107,,,0.9206483364105223,2.181594133377075,1.7335816621780396,1.3098174333572388,1.3737212419509888,0.6002447605133057,0.9113885164260864,1.3663344383239746,,,,,,,,,,,,,,,,,,,,,,
41858,0.0221928842365741,0.3523980677127838,0.4189005196094513,-0.2874539792537689,-0.7615241408348083,-0.0531221330165863,0.3405809700489044,0.4192679226398468,,,2.460221767425537,0.8509085178375244,1.410731554031372,0.5220558643341064,1.7137820720672607,1.488133192062378,0.5836727023124695,0.0962985605001449,,,,,,,,,,,,,,,,,,,,,,
45028,-0.3871479034423828,-0.028193399310112,0.6106364130973816,0.4322551488876343,-0.1219894886016845,0.1081451624631881,-1.0586518049240112,1.4126489162445068,,,0.4844697713851928,1.045820713043213,0.9092102646827698,1.004552960395813,0.8010833263397217,1.530038833618164,0.4767390191555023,1.3266324996948242,,,,,,,,,,,,,,,,,,,,,,
734,-2.6051347255706787,-1.1261144876480105,0.1081220731139183,0.9995554685592652,-0.1100175008177757,1.7085977792739868,-0.5876975059509277,1.337205171585083,,,4.50438117980957,4.837676525115967,5.0031280517578125,5.529718399047852,6.000665664672852,2.603195905685425,3.3347532749176025,4.165887355804443,,,,,,,,,,,,,,,,,,,,,,
46532,-0.5425454378128052,-0.397377610206604,0.1115310415625572,-0.0535059794783592,0.4581246972084045,-0.4172602593898773,0.9890943169593812,-0.3534069955348968,,,2.123927354812622,1.8550060987472532,2.504213094711304,1.7918890714645386,1.5883128643035889,2.7216124534606934,1.5846296548843384,1.826664924621582,,,,,,,,,,,,,,,,,,,,,,
46842,-0.6447286009788513,-0.2221094369888305,-0.3947959244251251,-0.6055370569229126,-0.3905342519283294,-0.7667126655578613,0.4583324193954468,-0.0380518399178981,,,0.8618884086608887,1.2417999505996704,0.6448211669921875,1.0498945713043213,0.7650169134140015,0.672865092754364,0.6157217621803284,0.5897470712661743,,,,,,,,,,,,,,,,,,,,,,
44528,-0.6387946605682373,-0.1171821132302284,0.4717404544353485,0.0093326829373836,-0.3982033133506775,0.1117182374000549,0.5391013622283936,0.2066257148981094,,,0.6327226161956787,0.4841549396514892,0.4770852625370025,0.5767346024513245,0.6950517892837524,0.5189724564552307,0.3552860021591186,0.851330578327179,,,,,,,,,,,,,,,,,,,,,,
46952,0.3923385143280029,-0.9118134379386902,-0.5118830800056458,-0.5655509233474731,-0.2812459766864776,-0.2870230078697204,0.4106942415237427,0.1705902516841888,,,2.651160955429077,4.3991289138793945,4.193322658538818,4.633772373199463,3.152043104171753,4.624284744262695,5.122312545776367,4.763487815856934,,,,,,,,,,,,,,,,,,,,,,
4154,-0.2229324281215667,-0.2888943254947662,0.2929399311542511,0.5217936635017395,0.217682272195816,-0.0981786996126174,-1.5789614915847778,-2.439984083175659,,,3.347232818603516,2.968479871749878,4.33823823928833,6.582486152648926,5.070375442504883,6.037797927856445,5.700072765350342,7.601113796234131,,,,,,,,,,,,,,,,,,,,,,
784,-0.5920091867446899,0.1024066805839538,-0.0475299768149852,-0.6287704110145569,-0.435062825679779,-0.1222722753882408,0.0284591317176818,1.1035231351852417,,,0.8521236777305603,0.4060861468315124,1.0294276475906372,0.0439367070794105,0.712039053440094,0.9212686419487,0.383307009935379,0.1576428264379501,,,,,,,,,,,,,,,,,,,,,,
44671,1.3413864374160769,-0.5981608033180237,-2.099650859832764,0.5302338004112244,-0.1033009067177772,1.1436022520065308,0.3365075588226318,-0.0166606530547142,-0.8027330636978149,1.377779245376587,4.308706283569336,2.620962858200073,7.084910392761231,2.522892713546753,2.6334259510040283,3.930613040924072,2.125564813613892,3.700317621231079,2.5425798892974854,4.468222141265869,,,,,,,,,,,,,,,,,,,,
45714,0.6169524788856506,-1.2381234169006348,-0.4378718435764313,-0.1607156693935394,0.0147556439042091,-0.8960744738578796,0.0013529914431273,0.5267669558525085,0.0849304646253585,0.6335647702217102,0.1533687263727188,0.0671698302030563,0.516252338886261,0.2667450904846191,0.4472353756427765,0.1480245143175125,0.1918067187070846,0.1269680708646774,0.3834125101566314,0.3292180895805359,-0.3302271664142608,-0.0346198566257953,-0.4329575002193451,-0.2440016567707061,-0.2300048023462295,0.2461987435817718,-0.0300652477890253,-0.2542882263660431,0.308988869190216,-0.1777073740959167,0.3026765286922455,0.5620054006576538,0.5428293943405151,0.25710329413414,0.4908746778964996,0.0121270781382918,0.4243384003639221,0.2918019890785217,0.5437800288200378,0.2976740896701813
46554,-1.430826187133789,0.4251785278320312,1.3314510583877563,0.2617638409137726,0.2450386881828308,1.604549527168274,-0.5553535223007202,0.8848796486854553,,,1.2044836282730105,0.2867562472820282,0.6286160349845886,0.6924632787704468,1.1604195833206177,1.819282054901123,1.5335252285003662,0.6497488617897034,,,,,,,,,,,,,,,,,,,,,,
43893,-0.0930894240736961,1.1258870363235474,-1.10567307472229,-0.8004010319709778,-0.1838455349206924,1.102544903755188,-0.1777986735105514,-0.6055965423583984,,,1.2873979806900024,2.2983179092407227,1.960618257522583,2.232212781906128,1.6481990814208984,1.376084327697754,1.9214155673980715,3.110530138015747,,,,,,,,,,,,,,,,,,,,,,
44663,0.6382597088813782,-0.6203625202178955,0.5338771343231201,1.027944564819336,0.6413846015930176,0.3277937769889831,-0.6925012469291687,-1.64404296875,0.5165457725524902,-0.5250493884086609,4.835111618041992,3.9313735961914062,9.113027572631836,5.181936264038086,5.354851722717285,3.3033571243286133,7.446861743927002,4.436567306518555,5.935984611511231,6.0348968505859375,-0.7617557048797607,1.3542410135269165,,,,,,,,,3.835763931274414,4.033547878265381,,,,,,,,
1,-0.5371350646018982,-0.590129017829895,-0.7051817774772644,0.4637707769870758,0.2514279186725616,0.1941681951284408,0.8114876747131348,-0.6377477049827576,-0.7357542514801025,0.825781524181366,1.2066832780838013,0.5707463026046753,0.7931406497955322,0.7661846280097961,0.7358081340789795,1.3132896423339844,0.8605964779853821,0.6864457130432129,1.0643858909606934,0.653087854385376,,,,,,,,,,,,,,,,,,,,
1056,-0.7528230547904968,0.2926342785358429,-0.487336665391922,-1.0464422702789309,-0.1244177222251892,0.5502187609672546,0.4639973044395447,-0.1035226285457611,,,4.656219959259033,2.746304512023926,1.841968417167664,2.878711700439453,2.567390203475952,3.453268527984619,4.5530686378479,5.881951332092285,,,,,,,,,,,,,,,,,,,,,,
44259,-0.5372841358184814,-0.4322240352630615,-0.0530471466481685,-0.0786731615662574,-0.9701196551322936,-0.0291212927550077,0.8093814849853516,-0.2766450643539428,,,0.958443284034729,1.1110408306121826,0.8789318203926086,0.9375731348991394,1.0003581047058103,1.0520687103271484,0.8692806363105774,0.6224909424781799,,,,,,,,,,,,,,,,,,,,,,
44158,0.4336085319519043,0.8027960658073425,1.961654782295227,0.492470920085907,-0.4880896508693695,-0.5309985280036926,-1.1329225301742554,0.8496130108833313,,,3.839491844177246,7.909156799316406,3.944516897201538,6.303834915161133,3.763924360275269,5.238558769226074,5.055128574371338,4.5104522705078125,,,,,,,,,,,,,,,,,,,,,,
45547,-0.0548470094799995,-0.1594677865505218,0.3279947936534881,-0.6790393590927124,0.2984533011913299,0.2477890104055404,0.9060483574867249,0.233054369688034,,,0.6582117676734924,0.518720269203186,0.740195095539093,1.538111448287964,0.7171181440353394,0.9681817293167114,0.5707763433456421,0.5709590911865234,,,,,,,,,,,,,,,,,,,,,,
44076,-1.023074746131897,0.7431284189224243,-0.7405035495758057,2.2958731651306152,-0.6814560294151306,0.0402024649083614,-0.6298109889030457,2.5375540256500244,,,1.0323495864868164,1.9627726078033447,2.7635085582733154,5.437127113342285,2.3864259719848637,1.1070799827575684,1.1920650005340576,1.041847586631775,,,,,,,,,,,,,,,,,,,,,,
44395,0.0995331779122352,-0.7188003063201904,-0.0465297326445579,0.9191892147064208,1.9279472827911377,1.3259576559066772,1.800461769104004,-1.593856930732727,,,3.873116254806519,1.6659445762634275,3.736410140991211,3.5630979537963867,1.5727534294128418,4.865795135498047,4.022524833679199,2.6111419200897217,,,,,,,,,,,,,,,,,,,,,,
41791,-0.0483837202191352,0.2795386612415313,0.4394052922725677,-0.2951895296573639,-0.5740759372711182,0.0001951562444446,0.2747953236103058,0.5755671858787537,,,2.655825138092041,0.7342082858085632,1.358328104019165,0.8839789628982544,1.4317346811294556,1.0571866035461426,0.6056162118911743,0.1910463273525238,,,,,,,,,,,,,,,,,,,,,,
816,-0.9930230975151062,-0.0205232482403516,0.8723097443580627,0.6807724237442017,-0.0531256459653377,0.9968672394752502,-0.7501921653747559,1.49455463886261,,,1.1759908199310305,0.9924190044403076,1.031543254852295,0.856632649898529,0.8812217116355896,1.048884630203247,0.9615291357040404,1.045756220817566,,,,,,,,,,,,,,,,,,,,,,
43551,-0.0720685273408889,1.401727557182312,1.6014281511306765,1.881544828414917,-1.2126339673995972,0.0254352837800979,-0.2497897893190384,-0.1433578133583068,,,1.5466043949127195,1.9542031288146973,0.9841952919960022,2.272669076919556,4.08204984664917,1.1862391233444214,2.492974042892456,1.207040548324585,,,,,,,,,,,,,,,,,,,,,,
721,0.4575029015541076,0.6541927456855774,0.8630916476249695,-0.2469078004360199,-1.4685834646224976,0.292896568775177,0.291549414396286,0.3341166377067566,,,0.6828134059906006,0.659791111946106,0.7640053629875183,0.7983936071395874,0.6190791130065918,0.7429099678993225,0.767901599407196,0.7431980967521667,,,,,,,,,,,,,,,,,,,,,,
46962,0.5327702760696411,-0.2707950174808502,0.552322506904602,0.0225887708365917,-0.039130575954914,0.1612639427185058,-0.6490858793258667,0.1182519644498825,,,11.433566093444824,13.935250282287598,12.919817924499512,10.677035331726074,14.872607231140137,13.340764045715332,9.641083717346191,11.94892120361328,,,,,,,,,,,,,,,,,,,,,,
896,0.512328565120697,-0.4650386571884155,-0.6629698276519775,-1.1936432123184204,-0.082352191209793,-0.4443036615848541,0.3403092622756958,0.0976626574993133,,,1.3637056350708008,1.0060423612594604,1.1210298538208008,1.0778006315231323,0.7898739576339722,0.9184696674346924,1.1679720878601074,0.8798935413360596,,,,,,,,,,,,,,,,,,,,,,
45022,-0.7589390873908997,-1.4344831705093384,0.6398976445198059,-0.3513014316558838,-0.082828052341938,1.1474175453186035,-0.1917281597852707,-0.4905356466770172,,,1.3111475706100464,1.2452224493026731,0.8269301056861877,1.1049755811691284,1.0318855047225952,1.2892614603042605,0.380704253911972,0.5115892887115479,,,,,,,,,,,,,,,,,,,,,,
1071,0.0001516405027359,0.0138388387858867,-0.1975137740373611,0.4475902915000915,-0.6563399434089661,-0.5691309571266174,0.0093092052266001,-1.3996726274490356,,,1.7458410263061523,2.445030212402344,4.269824504852295,3.582316637039185,2.018275022506714,2.340620756149292,2.072561264038086,2.4735138416290283,,,,,,,,,,,,,,,,,,,,,,
45026,-0.3872946798801422,-0.4778792858123779,-1.1156940460205078,-1.8219637870788572,-0.4559311270713806,0.7627026438713074,-1.2367781400680542,-1.920948028564453,,,1.5625033378601074,1.5157090425491333,3.044358730316162,3.200507164001465,3.437976598739624,1.797783136367798,4.576300144195557,2.341702938079834,,,,,,,,,,,,,,,,,,,,,,
32,0.6646982431411743,-0.53866046667099,1.6939862966537476,0.387538880109787,-1.0291746854782104,-0.5924754738807678,-0.4160571098327636,-2.827099084854126,0.8193891644477844,2.97545862197876,0.5933220982551575,0.8084483742713928,0.9419614672660828,0.8108364939689636,0.9020753502845764,0.9016321897506714,0.6971110701560974,0.6399595737457275,0.5923283696174622,0.488510251045227,0.1676487028598785,-0.7349275946617126,-0.1006337627768516,-1.7623262405395508,-0.1493277698755264,0.2082497626543045,0.8487483859062195,0.0827706530690193,-1.6311054229736328,-0.9462515115737916,0.477786123752594,0.7235283851623535,0.4726833999156952,0.8462325930595398,0.5108456015586853,0.5173774361610413,0.336315780878067,0.8830737471580505,0.7680002450942993,0.7973949909210205
41004,-0.1218547523021698,-2.6622085571289062,-0.2792477607727051,0.893403947353363,-0.23769789934158325,-0.12247921526432037,1.9536234140396118,-0.42829206585884094,,,2.792163372039795,3.9480066299438477,3.75260329246521,2.9015016555786133,3.9714462757110596,7.3333868980407715,3.180990695953369,4.4059648513793945,,,,,,,,,,,,,,,,,,,,,,
4153,0.12244648486375809,-0.2039615362882614,0.7656538486480713,-0.03580274432897568,0.09376838803291321,0.44096148014068604,-0.4809170365333557,1.3709516525268555,-0.06878480315208435,-0.23200495541095734,2.84116530418396,3.605264902114868,1.3105401992797852,4.077356338500977,1.5430328845977783,1.751373529434204,0.6864949464797974,0.8451108336448669,3.1787500381469727,4.217662811279297,-0.13136228919029236,-0.06124141439795494,,,,,,,,,3.4254400730133057,0.4534183144569397,,,,,,,,
1465,1.2548608779907227,0.2707352936267853,-0.742712676525116,0.7761476635932922,-0.5061766505241394,-0.33456316590309143,0.442046582698822,-0.18126758933067322,0.513889491558075,-0.38860997557640076,0.5727203488349915,0.5850018262863159,0.6836101412773132,0.5375159382820129,0.615850567817688,0.9129163026809692,0.718106210231781,0.7507691979408264,0.6865966320037842,0.5686115622520447,0.24144046008586884,-0.6171969175338745,,,,,,,,,0.7176753282546997,0.7421952486038208,,,,,,,,
375,-3.178006887435913,-0.248969167470932,-0.2899141311645508,0.5973505973815918,1.7415642738342285,0.8473580479621887,-0.49758782982826233,-0.5544317960739136,1.7216544151306152,1.9650352001190186,0.7309011816978455,0.39377593994140625,0.4841253459453583,1.0111744403839111,1.3855890035629272,0.5226468443870544,1.0586026906967163,0.4229234755039215,0.7236700654029846,0.35328713059425354,-0.019010554999113083,0.4277780055999756,2.831193208694458,-0.27978214621543884,1.0952759981155396,0.4144158959388733,-0.5708147883415222,1.2459999322891235,,,0.5240892171859741,0.918929934501648,0.6821017861366272,0.4510467052459717,0.5663412809371948,0.7289637923240662,0.37802550196647644,1.1569784879684448,,
46879,0.4572277069091797,-0.3690234422683716,-0.07117564231157303,0.438632607460022,1.6390347480773926,0.7206204533576965,0.020067429170012474,0.9647791981697083,,,1.559638500213623,2.7912230491638184,1.470287561416626,3.5001420974731445,0.5636151432991028,0.8367798328399658,0.3734895586967468,0.6173282265663147,,,,,,,,,,,,,,,,,,,,,,
47000,0.07422409951686859,-0.6693347096443176,0.28938645124435425,0.10378795862197876,0.1683211326599121,0.5124405026435852,0.35284891724586487,-0.4005942940711975,,,0.7883838415145874,0.7568368911743164,1.378205418586731,0.8361085653305054,1.367337942123413,0.937052845954895,0.9763034582138062,1.2003742456436157,,,,,,,,,,,,,,,,,,,,,,
42186,-0.359815388917923,0.026579581201076508,-0.008563484065234661,-0.1354406327009201,-0.7836073637008667,0.32273754477500916,0.48373526334762573,0.0330316424369812,,,0.5790033340454102,0.509158194065094,0.6354703307151794,0.8857736587524414,0.4959629774093628,0.6463174223899841,0.7591999769210815,0.6498349905014038,,,,,,,,,,,,,,,,,,,,,,
44517,-0.0047777751460671425,-0.1956217885017395,-0.6835805773735046,0.08268778771162033,1.0731669664382935,-0.5534105896949768,0.1195233166217804,0.3987695574760437,0.7718870043754578,-0.2583920657634735,4.1359477043151855,6.4478373527526855,5.372437953948975,7.059874057769775,4.5100417137146,5.687562942504883,5.393733978271484,7.223663806915283,7.2048163414001465,4.694666385650635,,,,,,,,,,,,,,,,,,,,
44636,-0.34510669112205505,-1.1624363660812378,0.1261734962463379,0.12455318123102188,0.16847726702690125,0.9194332361221313,0.6386252641677856,-0.862660825252533,0.32973819971084595,0.189508855342865,1.7783557176589966,0.9611402750015259,1.6697994470596313,1.28570556640625,0.7041937112808228,1.6737948656082153,1.2651796340942383,1.4826507568359375,2.3794748783111572,1.268423318862915,0.9244179725646973,-0.6120096445083618,0.9365569353103638,-0.7662194967269897,,,,,,,0.7067465782165527,1.0434209108352661,0.8190926909446716,1.2448866367340088,,,,,,
46505,0.02417999878525734,1.2901842594146729,0.4624815881252289,-0.3102378249168396,-1.1004459857940674,0.5745768547058105,0.11851977556943893,0.6405270099639893,,,1.380681037902832,1.71930730342865,2.7718095779418945,1.1270619630813599,1.968052864074707,1.1332228183746338,0.6393916606903076,1.6552464962005615,,,,,,,,,,,,,,,,,,,,,,
44634,-0.22635290026664734,-1.0986276865005493,0.1996287703514099,-0.028226032853126526,0.07697561383247375,0.9248913526535034,0.5160367488861084,-0.8119259476661682,0.3788089454174042,0.05931990593671799,1.953421950340271,0.9320866465568542,1.754838228225708,1.4202880859375,0.6560987234115601,1.54903244972229,1.323701024055481,1.3567546606063843,2.4593710899353027,1.149196743965149,0.9311193227767944,-0.5849932432174683,0.8451537489891052,-0.8650156259536743,,,,,,,0.6770698428153992,1.105934500694275,0.7303220629692078,1.2444632053375244,,,,,,
46566,0.37489718198776245,-0.12974043190479279,-2.12524676322937,-1.161028265953064,0.7058644890785217,0.7819368839263916,-0.1032942533493042,-0.012240946292877197,,,5.658599853515625,1.1502692699432373,1.6659849882125854,0.9227526783943176,2.717601776123047,1.8294140100479126,5.695635795593262,1.6199114322662354,,,,,,,,,,,,,,,,,,,,,,
40997,-0.1122649759054184,-0.7633674740791321,0.21880556643009186,-1.7134959697723389,0.2715258300304413,-1.282636284828186,1.0307124853134155,-1.7032982110977173,,,2.813361406326294,4.351706027984619,7.255340576171875,4.420352458953857,3.8712704181671143,4.47849178314209,4.672909736633301,3.6534221172332764,,,,,,,,,,,,,,,,,,,,,,
62,0.19941453635692596,-0.2018335610628128,0.16099652647972107,-0.953160285949707,-0.1102408766746521,-0.33584803342819214,0.11394337564706802,-0.6693260669708252,-0.010460990481078625,-0.21458709239959717,0.5670916438102722,0.02765563502907753,0.2735265791416168,0.06387415528297424,0.7154285907745361,0.2090621441602707,0.4496084749698639,0.1889522671699524,0.4937583804130554,0.42475906014442444,0.15230394899845123,-0.21852406859397888,0.013796752318739891,-0.49358755350112915,,,,,,,0.4217163622379303,0.07157093286514282,0.060556042939424515,0.05491882562637329,,,,,,
1529,-0.39591360092163086,0.21470029652118683,-0.4562043249607086,0.04275897517800331,-0.6441646218299866,-0.45120707154273987,0.02828526869416237,-0.22063156962394714,0.25783517956733704,0.3645176589488983,0.5334909558296204,0.27053743600845337,0.2687353491783142,0.6915844082832336,0.5776941180229187,0.26482081413269043,0.9712913036346436,0.5220156908035278,0.3494722247123718,1.0786211490631104,,,,,,,,,,,,,,,,,,,,
1539,-0.2673054039478302,0.21054616570472717,-0.3708275854587555,0.0017149978084489703,-0.7182364463806152,-0.49063435196876526,-0.0455404594540596,-0.29495692253112793,0.18779979646205902,0.37184274196624756,0.46503546833992004,0.27493155002593994,0.34924250841140747,0.6533612012863159,0.5095790028572083,0.2431279718875885,1.104032278060913,0.48617827892303467,0.38986775279045105,1.1993069648742676,,,,,,,,,,,,,,,,,,,,
1500,0.21251705288887024,0.21922548115253448,0.3971104919910431,0.16018640995025635,-0.2747587561607361,0.25879544019699097,-0.2263878583908081,-0.10039309412240982,,,1.041360855102539,0.4606779217720032,1.2461802959442139,0.8887819647789001,1.0733680725097656,0.8917716145515442,0.49389442801475525,0.26967552304267883,,,,,,,,,,,,,,,,,,,,,,
1533,-0.40715813636779785,0.2011682391166687,-0.37642228603363037,0.0014701453037559986,-0.7005326151847839,-0.43823108077049255,-0.03228690102696419,-0.3498547077178955,0.14743538200855255,0.3292127847671509,0.42987096309661865,0.2807897925376892,0.35832715034484863,0.6993218064308167,0.5558439493179321,0.25990399718284607,0.9592174291610718,0.42659905552864075,0.3962376117706299,1.1881893873214722,,,,,,,,,,,,,,,,,,,,
1523,-0.20239587128162384,-0.6859707832336426,-0.2254178822040558,-0.141416534781456,-0.40775975584983826,-0.5187580585479736,0.09032684564590454,-0.2867949306964874,,,0.7811983823776245,0.9415028691291809,0.6552096009254456,1.0249866247177124,0.4232679605484009,1.0899730920791626,0.9029293656349182,0.3789929449558258,,,,,,,,,,,,,,,,,,,,,,
22,1.8623934984207153,-0.7459983229637146,0.8575635552406311,3.213418483734131,1.1415249109268188,-0.06764497607946396,1.1700265407562256,2.154804229736328,1.302882194519043,0.5041286945343018,1.7713814973831177,1.8329561948776245,1.0414847135543823,1.384848952293396,1.803167462348938,1.408921241760254,1.4207109212875366,0.9366682171821594,1.7638015747070312,0.7318592667579651,0.2902049422264099,0.1954638510942459,1.1320834159851074,1.5672472715377808,0.8376893401145935,-1.452204704284668,0.05587652698159218,-0.08537320792675018,-1.93100905418396,-0.7031468749046326,0.8317186832427979,1.3969470262527466,1.315110683441162,1.6685914993286133,1.8123735189437866,1.869551181793213,1.2778234481811523,1.3133403062820435,1.048435926437378,1.655349850654602
45688,0.10414846241474152,-0.7462559938430786,0.09586440771818161,-0.3303351402282715,-0.3277204632759094,0.014443617314100266,0.7805440425872803,0.39761215448379517,,,0.09285762906074524,0.5968710780143738,0.5485175251960754,0.5240183472633362,0.5798243284225464,0.44733861088752747,0.01260360237210989,0.33078017830848694,,,,,,,,,,,,,,,,,,,,,,
46745,1.09145987033844,-0.34408801794052124,-0.6753366589546204,-0.04538203030824661,-1.0556509494781494,0.43262696266174316,0.39896687865257263,-0.15121349692344666,0.5617370009422302,-0.27743157744407654,0.7627118229866028,1.2990272045135498,1.5588836669921875,2.146986246109009,0.9961971640586853,1.2237223386764526,1.6024843454360962,1.2832130193710327,1.0654687881469727,1.4642702341079712,0.8621487021446228,0.03509809821844101,,,,,,,,,1.444705605506897,1.4973379373550415,,,,,,,,
40498,1.0024133920669556,0.46916699409484863,-0.6612099409103394,0.5243869423866272,0.5723371505737305,-0.9449604749679565,1.4536018371582031,0.4684700071811676,1.8613768815994263,-0.7332215905189514,0.5791524052619934,0.8079667091369629,0.7919332981109619,0.9844844937324524,0.7681818008422852,1.0570718050003052,1.1966720819473267,0.5699146389961243,0.9002009630203247,0.7646759748458862,1.653460144996643,0.9305453300476074,0.42727306485176086,-2.4876084327697754,,,,,,,0.988277018070221,0.583550214767456,0.5329562425613403,0.9339892864227295,,,,,,
40475,-0.4945918619632721,-0.9464734792709351,-1.731993317604065,0.5402385592460632,0.9424210786819458,0.012319670058786869,0.45041707158088684,-0.13211992383003235,-0.4880034327507019,0.5014281868934631,0.45860520005226135,0.994762659072876,1.353560447692871,0.6764046549797058,0.7591300010681152,1.2346175909042358,0.8479500412940979,0.83986496925354,0.7742483019828796,1.001607894897461,,,,,,,,,,,,,,,,,,,,
11,-1.2504180669784546,-0.450419545173645,0.616323709487915,-0.6246388554573059,-1.763196587562561,0.7489628791809082,0.4645173251628876,0.304714560508728,,,0.5049973726272583,0.7313180565834045,0.72052401304245,0.5496698617935181,0.2750648558139801,0.7818748950958252,0.9556543231010437,0.781312882900238,,,,,,,,,,,,,,,,,,,,,,
1551,-0.20092327892780304,-0.016651948913931847,-0.05618362873792648,1.722699522972107,0.4939548373222351,-0.4770745635032654,-1.0016759634017944,0.7338221073150635,-1.0114867687225342,0.43351656198501587,1.0122252702713013,1.0980982780456543,0.8578763008117676,1.072256326675415,1.061485767364502,0.9325793981552124,1.034135341644287,0.8472298383712769,1.0448944568634033,0.9765005111694336,-0.5329750776290894,0.03351178765296936,-0.5550636649131775,-1.0395536422729492,-1.224029302597046,1.0011990070343018,,,,,0.9358180165290833,0.6909229755401611,0.841400146484375,0.8657889366149902,1.0811454057693481,1.1441020965576172,,,,
46382,0.026092439889907837,0.6235533356666565,-0.07742488384246826,0.7948336601257324,-0.8328714966773987,0.5170077085494995,0.2709164023399353,0.5001988410949707,1.629999041557312,-0.41427671909332275,1.3748382329940796,0.6961600184440613,1.0114761590957642,1.4413069486618042,1.5049937963485718,1.3038090467453003,0.48635944724082947,1.3222051858901978,2.3648252487182617,0.7344835996627808,-0.11939533799886703,-0.6289226412773132,,,,,,,,,0.8301315903663635,1.5315487384796143,,,,,,,,
44513,0.5712487697601318,-0.10312621295452118,-0.9526216983795166,0.11236514896154404,-0.09201517701148987,0.010313835926353931,-0.27191150188446045,0.034039467573165894,0.43994081020355225,-0.08051522076129913,5.7256035804748535,9.133439064025879,3.170614004135132,7.331263542175293,5.269227504730225,4.52529239654541,3.2137556076049805,8.695038795471191,5.71713924407959,3.9799585342407227,,,,,,,,,,,,,,,,,,,,
44614,-0.4000321626663208,0.02302856370806694,0.31036949157714844,-0.445455402135849,-0.1213083416223526,0.07074163854122162,-0.06240569427609444,1.3186309337615967,,,0.9034927487373352,0.5135891437530518,0.3601939380168915,0.4015374183654785,0.4571884870529175,0.8133135437965393,0.8199905157089233,0.13563798367977142,,,,,,,,,,,,,,,,,,,,,,
44616,-0.4000321626663208,0.02302856370806694,0.31036949157714844,-0.445455402135849,-0.1213083416223526,0.07074163854122162,-0.06240569427609444,1.3186309337615967,,,0.9034927487373352,0.5135891437530518,0.3601939380168915,0.4015374183654785,0.4571884870529175,0.8133135437965393,0.8199905157089233,0.13563798367977142,,,,,,,,,,,,,,,,,,,,,,
377,1.5037575960159302,0.08776025474071503,-0.4719589650630951,-0.39815059304237366,-0.17135711014270782,-0.03058566525578499,0.4583655297756195,-0.16778136789798737,0.42438167333602905,0.019836561754345894,1.8050296306610107,2.9827911853790283,3.460299253463745,3.614464521408081,1.4302093982696533,2.7094197273254395,2.48620867729187,2.0604214668273926,1.7788702249526978,2.9256751537323,0.6137292385101318,-0.3647701144218445,,,,,,,,,1.3756210803985596,2.0395572185516357,,,,,,,,
40496,-0.16452856361865997,0.21861210465431213,0.1291516125202179,-1.3245790004730225,0.5757198929786682,-0.16230404376983643,-0.19530414044857025,-0.3088458478450775,-0.17428751289844513,-0.2504681348800659,0.31239446997642517,0.45209506154060364,0.5997488498687744,0.28460273146629333,0.5516011118888855,0.5302500128746033,0.25446122884750366,0.4613204896450043,0.44296765327453613,0.5968776941299438,0.2747901380062103,0.9060695171356201,-0.9900668859481812,0.05588151142001152,-0.4924106299877167,-0.10061834007501602,0.4322153329849243,-0.7466250658035278,0.2720370292663574,0.6258256435394287,0.22356878221035004,0.4968409240245819,0.3352903723716736,0.7204220294952393,0.6100637912750244,0.3336951434612274,0.5374398231506348,0.5223340392112732,0.370198130607605,0.7751873135566711
40474,-0.4945918619632721,-0.9464734792709351,-1.731993317604065,0.5402385592460632,0.9424210786819458,0.012319670058786869,0.45041707158088684,-0.13211992383003235,-0.4880034327507019,0.5014281868934631,0.45860520005226135,0.994762659072876,1.353560447692871,0.6764046549797058,0.7591300010681152,1.2346175909042358,0.8479500412940979,0.83986496925354,0.7742483019828796,1.001607894897461,,,,,,,,,,,,,,,,,,,,
685,0.10086417943239212,-0.5681890845298767,-0.38104894757270813,-0.059016648679971695,-0.3268505930900574,-0.22847524285316467,0.06350837647914886,-0.0664520338177681,-0.047384701669216156,0.45520323514938354,0.346181720495224,0.4816087484359741,0.3107759654521942,0.32954010367393494,0.32091519236564636,0.25222402811050415,0.3962124288082123,0.3968771696090698,0.6080626845359802,0.12269801646471024,,,,,,,,,,,,,,,,,,,,
46372,0.9846885204315186,-0.1784088909626007,0.7717809081077576,-1.7095885276794434,0.5838066935539246,0.2588251233100891,-1.2599612474441528,-0.6973350048065186,-0.6298314929008484,-0.731467068195343,0.39391401410102844,0.6197069883346558,0.2885943353176117,0.3841163218021393,0.3916967809200287,0.4731387197971344,0.23049616813659668,0.8284389972686768,0.38746359944343567,0.5267481803894043,0.6358625292778015,1.1589654684066772,-0.8562160730361938,-0.9590753316879272,-0.6573355793952942,-0.3008362650871277,1.0919426679611206,-0.7904291749000549,0.7040624618530273,0.35917288064956665,0.369779497385025,0.7052050828933716,0.3343949019908905,0.4860888421535492,0.29623275995254517,0.28004950284957886,0.26174288988113403,0.4650157690048218,0.6294043064117432,0.6436681747436523
1560,1.4027860164642334,0.5068876147270203,0.00014754470612388104,-0.07707594335079193,0.3026680648326874,0.2417059689760208,1.5060129165649414,-0.445955753326416,,,6.577542304992676,9.254205703735352,7.979428768157959,4.038754463195801,7.064515113830566,3.6775460243225098,6.427189826965332,5.680173397064209,,,,,,,,,,,,,,,,,,,,,,
43859,-0.3635435402393341,0.017918109893798828,-0.008473052643239498,-0.14132723212242126,-0.7890440821647644,0.3232784569263458,0.48334500193595886,0.025074737146496773,,,0.5779135227203369,0.5132006406784058,0.6315159201622009,0.8811308145523071,0.4957333207130432,0.6383416056632996,0.7621018886566162,0.6520764827728271,,,,,,,,,,,,,,,,,,,,,,
44747,-0.3548536002635956,0.15857411921024323,-0.014123581349849701,0.6631824970245361,-0.06192203611135483,-0.9114211797714233,-0.680612325668335,0.1387312263250351,1.014794111251831,0.7794360518455505,0.9002050161361694,1.3132761716842651,1.4372193813323975,0.811765193939209,0.7221347093582153,1.5769342184066772,0.8421578407287598,0.5812284350395203,0.7658220529556274,1.1978627443313599,,,,,,,,,,,,,,,,,,,,
1565,-0.9444392323493958,-0.693913996219635,0.3057166039943695,0.26615017652511597,0.5242501497268677,0.4088621139526367,0.6566847562789917,0.3617771863937378,0.2575700879096985,0.7964109778404236,0.8986772894859314,1.020382046699524,1.1946001052856445,1.1850438117980957,1.1074292659759521,0.8530269265174866,0.7113984227180481,0.827428936958313,0.5955992937088013,0.9915044903755188,,,,,,,,,,,,,,,,,,,,
1499,0.21251705288887024,0.21922548115253448,0.3971104919910431,0.16018640995025635,-0.2747587561607361,0.25879544019699097,-0.2263878583908081,-0.10039309412240982,,,1.041360855102539,0.4606779217720032,1.2461802959442139,0.8887819647789001,1.0733680725097656,0.8917716145515442,0.49389442801475525,0.26967552304267883,,,,,,,,,,,,,,,,,,,,,,
41919,-0.13940902054309845,-0.10713645070791245,-0.34217631816864014,0.7162469029426575,1.4649230241775513,0.26040998101234436,0.4596415162086487,0.08877620846033096,,,3.636373519897461,0.8903533220291138,2.0975430011749268,1.1291332244873047,1.233643651008606,2.2921578884124756,2.4964730739593506,2.200807571411133,,,,,,,,,,,,,,,,,,,,,,
44742,0.07589992135763168,1.395363450050354,-0.39601942896842957,1.3262314796447754,1.0735809803009033,0.005659263581037521,0.8966560363769531,1.0038189888000488,0.11645372211933136,1.3482540845870972,2.132589340209961,2.6115217208862305,2.5633349418640137,3.265916347503662,2.297867774963379,2.3617420196533203,2.2327187061309814,2.775134325027466,2.3169875144958496,2.15939998626709,-0.26142093539237976,1.7243717908859253,0.9294055700302124,1.1195305585861206,-0.01657876931130886,0.36053892970085144,0.11902888119220734,0.7042328715324402,-0.4916873276233673,1.2595350742340088,2.546447515487671,2.8287746906280518,3.803910255432129,2.4035189151763916,3.3950812816619873,3.0952630043029785,3.1006979942321777,2.9653611183166504,2.9804766178131104,2.2040305137634277
329,-1.0333799123764038,-0.43105438351631165,0.5695415735244751,-0.38952121138572693,-1.3321232795715332,0.8237361311912537,0.47346827387809753,0.14963456988334656,,,0.5030819177627563,0.7790834307670593,0.6731809973716736,0.7131546139717102,0.3550979197025299,0.7449421882629395,0.7938887476921082,0.7217915058135986,,,,,,,,,,,,,,,,,,,,,,
46420,0.8497076630592346,0.19178292155265808,-0.7440231442451477,0.32770001888275146,-0.590786337852478,-0.23165220022201538,0.1497483253479004,0.23907095193862915,,,4.424354076385498,1.4810634851455688,5.505187511444092,1.337242603302002,1.006194829940796,0.9049082398414612,2.657108783721924,1.893331527709961,,,,,,,,,,,,,,,,,,,,,,
46840,-0.8225642442703247,-0.8429608345031738,-0.19335654377937317,-1.2136236429214478,2.4716877937316895,0.0762871578335762,-0.30176863074302673,0.40361911058425903,0.36037421226501465,-1.611493706703186,0.8855631351470947,0.5409172773361206,0.9655279517173767,0.3653070628643036,0.6949801445007324,0.7061134576797485,0.8100405335426331,0.6405650973320007,0.7638942003250122,0.37577834725379944,-0.2457895129919052,-0.6424756646156311,-0.23826855421066284,1.4975335597991943,,,,,,,0.8552277088165283,0.5659320950508118,1.0075761079788208,0.30361440777778625,,,,,,
44689,0.7558754682540894,0.44542738795280457,-0.6504032611846924,0.6303156018257141,0.5576679110527039,-0.9042962789535522,1.3358873128890991,0.2552017271518707,1.4207481145858765,-0.7311594486236572,0.5837111473083496,0.8362410068511963,0.737921953201294,1.0203479528427124,0.6939952969551086,1.125970721244812,1.1989330053329468,0.6137886047363281,0.8400120735168457,0.7193636298179626,1.5602052211761475,0.884364902973175,0.5416290163993835,-2.448000907897949,,,,,,,0.94498610496521,0.5231657028198242,0.5879442095756531,1.0118911266326904,,,,,,
1537,-0.38492849469184875,0.1456325203180313,-0.3814420700073242,-0.014595498330891132,-0.703071117401123,-0.4800841510295868,-0.0820331797003746,-0.34328949451446533,0.1704314798116684,0.33700335025787354,0.43829646706581116,0.2911904454231262,0.3498193323612213,0.6661393642425537,0.5591902732849121,0.23346811532974243,0.9951276183128357,0.4665544927120209,0.39151278138160706,1.2185975313186646,,,,,,,,,,,,,,,,,,,,
1476,0.18130280077457428,0.13464951515197754,0.14534473419189453,0.03567434474825859,0.21140916645526886,-0.07230941206216812,0.04552146792411804,-0.3942132294178009,0.08149440586566925,-0.2527376711368561,1.8719191551208496,2.3469443321228027,6.444612503051758,1.5682291984558105,1.373076319694519,2.383347272872925,2.525294542312622,1.1447004079818726,1.5589807033538818,1.8904998302459717,-0.032131634652614594,0.06675777584314346,,,,,,,,,3.4712882041931152,1.5197683572769165,,,,,,,,
46334,0.28982508182525635,0.2776322364807129,-0.35129958391189575,0.33941739797592163,-0.8064620494842529,-0.388858824968338,0.33880615234375,0.30737218260765076,0.5532367825508118,0.14510203897953033,0.5425315499305725,0.6973798871040344,0.6395390629768372,0.5806133151054382,0.5194655656814575,1.5246665477752686,0.8823385834693909,0.8273076415061951,0.9323330521583557,0.9383441209793091,0.23140181601047516,-0.6643975973129272,,,,,,,,,0.9939516186714172,0.8778250813484192,,,,,,,,
46871,1.09145987033844,-0.34408801794052124,-0.6753366589546204,-0.04538203030824661,-1.0556509494781494,0.43262696266174316,0.39896687865257263,-0.15121349692344666,0.5617370009422302,-0.27743157744407654,0.7627118229866028,1.2990272045135498,1.5588836669921875,2.146986246109009,0.9961971640586853,1.2237223386764526,1.6024843454360962,1.2832130193710327,1.0654687881469727,1.4642702341079712,0.8621487021446228,0.03509809821844101,,,,,,,,,1.444705605506897,1.4973379373550415,,,,,,,,
46808,-0.8339229822158813,0.23375871777534485,-0.9545660614967346,-0.4367077052593231,0.7187312841415405,-2.4004127979278564,0.17448286712169647,-2.8198437690734863,0.6549978256225586,1.8176649808883667,0.8140679001808167,1.9085514545440674,0.6832489371299744,0.7126020193099976,0.9894376993179321,1.203598976135254,0.907436192035675,2.5209779739379883,1.0121312141418457,1.9431408643722534,1.6050349473953247,-0.17614631354808807,,,,,,,,,0.6941304802894592,1.061514973640442,,,,,,,,
41,0.28982508182525635,0.2776322364807129,-0.35129958391189575,0.33941739797592163,-0.8064620494842529,-0.388858824968338,0.33880615234375,0.30737218260765076,0.5532367825508118,0.14510203897953033,0.5425315499305725,0.6973798871040344,0.6395390629768372,0.5806133151054382,0.5194655656814575,1.5246665477752686,0.8823385834693909,0.8273076415061951,0.9323330521583557,0.9383441209793091,0.23140181601047516,-0.6643975973129272,,,,,,,,,0.9939516186714172,0.8778250813484192,,,,,,,,
44623,0.6061313152313232,0.17473717033863068,0.03328881412744522,0.6166160106658936,0.9066126942634583,-0.3830373287200928,0.09088578820228577,0.4720515012741089,-0.10655364394187927,2.016124963760376,1.7983089685440063,1.7802553176879883,3.089848518371582,2.076591968536377,3.7052154541015625,3.9237706661224365,3.7924859523773193,2.1487414836883545,2.6695456504821777,2.0783867835998535,-0.233490452170372,0.9204867482185364,-0.12753158807754517,0.13938063383102417,-0.40210673213005066,-0.050407007336616516,-0.11032013595104218,-0.7277254462242126,0.9806632995605469,2.7298429012298584,3.1226096153259277,2.667013645172119,3.4509494304656982,4.49680757522583,2.8576302528381348,2.1653974056243896,2.6464197635650635,2.4604997634887695,4.132776260375977,1.7992900609970093
1549,0.4563550353050232,-0.07272450625896454,-0.22431287169456482,2.4704949855804443,0.40801188349723816,-0.18692734837532043,-0.15089182555675507,0.4551733434200287,-1.0826503038406372,0.9587660431861877,0.8326331973075867,1.0343960523605347,0.8884744048118591,1.4095382690429688,0.8973577618598938,0.7754272222518921,0.846329927444458,0.8766871094703674,1.0223288536071777,0.950727641582489,-0.009994097985327244,0.4232994318008423,0.5416670441627502,-1.4175373315811157,-1.4417710304260254,0.9297257661819458,,,,,0.8164291381835938,0.9093044996261597,0.8406656384468079,0.9475322365760803,1.1192461252212524,1.0601930618286133,,,,
44664,0.41729146242141724,-0.7534677982330322,0.6225279569625854,1.0357928276062012,0.7045478820800781,0.29720303416252136,-1.0051300525665283,-1.157091498374939,-0.24073559045791626,-0.3026449680328369,4.966065883636475,4.856301784515381,7.51190185546875,4.611684799194336,4.626800537109375,3.3908398151397705,6.9284348487854,4.377262592315674,4.174709796905518,4.514310836791992,-0.24333640933036804,1.1140010356903076,,,,,,,,,5.2538743019104,3.5559051036834717,,,,,,,,
44613,-0.4000321626663208,0.02302856370806694,0.31036949157714844,-0.445455402135849,-0.1213083416223526,0.07074163854122162,-0.06240569427609444,1.3186309337615967,,,0.9034927487373352,0.5135891437530518,0.3601939380168915,0.4015374183654785,0.4571884870529175,0.8133135437965393,0.8199905157089233,0.13563798367977142,,,,,,,,,,,,,,,,,,,,,,
46652,-0.8339229822158813,0.23375871777534485,-0.9545660614967346,-0.4367077052593231,0.7187312841415405,-2.4004127979278564,0.17448286712169647,-2.8198437690734863,0.6549978256225586,1.8176649808883667,0.8140679001808167,1.9085514545440674,0.6832489371299744,0.7126020193099976,0.9894376993179321,1.203598976135254,0.907436192035675,2.5209779739379883,1.0121312141418457,1.9431408643722534,1.6050349473953247,-0.17614631354808807,,,,,,,,,0.6941304802894592,1.061514973640442,,,,,,,,
285,0.35334664583206177,-0.1713261753320694,0.22464559972286224,-0.3691384792327881,-0.09550157934427261,-0.4324919581413269,-0.33591747283935547,0.5871036052703857,0.4866088926792145,-0.002982349367812276,0.6311371922492981,0.5891284346580505,1.0851448774337769,0.2550070285797119,0.22291144728660583,0.06563406437635422,0.17274729907512665,0.18314793705940247,0.4118961691856384,0.41796875,-0.1739940047264099,-0.16766700148582458,-0.43467992544174194,-0.2761392593383789,0.36575832962989807,0.22103175520896912,,,,,0.3357187509536743,0.32818737626075745,0.2789800465106964,0.3359981179237366,0.035876158624887466,0.6335594654083252,,,,
952,0.20057129859924316,0.22608381509780884,-0.4107697308063507,0.2190549075603485,-0.5363867878913879,-0.36110445857048035,0.3571617305278778,0.32044386863708496,0.3770659267902374,0.09840106219053268,0.5961283445358276,0.8680818676948547,0.7825320959091187,0.6097320318222046,0.3805154860019684,1.5815445184707642,0.611502468585968,0.9316192865371704,0.944316029548645,0.8851308822631836,0.289029598236084,-0.7088329792022705,,,,,,,,,1.1088988780975342,0.6780381798744202,,,,,,,,
1477,0.25328677892684937,-0.025735000148415565,-0.16594454646110535,0.25559744238853455,-0.11885974556207657,0.315475195646286,-0.31296420097351074,-0.19055277109146118,0.07373275607824326,-0.09049546718597412,2.6143124103546143,2.0864357948303223,3.100393533706665,0.9754489660263062,2.4930832386016846,4.8950347900390625,4.865750789642334,1.882223129272461,1.2740715742111206,2.2758212089538574,-0.026265835389494896,-0.31684815883636475,,,,,,,,,2.3616764545440674,1.9455840587615967,,,,,,,,
46906,-0.5103558897972107,-0.6397313475608826,-0.7202813029289246,0.4339478611946106,0.12454377859830856,0.14917482435703278,0.8251760005950928,-0.556914746761322,-0.755940318107605,0.7959786057472229,1.1564249992370605,0.5670036673545837,0.8198668360710144,0.7408886551856995,0.7773956060409546,1.1933408975601196,0.9062609076499939,0.6437079310417175,1.0243251323699951,0.646101176738739,,,,,,,,,,,,,,,,,,,,
1044,0.5567006468772888,0.9631182551383972,1.416617512702942,-0.6931514739990234,0.9738638997077942,-0.29087620973587036,-1.025363564491272,-0.6801118850708008,,,3.1264488697052,3.939528703689575,3.4351797103881836,3.5037124156951904,3.6631741523742676,2.9008495807647705,2.015345811843872,2.8110275268554688,,,,,,,,,,,,,,,,,,,,,,
10,-0.7980325222015381,-0.04575279355049133,0.4235430955886841,-0.05977847799658775,-0.04016284644603729,-0.09873691946268082,0.3392212688922882,0.08329471945762634,,,0.4301854074001312,0.7601239085197449,0.4418487846851349,0.7534763813018799,0.6326909065246582,0.5807035565376282,0.4886772036552429,0.579987645149231,,,,,,,,,,,,,,,,,,,,,,
679,-0.4811010956764221,0.0714026615023613,0.09097148478031158,-0.7055812478065491,-0.23822274804115295,0.12596844136714935,-0.052202630788087845,1.4907475709915161,,,0.8982689380645752,0.5008086562156677,0.4507710337638855,0.2581937611103058,0.6610062122344971,0.8144972324371338,0.6659783124923706,0.07467103004455566,,,,,,,,,,,,,,,,,,,,,,
14,-0.5372631549835205,-0.4481199383735657,0.25735726952552795,-0.9467249512672424,0.49222877621650696,0.8504538536071777,-0.6246036291122437,-0.14626853168010712,0.5052075386047363,1.9575104713439941,4.515081882476807,4.199951171875,3.4412779808044434,4.9925971031188965,3.128837823867798,1.9870407581329346,6.311749458312988,4.584563255310059,6.41726541519165,2.5547990798950195,-1.7873528003692627,1.2968013286590576,-0.032741647213697433,-0.8235632181167603,1.2361148595809937,0.8715850710868835,0.8629825115203857,-1.0406540632247925,1.5176560878753662,0.7888841032981873,3.432183027267456,3.2924039363861084,8.279973983764648,4.078909397125244,2.76416015625,3.702113628387451,3.022850751876831,4.00204610824585,2.7820687294006348,3.3242392539978027
44737,0.034381456673145294,0.6449007391929626,0.3626122772693634,-0.3624306619167328,1.099036455154419,0.3265000581741333,1.113308310508728,0.045333508402109146,-0.7143758535385132,2.2527525424957275,3.7325780391693115,6.163025379180908,2.831887722015381,3.9088406562805176,3.8775391578674316,2.2372632026672363,2.6027283668518066,3.109440803527832,2.9328408241271973,2.9249515533447266,0.6859144568443298,0.8953231573104858,-0.25734269618988037,0.42838963866233826,0.4475954473018646,-1.2375465631484985,-0.5376760959625244,-0.38266995549201965,1.1117198467254639,0.6202510595321655,4.1410136222839355,3.065720796585083,2.82865047454834,4.7377424240112305,3.100656747817993,4.716460704803467,2.6955771446228027,4.158185005187988,2.8983404636383057,2.5963165760040283
44699,-0.4456036388874054,1.0207104682922363,-0.7535302042961121,0.9882300496101379,0.6389261484146118,0.8008825778961182,0.4809225797653198,0.8314647078514099,-1.1752119064331055,1.836155891418457,4.8852033615112305,4.825695991516113,4.371913909912109,5.884748935699463,7.197498321533203,5.38972282409668,3.6125783920288086,5.402468681335449,8.62691593170166,3.171755790710449,0.12288886308670044,0.6682245135307312,0.6151601672172546,0.8144820928573608,-0.15981508791446686,-0.30913248658180237,-0.38320088386535645,-0.17547866702079773,0.5145013928413391,0.07450562715530396,3.8752920627593994,4.514931678771973,4.767483711242676,2.2824034690856934,3.5700604915618896,4.829315662384033,3.788283586502075,4.568242073059082,4.0871453285217285,4.5368499755859375
44606,1.006131649017334,0.11618532240390778,0.3909694254398346,-0.16920341551303864,0.8306957483291626,-0.1503639817237854,0.096584253013134,2.539034843444824,0.701898455619812,1.0754197835922241,9.414921760559082,9.119111061096191,9.574644088745117,11.112735748291016,14.116918563842773,10.679055213928223,6.730807304382324,17.260112762451172,12.420169830322266,12.35295295715332,0.8680312037467957,1.3124819993972778,-0.635225236415863,-0.301994264125824,0.3966277837753296,-0.18506364524364471,-0.7173121571540833,-0.5885785222053528,,,12.400203704833984,12.990836143493652,12.787434577941895,10.354564666748047,11.924185752868652,10.07113265991211,9.495903015136719,9.924053192138672,,
46270,0.7409389615058899,0.27792438864707947,0.3325641453266144,0.38977888226509094,-0.6100301742553711,-0.2710346281528473,0.17100991308689117,-0.2808021008968353,,,3.8047878742218018,2.7684872150421143,3.6405117511749268,2.646399974822998,2.390510082244873,4.702193737030029,4.380843639373779,1.7757246494293213,,,,,,,,,,,,,,,,,,,,,,
44469,-0.5479403138160706,0.8000766634941101,0.6549665927886963,-0.7602763772010803,0.8069130778312683,-1.8337887525558472,-0.6937106251716614,0.06560329347848892,0.8191096186637878,0.6012657880783081,0.5746002197265625,0.5144509077072144,0.6018615365028381,0.3948425054550171,0.3990367352962494,0.8326412439346313,0.5698096752166748,0.3882409334182739,0.501526415348053,0.655363142490387,0.05932492017745972,0.8150610327720642,0.9588198065757751,0.03699590638279915,0.19438201189041138,1.016172170639038,-0.9865236282348633,0.5120700597763062,-0.6429481506347656,-0.5083863735198975,0.5982102751731873,0.6763730645179749,0.33964332938194275,0.47825250029563904,0.6431202292442322,0.28629282116889954,0.4473689794540405,0.47880521416664124,0.7123141884803772,0.36556577682495117
44554,1.1932811737060547,-0.807172954082489,-0.9700068235397339,-0.11066285520792007,0.2810100018978119,-0.8526919484138489,-0.1058979406952858,0.5149040222167969,,,1.1426383256912231,0.8829637169837952,3.4526638984680176,1.5239425897598267,1.6839942932128906,1.59209144115448,1.7551640272140503,1.9440901279449463,,,,,,,,,,,,,,,,,,,,,,
28,1.407513976097107,0.08405251801013947,-0.7530850768089294,-0.2313692569732666,0.41403859853744507,1.6718271970748901,1.5330995321273804,-0.6090195178985596,0.629790723323822,1.106412410736084,4.909582614898682,3.5278737545013428,4.018377780914307,4.036276340484619,3.1666572093963623,3.737938165664673,5.781520366668701,5.242676734924316,4.40996789932251,5.80186128616333,1.3408606052398682,0.40747955441474915,-1.606959342956543,-1.751661777496338,0.9257851839065552,-1.826596736907959,0.8374537825584412,0.4544523358345032,-1.1982752084732056,-0.47447818517684937,4.64647102355957,4.954897880554199,4.509149074554443,4.504814624786377,4.621517181396484,6.397956371307373,5.402336597442627,4.655245304107666,4.730466365814209,3.4266855716705322
