n_instances,n_features,n_classes,skewness_mean,kurtosis_mean,mean_abs_pearson,class_entropy,imbalance_ratio,hopkins,intrinsic_dim_ratio,pca_var_pc1,pca_top3_var,pca_entropy,inter_intra_ratio,pairwise_dist_mean,pairwise_dist_cv,pairwise_dist_p90,knn5_dist_mean,knn5_dist_cv,knn5_dist_p90,silhouette_true,davies_bouldin_true,knn1_accuracy,decision_stump_accuracy,feature_sparsity,high_corr_frac,corr_dispersion,feature_std_dispersion,zero_variance_frac,cv_mean,dl_mean_0,dl_mean_1,dl_mean_2,dl_mean_3,dl_var_0,dl_var_1,dl_var_2,dl_var_3,dataset_id
16227.0,16.0,6.0,26.08404800961817,3057.6161819501804,0.1505647680359186,0.9380600682926138,3.941626794258373,1.0,0.625,0.2147380030112109,0.5491450366368016,0.8085423156299386,1.2801917704059678,4.64946198941435,0.491215115770494,7.917332804124308,1.1924927761946291,1.5157592884004325,1.7058850249756592,-0.0537533758743829,6.96649089290318,0.3721571743627573,0.3159545896003805,0.1288130892956184,0.025,0.2244952242737739,116.55928988106562,0.0,2.264392273996128,0.0223825123095735,-0.1502352549662194,0.2102754876072436,0.1236345638017515,1.2278167716986257,1.4009650429246585,0.9000748454183791,0.7235636904344633,46652
80.0,50.0,2.0,0.1296261807681674,1.1562029566524337,0.0890734798396683,0.9886994082856122,1.2857142857142858,0.7998028509968331,0.74,0.0656569195214008,0.1671586761218913,0.917588882194288,1.50936059549849,10.029070067551102,0.0824390262271601,11.053922528580754,8.76360555249425,0.038750318215022,9.189866242592077,-0.0010774717221266,9.300182229442914,0.575,0.75,0.00425,0.0008163265306122,0.0717316407009094,0.0230140545438794,0.0,40.12195712627344,-0.0358863727533828,0.0024587804385059,-0.0614328153020474,-0.0505189220211653,1.0972262042580678,0.9799471594674942,1.1545332815672766,0.9649981213174484,876
380.0,1.0,2.0,0.0142756913902173,1.2319683385882791,0.0,0.554544255657446,6.755102040816326,1.0,1.0,1.0,1.0,0.0,0.1943743077604229,1.1559345675458192,0.7076357534466987,2.3610972291802157,0.0,0.0,0.0,0.0201549998623146,8.857871520571837,0.8236842105263158,0.8710526315789474,0.0394736842105263,0.0,0.0,0.0,0.0,0.5520442208424801,0.0029935070346521,0.0,0.0,0.0,0.072818182124392,0.0,0.0,0.0,767
28240.0,3.0,10.0,0.5718584998478299,1.2327154501732405,0.6225756120196855,0.985468292244966,2.486440677966102,0.9999997139714302,0.6666666666666666,0.7581754472933466,1.0,0.5744827093166517,3.135658523977373,2.114704124823215,0.5553573084514517,3.6831102461939578,0.0027487824287153,2.881804640682594,0.0084790758610032,0.1599372491370663,4.458807907568797,0.9999645892351274,0.2712818696883852,0.0031633616619452,0.3333333333333333,0.2162087032981978,8650.240127080797,0.0,0.5282329762894046,0.2705526985322132,0.0608677122416917,-0.0238798281893098,0.2095849674813825,0.2492622031684253,0.0352808956727614,0.0454917656249522,0.1562742619522942,45714
1600.0,7.0,2.0,4.007878685031456,50.172518975494185,0.0706408520165619,0.9999999999971146,1.0,0.99999987694983,1.0,0.2214815670195413,0.5469679283598093,0.976501040044403,1.0220523230850374,3.2814803191666564,0.5551153896593293,5.014205702106861,0.907331769216522,0.8625586374805664,1.5067527744947686,0.0502617438469089,4.394102966313363,0.6875,0.6950000000000001,0.0019642857142857,0.0,0.1000464898645837,931.3764870462064,0.0,1.426605769448376,0.1667255886544227,0.125205571527001,0.1178586744405658,0.1414237875410819,0.6313802752179289,0.532710612960148,0.5049718827426278,0.2726719494195126,44406
1600.0,100.0,10.0,0.3604907277038811,0.5431836592706863,0.2618410160635812,0.9999999999956573,1.0,1.0,0.25,0.2565301170057606,0.4967851807388012,0.5958041670127106,10.588164549735792,13.811043251455157,0.2165466868579326,17.48033250701466,5.450097758399241,0.2176402564497463,6.998630411431426,0.1579972366675499,1.920439113525816,0.955625,0.19375,0.00946875,0.0171717171717171,0.1955496866368389,44.73692000098181,0.0,0.3337511452805451,0.2051219408439638,0.1856889967451957,0.1792823909414648,-0.2545282417940216,11.676389293606931,10.000731667090118,7.331504082462657,8.256124441277391,44627
80.0,25.0,2.0,0.1367542060707918,1.0949661279363634,0.0974006752837933,0.9837082626203004,1.3529411764705883,0.6153884477802996,0.8,0.1152334216843462,0.2722232456005852,0.9351229318029318,2.054501676536854,7.060908109607398,0.1247977716445339,8.19384526398036,5.757558084678844,0.0577832386521903,6.070591806614817,0.0281433797309834,4.7410830332187945,0.5625,0.8,0.0045,0.0033333333333333,0.0898298762731951,0.0248178607615337,0.0,33.58114691795839,0.0720450529430295,-0.0157687869695975,-0.0036794824124949,-0.0296345407043327,0.8454038337431955,0.7180547573290663,0.6642762143923473,0.6338991916526089,775
248.0,6.0,2.0,1.1946058739406935,7.266515397021276,0.4059958043711828,0.9071657675701968,2.1,0.9999855707029012,0.8333333333333334,0.5403339062651528,0.8632542835845288,0.7133601140455487,1.9396469949273,3.085618685977801,0.5152366987370577,4.952550792675998,1.099734700172342,0.673057065993767,1.6394997277335956,0.07086270874958,2.1265183310009967,0.8024193548387097,0.7620967741935484,0.0087365591397849,0.0666666666666666,0.250325251935513,9.694798917862531,0.0,0.5200675121444278,-0.0382174385844686,0.1207077285522582,0.003369283638843,0.0568186017599419,0.4626220292428733,0.41549438637794,0.4053781019607137,0.5077337350371561,1524
400.0,50.0,2.0,0.0773914084281452,1.17803131877659,0.0431275315806515,0.9765004687549388,1.4390243902439024,0.7944304695641905,0.88,0.0540717918031784,0.1220150817126552,0.9742649638331582,1.556978355374208,9.975671111775016,0.0860354432443392,11.07251617925154,8.106030633358289,0.0384342285540802,8.498455019877923,0.0096680915941323,9.007230522649206,0.5975,0.77,0.0059,0.0008163265306122,0.0475064941486743,0.0098586580444805,0.0,71.45486297064296,0.0051462126257192,0.0137384778518467,-0.0134595249131589,0.0173668499164121,0.6189946782584937,0.4968251057827917,0.6103563098845249,0.564291764080996,920
171.0,9.0,6.0,2.0376424165731386,10.554151841820502,0.2258034229398582,0.8398784103810479,8.714285714285714,0.9994228855354628,0.6666666666666666,0.2728628328158544,0.6620688119400537,0.8247023929932273,2.5514845836484565,3.6902481868373536,0.5740747703479719,6.19507493725552,1.4662212599391526,0.9267723720538906,2.878898142889393,-0.0331253103369888,3.6433301638375135,0.6489075630252101,0.4678991596638654,0.0084470435347628,0.0,0.18324584161418,0.4654197501964646,0.0,0.7637769016735935,0.2065389831253697,0.2997797509546198,-0.1529226316687995,0.1128427468546495,0.9028598468403451,0.7830419656370279,0.5091612174151253,0.745120916315299,41
171.0,9.0,6.0,2.0376424165731386,10.554151841820502,0.2258034229398582,0.8398784103810479,8.714285714285714,0.9994228855354628,0.6666666666666666,0.2728628328158544,0.6620688119400537,0.8247023929932273,2.5514845836484565,3.6902481868373536,0.5740747703479719,6.19507493725552,1.4662212599391526,0.9267723720538906,2.878898142889393,-0.0331253103369888,3.6433301638375135,0.6489075630252101,0.4678991596638654,0.0084470435347628,0.0,0.18324584161418,0.4654197501964646,0.0,0.7637769016735935,0.2065389831253697,0.2997797509546198,-0.1529226316687995,0.1128427468546495,0.9028598468403451,0.7830419656370279,0.5091612174151253,0.745120916315299,46334
10790.0,16.0,2.0,7.649031105788639,474.81490036139263,0.1551362525831051,0.9999999999971146,1.0,1.0,0.6875,0.2119930885664218,0.4955955976185309,0.851754917377208,1.4273084901815185,4.917310363645865,0.4787275185755676,8.11930068514965,1.4176727860827998,0.8054923055916526,2.236592791192319,0.048954641940118,4.59692644918187,0.8088044485634847,0.7172381835032438,0.0092157089898053,0.0083333333333333,0.1791227682840969,18809.74376761253,0.0,1.396254468313619,0.0374353591002034,0.1559887453993688,0.2698191311983712,0.1638963644880481,1.1384611468880366,1.2466022695520085,1.1157650536924757,0.7508566717056816,44123
16640.0,5.0,2.0,0.651219177270933,2.4988796593547504,0.1997500133013913,0.9063441898474922,2.107376283846872,0.9994116204825698,0.8,0.4074891671524686,0.8190249489324024,0.86739458496091,0.6602113150231553,2.920837560835482,0.3928241333653134,4.470432407068323,0.3572189937336588,0.6494507482326235,0.6016347403032375,0.0343042779963955,6.305370260032983,0.6153245192307693,0.6781850961538461,0.0,0.1,0.2393060230728111,1.7025975187860594,0.0,0.2957698474344452,0.0248670228348986,0.00199033658253,0.1194305147091289,-0.0030963851376765,0.3997903578801999,0.2245424095223185,0.3064985410197978,0.152545776785768,43904
718.0,6.0,2.0,2.0729034293740747,5.266555935421535,0.0798213410997388,0.9949568168862896,1.182370820668693,0.9999973093794744,1.0,0.2178382112526183,0.5883406810627294,0.9867089246100096,1.4297952324415693,3.148801411808289,0.46041448867772,5.159829561071478,0.4233853009798333,1.1181552339699414,1.040318841654146,0.0982232059590565,2.9909447039223904,0.9122562674094707,0.9874651810584958,0.0076601671309192,0.0,0.0536555176466097,670.9863133979812,0.0,2.0921918288567407,0.1798375789275332,-0.1955563097804487,0.1801047176042226,0.1411162241129046,0.5445134618034082,0.2335039180941329,0.500979567454909,0.2195654322002395,43941
1600.0,100.0,10.0,,,,0.8921097389747935,9.236842105263158,1.0,0.46,0.2219553109171164,0.4261590567736473,0.6996093177910032,5.7594758733464815,12.0863019335474,0.386380101844712,18.148586993444287,6.069646279001143,0.3924773809878283,8.438395207736539,-0.0616538264916875,5.61750117059837,0.445625,0.36875,0.15553125,0.0133333333333333,0.1911702210849205,0.1387685128187223,0.15,1.5857542550849713,0.2442406894214982,0.1059165923102943,0.0147753580951845,0.4138115272938403,12.252952592934834,7.337436820080279,3.609689782699368,3.118473326328842,44733
575.0,9.0,6.0,9.27316979932862,147.024665669896,0.0729095955933867,0.9554220456828966,3.971428571428572,0.9999998879101116,1.0,0.1865981567784424,0.4537136301708034,0.975938164304682,1.511207600291057,3.0716096675809617,0.9545455313461016,4.903737149383771,1.1895061237076938,1.5580973978428905,1.718120331673883,-0.0755919449304005,6.273463041025596,0.3930434782608696,0.3078260869565217,0.0218357487922705,0.0,0.0892854685555278,91778269575.0128,0.0,3.799377946906698,0.0949646176948254,0.1137398760091212,0.0772181323531828,-0.0401213006959829,0.798894530540593,0.7011467101828399,0.8028649352515534,0.9239785737144712,46382
834.0,37.0,2.0,9.208580424212965,169.73481507099777,0.3859355373749665,0.5359423426204214,7.176470588235294,1.0,0.3243243243243243,0.4949224596383225,0.6871417350060962,0.5391494601197828,2.3787372243852345,6.268575315564769,0.9409836480812755,9.86842654956846,2.528676795101692,1.4021637398791094,3.833845047571781,0.0767294799649592,3.862067374321872,0.829736211031175,0.8776978417266187,0.0186013351480977,0.1966966966966967,0.3235398017785691,74471.44210648771,0.0,2.114039890981473,0.2302351354421491,-0.0196060634578512,-0.0527846598410656,0.1923396502904947,9.57494192047631,1.750410212641671,2.9378397196769037,3.665013589209972,1444
800.0,20.0,2.0,0.984713162705576,2.8737075181277154,0.0749929889882154,0.8812908992278072,2.333333333333333,0.9999949872161514,0.9,0.117028216613231,0.2901057539213861,0.9631815346156734,1.0984158493503828,6.197590494505913,0.2066285805355513,7.882060571403031,3.595786316914371,0.1993248487553095,4.560245142969579,0.0156421808404328,7.886883085967513,0.6387499999999999,0.7,0.0084375,0.0,0.0831563050186825,603.1048448787695,0.0,0.5682209587593168,0.0629615538920686,0.0753244326971899,0.1537237017759505,-0.064552336285352,0.68253315168769,0.576081252459694,0.6532563758104145,0.3922643041312471,46540
1600.0,16.0,2.0,4.87717572322105,91.48251806230196,0.1569957752766328,0.9999999999971146,1.0,0.9999999824332634,0.75,0.2077176974992934,0.4910760720797943,0.856748872112232,1.366226857954297,4.818900457149044,0.5789370414834216,7.908074898192906,1.858661096946398,0.7850237150759221,2.949068354441952,0.0480179237424049,4.781915454090508,0.75125,0.71,0.010078125,0.0083333333333333,0.1715617781060859,23049.826762601915,0.0,1.4089939292680342,-0.0155233676391095,0.1691101235693225,0.2659444878659522,-0.0499134055507684,1.2097910471636506,1.3340485199508647,1.1330384949522938,0.8977814927606331,44388
31958.0,5.0,2.0,29.293122635327077,4371.207239486946,0.1042462863733836,0.654051202878996,4.937941285767373,0.9999999999957064,1.0,0.3333413771991412,0.7327642788369142,0.951120088484885,0.3727923659713278,2.7417125333194035,1.1396973077542074,4.167946920167514,0.0438489763911621,21.67358009070877,0.0941590089451746,-0.0307659007695986,8.60552145921449,0.7452594029663934,0.8315914637962326,0.0202828712685399,0.0,0.1668908169084459,1.9931631884752228e+18,0.0,7.304273195672025,0.0095493164530289,-0.0538802557605377,-0.0267522559674552,0.1854200471759889,0.9787356965131278,0.2322249473492462,0.191605436809053,0.3498434159900556,42733
212.0,10.0,8.0,3.086680154217789,25.61111819863712,0.2890523369408886,0.9886132716236984,1.7272727272727273,0.9999999956381872,0.7,0.363838147387454,0.760350345860669,0.760033457513914,2.8968001169907898,3.885126668842432,0.575578942685009,5.915225658883276,1.5506023958654742,0.8297118214431062,2.273525931681078,0.0148938941275295,2.8453591119620567,0.7592469545957917,0.2782945736434108,0.005188679245283,0.0222222222222222,0.2470490549201933,8.082007430186774,0.0,0.6166523534534435,0.1823495553721823,0.1710808760446753,0.0929479787707045,-0.0831667466415122,0.9143767675700518,1.208877538824905,1.4308367845544774,0.4550427359846267,42544
200.0,50.0,2.0,0.0831679646874208,1.1740822310004309,0.0590010305687162,0.9927744539849228,1.2222222222222223,0.4557850919257606,0.86,0.0491936301778601,0.1314738996532831,0.961024719573891,1.6417956687293258,9.986315160870667,0.0882128326441405,11.119506227824544,8.360853893726928,0.0442673927420314,8.795292489743114,0.0081998571828006,8.532411267444436,0.575,0.765,0.0064,0.0008163265306122,0.050882821126488,0.0153344420552267,0.0,54.758439828974986,0.0002957868930713,0.0199355825246355,-0.0134711780172474,-0.0059557760449882,0.8161617422768676,0.6675607015077287,0.7008655690554285,0.6505352968472379,769
1187.0,8.0,10.0,3.287963028654709,25.730009653858204,0.0852352776554038,0.7498963937014776,92.5,0.9999880302477032,1.0,0.225720604137002,0.5077154659272546,0.9660639706934684,3.3694488111020795,3.504731488347164,0.5510866847840078,5.401472083072808,1.093959439593883,0.5342753094039786,1.7078176614341312,0.002039885540409,2.967053538661569,0.5130482572775946,0.4001701946601425,0.0316975568660488,0.0,0.1150025642234727,0.0315333698249645,0.0,1.3951300617974347,0.0636959639425675,0.0735164463952778,0.0941201635033085,0.0902372154336383,0.5051803659941245,0.3674642519587539,0.7823161336549443,0.7973702088513813,44471
844.0,30.0,2.0,2.4938782558510555,15.671602182431876,0.2102887749503395,0.9225790922597584,1.96140350877193,1.0,0.5,0.2266164129086936,0.501894103752735,0.7379788165288764,2.947437112227389,7.020974640247146,0.4675772144346897,10.798110021170006,2.7496228533958216,0.5686658027439976,4.544942340619022,0.0316926457373917,3.224842422412488,0.8127962085308057,0.7298578199052133,0.0213270142180094,0.025287356321839,0.2012227625991507,2.5870450597181747,0.0,4.549507173058212,-0.0435602502052213,0.1896411978293795,0.2472501733969035,-0.0443661320460156,3.057334703211267,2.480500440233384,2.4810199732914358,1.623211702150687,45077
864.0,100.0,9.0,,,,0.999999999995904,1.0,1.0,0.74,0.0326429995887214,0.0915491598453285,0.9429417997028848,2.865113567849705,8.79425277306448,1.1755409257286984,25.22656071986212,3.3116241691382533,2.4696733034783307,14.731077732562172,-0.3642300183701034,5.174101969345966,0.3854012636107004,0.207171662857911,0.08,0.0014141414141414,0.0543402155404046,0.0530978223004837,0.08,19.923314177218398,0.0577401065918558,0.1014520927198446,0.0667049529513842,8.618620220793808e-15,2.877172881673277,2.682903401527505,2.310925330829442,1.8684707284039737,44606
124.0,2.0,2.0,0.379514349282497,0.7893030199781745,0.1461030676562231,0.8983179546796969,2.1794871794871797,0.722247452914918,1.0,0.5730515338281116,1.0,0.9845467848413229,0.3626913206068979,1.7915211806083735,0.5063731026913045,2.9678216364684595,0.325132213173088,0.8341477888922185,0.3238459030303817,0.0048182053346978,7.222311291794008,0.6451612903225806,0.685483870967742,0.0,0.0,0.0,1.0218796535797283,0.0,0.523205393587024,0.0329697005657498,-0.0166481712805116,0.04162246296003,0.0036789084129703,0.1098860609944849,0.0598135773406211,0.0683370256085248,0.0595735808456541,1026
35060.0,10.0,2.0,0.8889534898297585,4.112132629337024,0.6958747491873657,0.99989746229691,1.0241325558570522,1.0,0.2,0.8050513270609312,0.9993765359879376,0.2207993273506534,0.0768622018861548,3.680826580665424,0.6484060742598492,7.040187330925094,0.1110511043227605,1.4813880314576542,0.1903592999554225,-9.484443174747865e-05,69.56923357601755,0.5028522532800913,0.5059612093553907,0.0072989161437535,0.6444444444444445,0.4074013772940496,692.4915675479614,0.0,0.2405483082666958,0.1907407568902345,0.0751804532394002,0.131810689051481,0.1254254611822603,1.9116547384800209,0.254900491963429,0.5893133932571384,1.716398755643436,41734
1600.0,16.0,7.0,3.847654278758356,43.695003338058754,0.3091759520731231,0.9999987952952156,1.0043859649122806,0.9934715237488454,0.5,0.4579444296820218,0.7374563615861796,0.6308947628727741,4.373882937746143,4.904391833013306,0.5712590760484675,8.268974487051677,0.6271094185829219,1.8171908784565372,1.0192950877103777,0.1893647168852324,2.950583963276832,0.8856250000000001,0.284375,0.0062890625,0.15,0.3441759721438425,19.63872897694501,0.0,2.266003064160617,0.2812239864237609,0.1882961569500416,0.2686787900347278,0.1937105649283153,3.2580100323736083,2.154500422618118,0.9951276540951948,0.3741954928697465,44635
1600.0,3.0,2.0,0.8409671641248274,0.6950075348501344,0.0738212407203298,0.5329433101716597,7.247422680412371,0.9112295515013236,1.0,0.3919542682490014,0.9999999999999998,0.9903942994165652,0.2244986492016606,2.238072821917529,0.4619525007193849,3.644064725417664,0.3078518627706246,0.5214199492764765,0.5085996348771709,0.0012501181228303,14.092542860863368,0.786875,0.87875,0.003125,0.0,0.0709387277888776,3.0400460531121007,0.0,0.1583915251770163,0.09920316831553,0.0723564025670387,-0.0210700857604729,-0.0232112576076391,0.1541692357510498,0.1076513140288273,0.1387418535675172,0.1271505500578275,44774
598.0,4.0,2.0,2.219922513296204,10.323930927649284,0.4633312169385739,0.7907877320066126,3.211267605633803,0.9989180624265036,0.75,0.6328306223033904,1.0,0.6220330632145397,0.8879812920037315,2.33977957259309,0.6809920237876568,4.014835428253966,0.3663044592740351,1.420928347499471,0.6615977335128989,0.0625957348009476,3.529286837264724,0.7140468227424749,0.7625418060200669,0.011705685618729,0.1666666666666666,0.3146518599263455,612.3029954846279,0.0,0.9009360496570152,-0.0527158452680873,0.0999892133276531,-0.0279477635552763,-0.1793784921649723,0.1983537622055428,0.2217810483273271,0.1427733850768999,0.7584723060492511,44595
8793.0,16.0,10.0,0.5097057175059504,1.0249047886379703,0.2714807949825559,0.9996538376579666,1.0841232227488151,0.9999999951809688,0.625,0.2951815792354544,0.6577000882730097,0.7483124492035984,4.212491169586229,5.4867358962790185,0.2777849932242888,7.431262605663684,0.964106038795361,0.3663040914011709,1.4307232211820495,0.1644021782008169,2.2639384826950355,0.9930628181670602,0.1997041705229921,0.007719208461276,0.0083333333333333,0.2033578824851267,6.568288336584419,0.0,0.6616155414846011,-0.0273314557915017,0.1502281647445685,0.0174090647067701,-0.0098391748104617,1.3010135408921149,1.424675701966135,1.1582784183928498,0.6082020616703352,32
1600.0,7.0,2.0,3.640937330745974,81.41319724880063,0.2852350511602882,0.9999999999971146,1.0,0.9981091056698892,0.8571428571428571,0.4069174911670447,0.7609272434782786,0.8242948401512924,1.304929782171063,3.324372394101927,0.5663431373254799,4.798306327996504,0.7183428463536843,1.2405674500771986,1.0673457670639104,0.0531732194917249,3.5668505831195816,0.721875,0.71,0.0083928571428571,0.0,0.2049687243154327,0.1134672606153521,0.0,0.5036171315717878,-0.0539868381165965,0.0003621102152812,0.109114644502118,0.0135764450073583,0.3038442797749596,0.2242849905958436,1.0407459242645285,0.5352404181562457,44376
6086.0,17.0,2.0,3.4075232527858232,29.656329167934445,0.1213589508362707,0.9999999999971146,1.0,0.9999999999672108,0.7647058823529411,0.187261065503354,0.4238375621530871,0.8817937909033632,0.268037741545438,5.207456148714214,0.5054041705857827,7.87456420085128,1.816331571297937,0.5447023752824987,2.834826690709459,0.0007458408110665,26.823134781776943,0.5364771606966809,0.5566874794610581,0.0085538651872184,0.0147058823529411,0.1650961370216209,795.3454044418803,0.0,1.1595939650057456,0.0747820199796994,0.1307697103296765,0.1557195354614526,0.1855126975451279,1.0598371599170944,1.055973023023003,0.8899504938882313,1.0221049629630494,44093
614.0,8.0,2.0,1.0754800396856918,2.7895977226800825,0.1721923870471773,0.9327521564426436,1.8691588785046729,0.9993655182558758,0.875,0.2619251622433717,0.6058351331542672,0.9265667187602156,1.4120752670067844,3.760526108951988,0.3650518822141007,5.53896949362996,1.5373495767225052,0.3887448577679382,2.240972523165561,0.086511969055333,3.712694718595893,0.6986970684039088,0.6840390879478827,0.005700325732899,0.0,0.1306717421434319,35.463785043904984,0.0,0.6162302099967412,0.1350433232333731,0.0985691369523146,0.0630867254498127,0.1141761925747668,0.3681491225761852,0.3697036906809241,0.5118628888867738,0.2884546318012365,46921
35060.0,10.0,2.0,1.0715270291687085,18.323480041835357,0.6929282913061214,0.9993479702987568,1.0619890607539846,1.0,0.2,0.8051192130340555,0.9999164241039628,0.2282122909738883,0.1532043637061972,3.764393923801552,0.6056805502989874,6.9531508399916095,0.0975599532772375,2.9124312414913978,0.1553639882042434,-0.00037857711932,36.01315117285137,0.5288933257273246,0.5167712492869367,0.0077809469480889,0.6444444444444445,0.4099544365718758,1687.1736975130111,0.0,0.1809231735707081,0.066180972600035,0.119620328659721,-0.0414488445065475,-0.0997177091627744,1.228680305102884,0.5630540105735556,0.7263638717387825,1.6395057261254178,41718
1462.0,10.0,2.0,0.3007185669229703,1.397787884969684,0.6466606256485482,0.9994599624251864,1.0562587904360057,0.9999999999634324,0.2,0.7991101714447185,0.9991421382413116,0.2222728651347598,0.2692888726877886,3.877129312892768,0.5654744330194246,6.924897556642008,0.2689360683213236,0.591961610002468,0.4111820886663169,-4.4266711131667285e-05,21.789204841697277,0.5102599179206566,0.5054719562243501,0.0044459644322845,0.6444444444444445,0.4737700594672765,14957.871791621556,0.0,0.1494970858667699,0.3865893403785712,0.1281451704030797,0.0865238432959611,-0.3340122856884366,1.6029992579250796,0.4339497911674629,0.4330295235742714,1.5293406322710656,41829
718.0,6.0,5.0,2.002499330841789,4.7252511078115615,0.0832859999310931,0.5115421362673948,91.16666666666669,0.9973981540410484,1.0,0.2183133315538374,0.5910049878043013,0.9854554233685348,2.350646067087584,3.162850295932671,0.4485962003340565,5.090743408992225,0.4176191421655653,1.1484357773408682,1.0367936496830104,-0.161908511785322,3.3147575171077674,0.882983682983683,0.7994463869463869,0.0097493036211699,0.0,0.0555988550049537,660.3857298072169,0.0,2.032382670090865,0.1877713209353672,0.191127501847994,0.1868841367995993,0.2040964524796348,0.5423090316381557,0.259885169150412,0.4859781949086821,0.17348699981562,46906
7968.0,14.0,2.0,0.3328813057783355,0.5849391480889601,0.2318182205690762,0.6391275409203655,5.171959721146398,0.9999999998660056,0.7142857142857143,0.2808639065334456,0.5588116455477627,0.8345840435395759,2.721965029081693,5.131958065479878,0.2563625315564999,6.846732727572818,1.447390577255266,0.2009036301523946,1.833936736240589,0.1167695476686791,2.41977672399243,0.9919678714859438,0.8457580321285141,0.0062392426850258,0.0,0.15985744439429,4.149908021881125,0.0,1.3682007954539668,0.064430099788419,0.0646520620404191,-0.0225306904630723,0.0918875526579384,0.7714136440807134,0.8487477672590629,0.4945530967907043,0.7119619563483586,976
84.0,9.0,6.0,0.0713180196937007,1.1926495002949276,0.1252650654757065,0.9924568022044724,1.5454545454545454,0.5175210349333809,1.0,0.2101394500683724,0.5119075839087233,0.9581932260533744,1.786660892006533,4.168912285771635,0.2194571742196149,5.310232822877513,2.763172175098956,0.1641610919288017,3.392223963641651,-0.0189301627091621,4.766190842086302,0.3926470588235294,0.3338235294117647,0.0066137566137566,0.0,0.0908739226630096,1.404120578437979,0.0,0.5813256309525108,0.0551406447834395,-0.0373694662529208,0.0277154597455948,0.0659865791286209,0.4472159489044255,0.2567643775385922,0.3039933406997728,0.2671278484113616,1465
3763.0,20.0,3.0,0.1960422794096503,1.2064431669440414,0.167978148138531,0.7568513800814474,12.794871794871796,0.9999999999988723,0.45,0.257311677928762,0.6365874216665,0.684091072119132,2.161519486077604,6.083702403807985,0.2580771632225629,8.024788560029137,1.2920199204214222,0.180992087056572,1.581296555272511,0.0169632998130064,4.369839603923633,0.884666755625028,0.6683532748326207,0.0209806005846399,0.0789473684210526,0.2996797802501984,0.4652106776636825,0.0,0.7612725351536247,0.0262982802747298,0.2606755583276636,-0.2450078819700804,-0.0051519139388808,1.4838990097630491,1.5768176079558534,1.486151252493641,1.4025472836143122,41000
676.0,18.0,4.0,1.0880864485930808,5.631487126873716,0.4061152993244931,0.9995464483952676,1.0943396226415094,0.9999999999998646,0.3888888888888889,0.5224337573544181,0.7983733243104617,0.5467881900657449,2.2786169952270128,5.493178299611066,0.4413703130852408,8.574209624142734,1.70396663237761,0.3436885852323357,2.085365962716136,-0.01578986419192,8.707605013871214,0.6819526627218935,0.400887573964497,0.0016436554898093,0.196078431372549,0.3403679912867395,38.27463412279331,0.0,0.2420069557397273,0.1305832103778045,0.1502692169229205,0.1298783444250357,-0.0404011444185817,1.7988960477755878,1.5624221088573107,1.5051953100504905,2.0072757929822087,44556
4000.0,7.0,10.0,0.9453082924182356,1.7516795405540773,0.1003312280689433,0.9999999999956573,1.0,0.9991491934875985,1.0,0.2400725570889325,0.5630566577662494,0.9718010051678686,2.215022157321891,3.630647582421171,0.3324587870716466,5.272540022510159,1.031908141150557,0.3515656691440563,1.45152987966389,-0.0039020584486416,3.718545034043005,0.6045,0.15975,0.0078214285714285,0.0,0.0965474479421516,30742.684766468472,0.0,0.7408494123600246,0.1117026246233374,0.0798628031832941,0.0911757978101051,0.0865587570904231,0.3905049985497625,0.2925035320949116,0.1671235004889389,0.364813158196319,46372
4000.0,15.0,2.0,0.2930311159117243,0.4536458725999611,0.0471094809040203,0.5881537361426581,6.067137809187279,0.9999998377856664,0.7333333333333333,0.1373030129118658,0.4051195694475504,0.8632355363521829,1.146607212366708,5.330144484424093,0.2368951607224506,6.989918054301157,2.375115352645657,0.2033357638673505,3.0141282606391187,0.0549811890866839,6.506912259243942,0.847,0.85775,0.00545,0.0380952380952381,0.1897730296478814,19.057180841208403,0.0,0.4178102642302621,-0.0140884077893282,0.0089700465636542,0.0045292445954942,-0.0018361844557209,0.5914501334104424,0.580661966938911,0.5622225515084477,0.5651102145007574,46915
171.0,9.0,6.0,2.0447768354874825,8.755701181542126,0.2395486765890615,0.8398784103810479,8.714285714285714,0.9994515762389852,0.6666666666666666,0.2795596637980175,0.6774433691570425,0.8138803417522333,2.57009952364156,3.6427888869453455,0.6036814919706642,6.2452372908442895,1.4798508951249514,0.976036469678872,2.95949225694547,-0.0506815207497673,3.528452512255285,0.6894117647058824,0.4680672268907562,0.0110461338531513,0.0277777777777777,0.182695175272406,0.4588265979720483,0.0,0.7617727453570333,0.2008806845640419,0.3178361459068916,0.1299207513284986,0.1316428742997193,1.0234700689724705,0.7762568951537485,0.9289154422251492,0.3810466773824086,952
35060.0,10.0,2.0,0.439751915284423,2.607022414337222,0.7242269944469389,0.890668676188654,2.2484017418697304,0.9999999999999996,0.2,0.8133647248583225,0.9999585598687052,0.2186527136812353,0.9387701807851544,3.843403599818328,0.5926799628239874,6.879703988571976,0.0504841253682573,2.483434224744703,0.1264939859075415,0.0558581812718263,6.21189268456381,0.6630918425556189,0.692156303479749,0.0012350256702795,0.6444444444444445,0.3691387021692302,1099.322764964741,0.0,0.4637783226068918,-0.4483991523583743,0.0958034719372029,0.210537041390112,-0.1698464079579475,1.870807199599621,0.3187525386751807,0.6758966322305763,1.2570886266884214,41862
192.0,124.0,2.0,0.934055592121786,1.2636775428707812,0.7915592796682911,0.9846039962057948,1.3414634146341464,1.0,0.0564516129032258,0.8651826783816677,0.9094235301246476,0.1537843115816726,5.062565358049974,13.26476957021724,0.6456297375636897,25.14343611911884,4.2971589124921055,0.5332534990322897,6.741739221404583,0.0664887711949954,3.6402679801757287,0.8385416666666666,0.8802083333333333,0.0063004032258064,0.7714398111723053,0.3488723676140452,1.537817871809999,0.0,6.95585010973457,0.0423319481058431,0.1197626728047782,-0.1393974222828105,0.2222039377069925,34.54719079030013,2.808714179347977,16.282734138767175,6.362780168548404,851
800.0,33.0,2.0,2.29650322746855,11.06324210357836,0.0778734259593886,0.8812908992278072,2.333333333333333,0.9999999921615272,0.8181818181818182,0.1026507152482936,0.2318690294787489,0.94023982011324,1.3362583911783492,7.926443843942643,0.2275812483768396,10.24712861540056,4.534808973963084,0.2214329179792299,5.88684159760311,0.0143470065789075,8.25944444400416,0.685,0.7,0.0001515151515151,0.0,0.0880289182851028,472.7882625307266,0.0,2.0842779285841946,0.142739783705371,-0.0073194534826953,0.1706552093100644,-0.1018491029600407,1.2655528613108604,0.65736837578587,0.6943543318359344,0.9091030823344454,46562
130.0,3.0,2.0,1.5857062385957477,4.628521601425216,0.7093548684289877,0.8616636287077379,2.5135135135135136,0.9959005006579104,0.6666666666666666,0.8095496823688813,1.0,0.5123511373940324,1.4822773893647785,1.977101982801956,0.7394895677243761,3.789899523674672,0.3477168677049098,1.4023462015126258,0.7659017126217481,0.1599470654692278,1.9095462392580829,0.7230769230769231,0.676923076923077,0.0051282051282051,0.3333333333333333,0.1463959725648841,93.56964701621392,0.0,1.011917883468814,0.0484373398064498,0.1778309969011837,0.1439882390166564,0.0623628128652772,0.1242997764213351,0.5771326749421424,0.1596136617183663,0.0306857262047839,748
6086.0,17.0,2.0,3.4075232527858232,29.656329167934445,0.1213589508362707,0.9999999999971146,1.0,0.9999999999672108,0.7647058823529411,0.187261065503354,0.4238375621530871,0.8817937909033632,0.268037741545438,5.207456148714214,0.5054041705857827,7.87456420085128,1.816331571297937,0.5447023752824987,2.834826690709459,0.0007458408110665,26.823134781776943,0.5364771606966809,0.5566874794610581,0.0085538651872184,0.0147058823529411,0.1650961370216209,795.3454044418803,0.0,1.1595939650057456,0.0747820199796994,0.1307697103296765,0.1557195354614526,0.1855126975451279,1.0598371599170944,1.055973023023003,0.8899504938882313,1.0221049629630494,43976
306.0,1.0,2.0,0.7041160310937734,0.2435233083927506,0.0,0.8568718104028201,2.558139534883721,0.8904604875049612,1.0,1.0,1.0,0.0,0.4967388251593369,1.1207706267191369,0.7729270689534297,2.402359206230817,0.0294406765469462,1.6361647895124944,0.0667322001730782,0.1417002803566654,3.443780091402888,0.5588235294117647,0.7026143790849673,0.0,0.0,0.0,0.0,0.0,0.3672801322350023,0.0856214433430846,0.0,0.0,0.0,0.1286897553173649,0.0,0.0,0.0,46605
16227.0,16.0,6.0,26.08404800961817,3057.6161819501804,0.1505647680359186,0.9380600682926138,3.941626794258373,1.0,0.625,0.2147380030112109,0.5491450366368016,0.8085423156299386,1.2801917704059678,4.64946198941435,0.491215115770494,7.917332804124308,1.1924927761946291,1.5157592884004325,1.7058850249756592,-0.0537533758743829,6.96649089290318,0.3721571743627573,0.3159545896003805,0.1288130892956184,0.025,0.2244952242737739,116.55928988106562,0.0,2.264392273996128,0.0223825123095735,-0.1502352549662194,0.2102754876072436,0.1236345638017515,1.2278167716986257,1.4009650429246585,0.9000748454183791,0.7235636904344633,46808
248.0,6.0,3.0,1.1595250548195697,6.919060591572644,0.3970857373511073,0.9412590806384294,2.5,0.9999465448091732,0.8333333333333334,0.5333753898282398,0.8656045412906692,0.7140253005306635,2.7100170604811487,3.0987174260160635,0.5047700640430685,4.929556598610468,1.0923599258070484,0.6548979071908965,1.564665517426226,0.0924377445398466,2.0178184170501985,0.7984621412479185,0.7740718973454795,0.0080645161290322,0.0666666666666666,0.2568162298684547,9.772720663919456,0.0,0.5161036737758692,-0.028623889350299,0.129863489362379,0.024014301340689,0.059665309954134,0.4531546783078102,0.4655558754461914,0.3550766209454688,0.5043532622262142,1523
11128.0,128.0,6.0,11.571604046826348,822.6636309402086,0.4946771984745099,0.9848104163012126,1.8332063975628328,1.0,0.09375,0.5389750304077808,0.7509506208368986,0.3756991238408618,8.389171494994864,12.73491037296791,0.754087045005745,22.689715788633688,1.157852879836381,3.566377730459559,1.9613278567063368,-0.0797681752834862,2.7477802822082213,0.9931702756998496,0.3878509948817347,0.0156341267523364,0.1520669291338582,0.2701794436109119,10556.407511278718,0.0,1.6791464754825642,-0.024811829022183,0.0811169299392541,-0.0996982378875492,0.3380117837438885,47.193082471784045,7.601477831336025,13.461659395099664,9.49483401312628,1476
,,,,,,,,,,,,,,,,,,,,,,,,,,,,,,,,,,,,,,44076
35060.0,10.0,2.0,0.9023208724905823,5.654117481531098,0.6690244342581934,0.9989428615899936,1.0796013998457796,0.9999999999999988,0.2,0.8012906183209566,0.9999303267419528,0.2255802187245048,0.1018497395266587,3.7790948085779896,0.6170892828990796,7.2014536313162685,0.0905155645906056,2.0880915665323823,0.1481477095427042,0.0,53.85523279980449,0.519566457501426,0.5191386195094124,0.0072532800912721,0.6444444444444445,0.4435712751656368,1888.6769599525437,0.0,0.1891983530645193,0.095942834109186,0.132902060920674,0.0753872772233703,-0.0852952155069999,1.2542800842597814,0.6014354999100182,0.8029203855389853,1.565961710138494,41712
,,,,,,,,,,,,,,,,,,,,,,,,,,,,,,,,,,,,,,1477
8793.0,16.0,2.0,0.5045559718045627,1.0267323038863505,0.2704749359433945,0.4817350792161521,8.60983606557377,0.9999999906722532,0.625,0.2946407549892061,0.6563803876782213,0.7493565375055548,3.536038438276932,5.398616105283032,0.2750734644434857,7.302994710716582,0.9686907886968704,0.3643872152349296,1.4293307804801851,0.0,1.7419724510318453,0.9977254892749896,0.8959399638226329,0.0089346639372227,0.0083333333333333,0.2032112585787049,6.583215371823389,0.0,0.6629709633843626,-0.027272414557097,0.1600873252919022,0.0159237099120915,-0.032870970510451,1.275435772951837,1.3966617713421148,1.1558638248023956,0.6083212447641578,1019
80.0,1.0,7.0,0.268460942583112,0.5208397647311762,0.0,0.8451251421074032,11.0,1.0,1.0,1.0,1.0,0.0,2.6029797216447843,1.1058012748190955,0.8101227738077602,1.946160973783538,0.0243270121722942,6.244995431295053,0.0,-0.1157894736842105,55.83102453540198,0.2625,0.5,0.0,0.0,0.0,0.0,0.0,0.754248970041915,0.0096311422693785,0.0,0.0,0.0,0.1186081164424684,0.0,0.0,0.0,62
24000.0,12.0,6.0,0.5905948629681599,0.7840988919035965,0.3316239503144096,0.9999999999966512,1.0,1.0,0.5,0.3828244879904402,0.7733020536162989,0.6696677058000781,4.398361882864836,4.5957299547074575,0.366726614342092,6.602833871844338,0.0246596374490907,0.3082243005251736,0.0338074568421616,0.3466827052000038,1.5946807083043133,1.0,0.3333333333333333,0.0145347222222222,0.0606060606060606,0.260612577010186,70.98648423445162,0.0,0.2811790587813666,0.1832706414257443,-0.1809968591128312,0.0876407252237338,-0.0077282337763736,1.4439757242431015,1.0966864737634474,0.7649758735688821,0.7959306283214946,46745
36168.0,7.0,2.0,9.275439755909009,701.0193318905624,0.0567343532005612,0.5206226414981965,7.548333727251241,0.9999999999997206,1.0,0.2134644263016966,0.5352281711014611,0.9807860427576176,1.224295680071258,3.241517572009963,0.6171541880712934,5.092504421003675,0.4312432359096449,1.4565189674322794,0.8176047745716513,0.1824335912686905,3.61062188763496,0.8558394160583942,0.8830181375801813,0.0028833696716908,0.0,0.0953215954350162,1054.953191868981,0.0,1.684881094305124,0.1711964295848974,-0.1341056838580504,0.1146163340798176,0.138639145447208,0.7219420853176597,0.4923748683164069,0.5551526746483344,0.3534072849815328,1461
30779.0,7.0,2.0,13.235167277258318,1103.2473713851846,0.2131359640580862,0.999999999235675,1.0000649814802782,0.9999999999998744,0.8571428571428571,0.3451986301478489,0.6905417198945734,0.8868012567189341,1.1969128873993615,3.2181485610457696,0.583618228853376,4.54418731721822,0.290812943282808,2.729859958275268,0.4661828229622167,0.0529576387636785,3.7579664330653193,0.7734168976591509,0.7338770877200582,0.0612848277814651,0.0,0.1774547367897573,0.11181208168343,0.0,0.8419760428670644,-0.1054378128911777,0.0191518842581952,0.0760992472273731,-0.0548392003413743,0.3390251389489383,0.2382412053319323,0.6983249721649032,0.4122944594798477,44156
9864.0,10.0,2.0,4.636467913906244,44.442813783116925,0.2346675705625945,0.6214878734167988,5.463958060288335,0.9999999999568696,0.8,0.3413682223148917,0.6165080390856618,0.8344872260767924,1.6616771638841112,3.688876134794123,0.6474650598895801,6.523331609935059,0.5456098642180645,1.4489692590544685,1.2366202992327764,0.1408686590280964,2.9343559312077003,0.8552311435523114,0.8827047850770479,0.0042376317923763,0.0444444444444444,0.2032592522434581,563.1746495354278,0.0,2.2894462939548266,0.1583457980094296,0.2931206237040258,0.1969386883152679,0.1895592543218309,0.5440801479893773,0.9711534166415356,0.9134671727084012,0.8742024210632903,45560
1600.0,100.0,10.0,0.3493443180201123,0.4810620618380987,0.2454405086449544,0.9999999999956573,1.0,1.0,0.26,0.2305532369864002,0.4907652397356524,0.6081088007380613,10.435055447233394,13.823132007546825,0.2112242613500883,17.37378133158348,5.567154644782686,0.2129197523535288,7.147359896758259,0.162065930515848,1.9024575785657525,0.951875,0.183125,0.01036875,0.0139393939393939,0.1924351060664092,44.51843403523788,0.0,0.3114261517978219,-0.0419667259345529,-0.1528228904463465,0.0086868436276181,-0.0059316357077215,11.443148453584229,9.83146970637188,8.082424399756254,7.372472690761594,44625
400.0,7.0,10.0,0.819499324937407,1.3606605153213909,0.1635853782281568,0.9967132796697352,1.5862068965517242,0.9641892707692712,1.0,0.2826462095868705,0.6135002479844467,0.94077476741786,3.2072383874504613,3.583686181572137,0.304690807134964,4.795157130496891,0.7038229555676652,1.414088766199404,2.100063068466051,0.2185078583104192,1.5917420629527936,0.645,0.1974999999999999,0.0,0.0,0.1145613698967406,0.0339426503227069,0.0,0.7480018756944837,0.1174597621004754,0.2229411840101168,0.0813654126522406,0.0924612625129071,0.4355769566369575,0.2546327198481202,0.2204316848281256,0.1978704095486074,40496
2012.0,22.0,3.0,0.6027347876241664,1.7655046755538637,0.3934593116717093,0.996037247760313,1.2199036918138042,0.999999999999979,0.3181818181818182,0.5590218549229208,0.7874751864737993,0.4935916222082715,0.7409508675421982,6.113854048421722,0.3999024977359529,9.56285952106626,1.700562261894658,0.2778580295563516,2.273783114379959,-0.0192867494947209,18.907221429758067,0.3424420372059227,0.3836866338946104,0.0035017169709018,0.316017316017316,0.4105962256914305,17584216.863491792,0.0,1.1423106110542265,0.0653005048838893,0.0344528522531581,0.1015992045277179,0.0199965207506058,1.6589621712010254,1.474894919968901,2.5228852492640814,1.693991469362594,46435
7968.0,14.0,9.0,0.3333419919885254,0.5993339608133105,0.2324348797500975,0.9880576436645908,2.0656,0.999999999816286,0.7142857142857143,0.2822646386653897,0.5583755694389586,0.8342765165358638,3.06242781023302,5.192584843728373,0.2532004321495806,6.899055337716081,1.4470854823154646,0.2020438223112878,1.8308620439993064,0.0871179355226565,2.88113439351913,0.9889554441837368,0.2609190459200029,0.0062930292598967,0.0,0.1602694422775967,4.120220205130719,0.0,1.3657209720472798,-0.0155942918348407,0.0654910241933817,-0.0316326190847173,0.081419120430289,0.9813751032363002,0.8839762514940894,0.4688544315427365,0.5400529254450628,375
35060.0,10.0,2.0,1.1972451199052276,1.2712731641241266,0.6684774486757765,0.999062202676169,1.0748017516865902,0.9999999999999998,0.2,0.8012265986309932,0.9999618943539849,0.22174048904542729,0.12727996413921613,3.634196244227924,0.6832150502218286,7.5321471111226375,0.08863795841156802,1.2653197645605392,0.14416815851537604,-0.00018607755300035025,42.350385059100155,0.516371933827724,0.5180262407301769,0.008374215630347974,0.6444444444444445,0.44531246454596746,1122.0358806872728,0.0,0.16883839023393332,0.18071205859244877,-0.11252222074990033,0.20058172843188285,-0.28727046698073,1.4605219463964019,0.47830348352350016,0.5290194346707887,1.7232531555527517,41825
1688.0,8.0,7.0,0.5757330812834172,0.9357440977491591,0.12268141193950084,0.9982898673563605,1.2889908256880733,0.9975636458234782,0.875,0.2257722430788533,0.5369929749981148,0.9562327822922303,1.7830231773522507,3.8740777432180837,0.2708410127348095,5.219017532201724,1.0895358774067616,0.46204191544196455,1.695510956146191,0.036934040638040615,6.6710879420557765,0.8323512369848822,0.29087668779519954,0.004665284360189573,0.0,0.10506860605628304,8.37033782883114,0.0,0.3971800468755632,0.020968176188235505,0.06742257510575822,0.02218140848788546,0.11822153659326834,0.2513811446543852,0.31347183228932757,0.30081042240564393,0.2207384343347286,46840
1469.0,10.0,2.0,1.0465579611079174,10.729159580950332,0.7645506705814229,0.9993818414209078,1.0603085553997196,0.9999999999867861,0.2,0.828590217393379,0.9992431445847124,0.2028583427503632,0.24362023430867238,3.767336314530091,0.6590545364752864,7.049924067705461,0.3016739111090741,1.8440876770600139,0.47158685037762327,-0.00023508136876859402,21.569169392010412,0.5268948451315131,0.534377838328792,0.010483321987746767,0.6444444444444445,0.315230935404253,9931.677081276086,0.0,0.12813895995625213,-0.0931098097955848,-0.07499770908388617,-0.018793809218672054,0.08062722876527825,0.8389050148249574,0.6576669073474601,2.364691282723979,0.6630778460432674,41731
1600.0,100.0,2.0,,,,0.379764600333125,12.559322033898304,1.0,0.56,0.04329792292712758,0.10877924533467219,0.881132877868423,1.0945303773487112,7.849280850828362,1.1183283711233167,17.37777356712492,2.5292098072700124,2.414830104186015,6.518552895494422,-0.15708915025828368,10.353838593241235,0.868125,0.92625,0.35034375,0.00101010101010101,0.03685921567246616,1297226.2418801766,0.35,13.95321468595354,0.06063728383070359,0.05369485761954786,0.04764363902141688,0.08284623222181393,2.657894720247965,2.134956783210868,1.8241203736371063,1.6569527609231816,44791
1600.0,100.0,10.0,0.3284652834891834,0.5475328738408646,0.2521687597898994,0.9999999999956571,1.0,1.0,0.25,0.24690748341780924,0.504802354785512,0.6039547194772994,10.42860361662896,13.833857050183285,0.2144717722589657,17.493785731385074,5.628016090708857,0.21719584217348611,7.247324426696692,0.15548509446377662,2.008391584544748,0.9493750000000001,0.193125,0.011625,0.019595959595959597,0.1966709545383776,46.24394954170266,0.0,0.3025434909961879,-0.11237762583502339,-0.10498555166830335,0.029224445861980152,0.027145663240351635,15.706199230986012,10.474267513219687,7.300440783365535,3.7310105329733276,44626
400.0,2.0,2.0,0.059683966158174145,1.2003337205258382,0.01195629954518266,0.543564443196711,7.0,0.7510451613795042,1.0,0.5059781497725914,1.0,0.99989687867963,0.18821774794210522,1.8099887426333934,0.4733278298019193,2.9575054045178324,0.2145321347484236,0.43863410155946764,0.3496088912374237,-0.0013850032901834316,14.13971132601974,0.775,0.875,0.00875,0.0,0.0,15.509058668516952,0.0,0.45366148242257265,0.01287678604809994,0.001997723825987832,-0.007924500483278737,0.002246117263609042,0.11161636799494738,0.08985561216850266,0.029407315939239353,0.029787458852389315,47052
35060.0,10.0,2.0,1.0239063027365387,2.2613236026250343,0.6616254833602939,0.9995139820821002,1.053294289897511,0.9999999999973588,0.2,0.8007209783711291,0.9999719220984931,0.2236924828896999,0.1687053120430088,3.724460987661976,0.6437996894411968,7.398723158984383,0.09039671931932416,1.2563995576476445,0.1558691472877493,0.00015116116861889982,33.077150692699334,0.5124928693667998,0.5129777524244152,0.004047347404449515,0.6444444444444445,0.45426718348596073,1315.2356668097268,0.0,0.22613930123277215,0.07150687450339989,0.12698324402235558,-0.1974871281025286,0.025213461311865373,1.3747740051339148,0.47651322148312036,1.6645650290215028,0.7102280955012681,41709
1600.0,6.0,3.0,0.2631970884564529,1.283974788120606,0.02552142441795226,0.8514330331965541,5.309677419354839,0.7730935053047365,1.0,0.18357262110055936,0.5295728128066433,0.9986451311012677,1.14280476170535,3.3513412380011296,0.25558927086468564,4.41807876064846,0.9443855844626153,0.17705185731306236,1.1715533941126453,0.011343860448908134,4.234556583020084,0.7225032967702192,0.5881098439333573,0.011979166666666667,0.0,0.01773724856830038,0.28244891407032807,0.0,0.6711840804919973,0.011518400936029474,-0.0017738803981959884,0.019858893352296732,-0.0327095865622566,0.15953332586083366,0.14134467841064768,0.15124262851631787,0.15987328775390955,44719
104.0,8.0,2.0,1.4626846036250396,3.468446308095947,0.5182762975712197,0.4248088738649294,10.555555555555555,0.9999999751603921,0.5,0.6382111379525635,0.947525371041398,0.5070657509983024,2.106964741947291,3.4853789589162036,0.5743614899975138,6.066545311937009,1.2104223302211619,0.7591165597139737,2.250088713088265,0.20230654990357605,2.4056904015534,0.8942307692307692,0.9038461538461539,0.002403846153846154,0.25,0.33977499152453144,386.82615240662074,0.0,0.8159276396556165,0.04497650064005665,0.05524223184190545,0.08537502491839691,0.10701531527536255,1.0921142958196528,0.28131306145292506,0.4402310565663284,0.9960631636828492,1075
4000.0,9.0,4.0,1.1073777831943143,3.1685854559983615,0.49733953092024724,0.9232196723326224,4.0,0.9999980908751109,0.7777777777777778,0.5584053752747815,0.7726762891320881,0.6780314846642361,3.748541894214762,3.7859211328527564,0.4541544210691582,6.084460407684782,1.083387212637756,0.40319354735827484,1.6372902269972043,0.20306098193410496,2.1841637115328316,0.90825,0.6712500000000001,0.008333333333333333,0.027777777777777776,0.14222249602887696,44.93635043791974,0.0,0.5206031979203188,0.02500428079601568,0.22621880566340716,0.028982724811450592,-0.03428885812326367,0.5798685212029311,0.86967421852577,0.46836555571450816,0.42970536821449457,46880
1600.0,100.0,10.0,2.635963264676994,32.460287972170065,0.2083453495556892,0.9999999999956571,1.0,1.0,0.6,0.21250709059186787,0.43122709107975865,0.7212571608153128,8.658553243903329,13.380692573938243,0.31518516252245526,18.10475271247403,6.174861866201163,0.4753172252458744,9.511920792334314,0.025101876405987714,3.9001797745349167,0.72375,0.19875,0.00250625,0.005858585858585859,0.17818001189232813,26.555734413654754,0.0,2.646591396367601,0.14173514555422742,-0.1422015397336978,-0.17682686139115433,0.3999570011011315,9.6385693844958,7.962877047282152,6.936599593772547,5.342658162531286,44702
8174.0,7.0,10.0,0.6813859297860176,0.4710766102935149,0.25603883207842637,0.9888202797757548,2.3604166666666666,0.9999993784643224,0.8571428571428571,0.32855979441552946,0.7525374787308137,0.8595341442455402,1.4578837862277778,3.4972891774019903,0.36442402416428693,5.150932665174042,0.38095424707093195,0.6668748487409573,0.6991491802370484,-0.07054408002749536,7.303418520036507,0.8414452067869697,0.18106213902582363,0.006955853053234996,0.0,0.15725985625240518,3.8262391156531397,0.0,0.806227396867693,0.0032349205304480076,-0.08689588392089458,0.14522615185208745,0.061469766211856534,0.4771744603367421,0.33044432889379216,0.3734335537618013,0.32620219953967394,1459
480.0,60.0,6.0,0.17506877878307045,0.7054703376597953,0.4570227389213381,0.9999999999966513,1.0,1.0,0.48333333333333334,0.5250209153236974,0.6937480064622936,0.5339133003629621,11.708482298677438,10.378473052087458,0.34117526380003027,15.04800278512172,4.845776683382657,0.10014818895404021,5.473458161457533,0.14155895163732607,2.0796735492749945,0.9791666666666666,0.32291666666666663,0.006145833333333333,0.15593220338983052,0.27154324911354333,3.7648229748846282,0.0,0.3247334180458776,0.02106301943171459,0.38145879080890216,0.3511797181213738,0.016510942598329744,19.135808489009417,3.2645388925212626,2.6478550778972814,4.333576840159851,377
1600.0,16.0,7.0,3.832130279775915,43.35101258372845,0.3133886037820588,0.9999987952952157,1.0043859649122806,0.9617020045237813,0.5,0.4604229341157666,0.7449393221791427,0.6251827368599189,4.348498925273334,4.939127223363059,0.6318055725020084,8.295841778428315,0.6454031082619784,1.8646247401659288,1.0557822948539437,0.19646762504232954,2.9267014770212794,0.9037499999999999,0.285,0.0060546875,0.15833333333333333,0.3461901237658482,18.353443979864245,0.0,2.1947444658764184,0.2887022652052103,0.18978218035939373,0.27337712572148437,0.19517597575112436,3.2929114944357885,2.250062210617045,0.9719088633729336,0.3627497144257141,44636
5455.0,94.0,2.0,19.56220155368107,1067.6831206585143,0.08049492684178382,0.20562152420159274,29.994318181818183,1.0,0.5638297872340425,0.13280736530635393,0.2528506927703391,0.8268295400804053,4.265076734012698,10.119440765744397,0.8580040273112821,14.353635326052935,4.650099128603369,1.2761246292337467,6.113053058314435,0.3263363387524984,2.8710336667361105,0.9545372548007489,0.9677360209139194,0.06308286366207072,0.00983756577442233,0.14931050644375662,822510743.4936224,0.0,6.63485408905015,-0.10729041031341693,0.16827408826770082,0.032122042123981086,-0.027876511060700684,8.005025873944795,4.711403540621127,2.94000352314824,2.5120653777793334,46962
248.0,8.0,9.0,0.2706492599605751,0.9171433460202617,0.7102259787287476,0.9853182809319945,2.2,0.9999999950521947,0.375,0.8094243343322923,0.9925035876585971,0.3068555480321213,6.0545074653991655,3.519944590459635,0.5446018341761067,5.880173501017445,0.4707089933058879,0.38774567807294386,0.7049768054574934,0.18273883264903729,2.101260564356287,1.0,0.26212244897959186,0.0015120967741935483,0.6071428571428571,0.35069937578946064,51.697366578981665,0.0,0.2565075641664182,-0.10620247868764983,0.1060008336662673,0.1912090943291068,0.07525844284585063,0.5267645851836348,0.6877192550620478,0.9622551393887824,0.5933285623508442,694
144.0,66.0,6.0,0.7301314833460577,2.3045785356336226,0.5948546970493955,0.9999999999966513,1.0,1.0,0.18181818181818182,0.6953088151450131,0.8053404377741732,0.3406889772200714,13.414330524061882,10.333021101242933,0.4949064074652904,16.710577530504423,3.8664048314215984,0.6076850502211957,6.478550180107564,0.1344622535301846,1.9432504161979913,0.9233990147783251,0.3054187192118227,0.004629629629629629,0.5258741258741259,0.36222198525606975,0.16021265669583482,0.0,0.9329518496886242,0.25907476739645546,0.30195525907005866,-0.01349219543237578,-0.5084553174877076,16.30272230919139,5.8111231306139945,2.3457188256801706,5.90811115853816,4153
151.0,2.0,2.0,1.0852657014000728,1.752639844529959,0.1564285421265893,0.9984492478663153,1.0972222222222223,0.8217769656770514,1.0,0.5782142710632946,1.0,0.9822760048720862,0.6913525996426138,1.72006030079638,0.6008332984638535,3.111569415019303,0.42219330487423357,0.8244780453639585,0.7178185850445006,0.026229529451251583,3.5627550344547947,0.5623684210526316,0.5894736842105264,0.0033112582781456954,0.0,1.962615573354719e-17,12.169147537628985,0.0,0.2295527276944513,0.03782967210818031,0.06850050094187579,-0.04504681584277274,0.014777901890096258,0.10756583344739147,0.12895208636997932,0.07634265331521421,0.10385173436321879,941
1600.0,64.0,10.0,0.12722975951381132,0.1921455109427378,0.10760403007345795,0.9999999999956571,1.0,1.0,0.78125,0.09249993672223082,0.2286917186080082,0.9005177474654232,5.797586631703719,11.252384294732822,0.12187721815101342,12.933986020666875,6.901906925894982,0.13472432625114533,8.074896160096925,0.0690908878341561,3.0983324055458867,0.9481250000000001,0.18749999999999997,0.007626953125,0.0,0.08381616951903742,1.3618859669246455,0.0,13.31457154811546,0.05788080113625888,0.14660763210880268,-0.17518074356138555,0.10291247095493557,2.8129914778007956,2.4069325667804096,1.4883600901458869,1.4946763708684407,16
24000.0,12.0,6.0,0.5905948629681599,0.7840988919035965,0.3316239503144096,0.9999999999966513,1.0,1.0,0.5,0.3828244879904402,0.7733020536162989,0.6696677058000781,4.398361882864836,4.5957299547074575,0.366726614342092,6.602833871844338,0.024659637449090777,0.3082243005251736,0.033807456842161646,0.3466827052000038,1.5946807083043133,1.0,0.3333333333333333,0.014534722222222221,0.06060606060606061,0.260612577010186,70.98648423445162,0.0,0.2811790587813666,0.18327064142574434,-0.18099685911283125,0.08764072522373384,-0.007728233776373635,1.4439757242431017,1.0966864737634474,0.7649758735688821,0.7959306283214946,46871
