n_instances,n_features,n_classes,skewness_mean,kurtosis_mean,mean_abs_pearson,class_entropy,imbalance_ratio,hopkins,intrinsic_dim_ratio,pca_var_pc1,pca_top3_var,pca_entropy,inter_intra_ratio,pairwise_dist_mean,pairwise_dist_cv,pairwise_dist_p90,knn5_dist_mean,knn5_dist_cv,knn5_dist_p90,silhouette_true,davies_bouldin_true,knn1_accuracy,decision_stump_accuracy,feature_sparsity,high_corr_frac,corr_dispersion,feature_std_dispersion,zero_variance_frac,cv_mean,ae_mean_0,ae_mean_1,ae_mean_2,ae_mean_3,ae_var_0,ae_var_1,ae_var_2,ae_var_3,dataset_id
16227.0,16.0,6.0,26.084048009618172,3057.6161819501804,0.15056476803591867,0.9380600682926138,3.941626794258373,1.0,0.625,0.21473800301121093,0.5491450366368016,0.8085423156299386,1.2801917704059678,4.64946198941435,0.49121511577049404,7.9173328041243085,1.1924927761946291,1.5157592884004325,1.7058850249756592,-0.05375337587438298,6.96649089290318,0.3721571743627573,0.31595458960038053,0.1288130892956184,0.025,0.22449522427377397,116.55928988106562,0.0,2.264392273996128,-0.2980915904045105,-0.5258933305740356,0.3917897641658783,-1.1671288013458252,7.270182132720947,2.5605812072753906,4.288782119750977,3.0488953590393066,46652
80.0,50.0,2.0,0.12962618076816748,1.1562029566524337,0.08907347983966832,0.9886994082856122,1.2857142857142858,0.7998028509968331,0.74,0.06565691952140085,0.16715867612189134,0.917588882194288,1.50936059549849,10.029070067551102,0.08243902622716018,11.053922528580754,8.76360555249425,0.03875031821502207,9.189866242592077,-0.001077471722126602,9.300182229442914,0.575,0.75,0.00425,0.0008163265306122449,0.07173164070090944,0.02301405454387945,0.0,40.121957126273436,0.18488959968090057,0.28050920367240906,-0.07880175113677979,-0.33190906047821045,2.601398229598999,2.4770307540893555,2.4889259338378906,1.9651588201522827,876
380.0,1.0,2.0,0.014275691390217365,1.2319683385882791,0.0,0.554544255657446,6.755102040816326,1.0,1.0,1.0,1.0,0.0,0.1943743077604229,1.1559345675458192,0.7076357534466987,2.3610972291802153,0.0,0.0,0.0,0.020154999862314667,8.857871520571837,0.8236842105263158,0.8710526315789474,0.039473684210526314,0.0,0.0,0.0,0.0,0.5520442208424801,0.17308935523033142,-0.40437859296798706,0.1683199256658554,-0.45770660042762756,0.39942145347595215,0.9022868275642395,0.039112918078899384,0.411014199256897,767
28240.0,3.0,10.0,0.5718584998478299,1.2327154501732405,0.6225756120196855,0.9854682922449661,2.486440677966102,0.9999997139714302,0.6666666666666666,0.7581754472933466,0.9999999999999999,0.5744827093166517,3.135658523977373,2.114704124823215,0.5553573084514517,3.6831102461939578,0.0027487824287153136,2.881804640682594,0.00847907586100329,0.1599372491370663,4.458807907568797,0.9999645892351274,0.27128186968838525,0.0031633616619452312,0.3333333333333333,0.21620870329819786,8650.240127080797,0.0,0.5282329762894046,-0.6196292042732239,-0.484322190284729,-0.06285566091537476,0.04854708909988403,0.8057084679603577,0.5284051299095154,0.8613543510437012,1.5694012641906738,45714
1600.0,7.0,2.0,4.007878685031456,50.172518975494185,0.0706408520165619,0.9999999999971146,1.0,0.99999987694983,1.0,0.22148156701954133,0.5469679283598093,0.976501040044403,1.0220523230850374,3.2814803191666564,0.5551153896593293,5.014205702106861,0.9073317692165219,0.8625586374805664,1.5067527744947686,0.05026174384690891,4.394102966313363,0.6875,0.6950000000000001,0.0019642857142857144,0.0,0.10004648986458378,931.3764870462065,0.0,1.426605769448376,-0.010415203869342804,-0.2561569809913635,0.5569241642951965,0.024587931111454964,2.1748130321502686,2.3711490631103516,1.1946932077407837,2.503678798675537,44406
1600.0,100.0,10.0,0.36049072770388113,0.5431836592706863,0.26184101606358123,0.9999999999956571,1.0,1.0,0.25,0.2565301170057606,0.4967851807388012,0.5958041670127106,10.588164549735792,13.811043251455157,0.2165466868579326,17.48033250701466,5.450097758399241,0.21764025644974633,6.998630411431426,0.15799723666754992,1.9204391135258156,0.9556250000000001,0.19375,0.00946875,0.01717171717171717,0.19554968663683894,44.736920000981804,0.0,0.3337511452805451,-0.5334659814834595,0.6581105589866638,-0.028621921315789223,-0.31416669487953186,14.485330581665039,9.253085136413574,9.098556518554688,12.655574798583984,44627
80.0,25.0,2.0,0.1367542060707918,1.0949661279363634,0.09740067528379331,0.9837082626203004,1.3529411764705883,0.6153884477802996,0.8,0.1152334216843462,0.2722232456005852,0.9351229318029318,2.054501676536854,7.060908109607398,0.12479777164453393,8.19384526398036,5.757558084678844,0.057783238652190344,6.070591806614817,0.028143379730983454,4.7410830332187945,0.5625,0.8,0.0045,0.0033333333333333335,0.08982987627319512,0.024817860761533705,0.0,33.58114691795839,0.2780734598636627,-0.0050924792885780334,0.17915311455726624,-0.08033981174230576,1.389549732208252,1.4375779628753662,1.1873412132263184,1.343718409538269,775
248.0,6.0,2.0,1.1946058739406935,7.266515397021276,0.4059958043711828,0.9071657675701967,2.1,0.9999855707029012,0.8333333333333334,0.5403339062651528,0.8632542835845288,0.7133601140455487,1.9396469949272996,3.085618685977801,0.5152366987370577,4.952550792675998,1.099734700172342,0.673057065993767,1.6394997277335956,0.07086270874958009,2.1265183310009967,0.8024193548387097,0.7620967741935484,0.008736559139784945,0.06666666666666667,0.250325251935513,9.694798917862531,0.0,0.5200675121444278,0.17399120330810547,-0.05396053194999695,0.022830691188573837,-0.27887290716171265,1.8698641061782837,0.6836978197097778,0.6593180298805237,1.0779637098312378,1524
400.0,50.0,2.0,0.07739140842814525,1.17803131877659,0.04312753158065158,0.9765004687549388,1.4390243902439024,0.7944304695641905,0.88,0.05407179180317842,0.12201508171265524,0.9742649638331582,1.556978355374208,9.975671111775016,0.08603544324433925,11.07251617925154,8.106030633358289,0.03843422855408023,8.498455019877923,0.009668091594132382,9.007230522649206,0.5975,0.77,0.0059,0.0008163265306122449,0.047506494148674326,0.009858658044480589,0.0,71.45486297064296,0.39468708634376526,-0.11883153766393661,0.14126639068126678,-0.24654202163219452,1.8027878999710083,1.937490701675415,1.5357662439346313,1.9571864604949951,920
171.0,9.0,6.0,2.0376424165731386,10.554151841820502,0.22580342293985822,0.8398784103810479,8.714285714285714,0.9994228855354628,0.6666666666666666,0.27286283281585444,0.6620688119400537,0.8247023929932273,2.5514845836484565,3.6902481868373536,0.5740747703479719,6.19507493725552,1.4662212599391526,0.9267723720538906,2.878898142889393,-0.0331253103369888,3.6433301638375135,0.6489075630252101,0.46789915966386547,0.008447043534762833,0.0,0.18324584161418006,0.46541975019646464,0.0,0.7637769016735935,-0.020694635808467865,-0.053021956235170364,-0.09288837760686874,-0.2765052914619446,0.9134237766265869,1.2324227094650269,1.0951422452926636,1.262183427810669,41
171.0,9.0,6.0,2.0376424165731386,10.554151841820502,0.22580342293985822,0.8398784103810479,8.714285714285714,0.9994228855354628,0.6666666666666666,0.27286283281585444,0.6620688119400537,0.8247023929932273,2.5514845836484565,3.6902481868373536,0.5740747703479719,6.19507493725552,1.4662212599391526,0.9267723720538906,2.878898142889393,-0.0331253103369888,3.6433301638375135,0.6489075630252101,0.46789915966386547,0.008447043534762833,0.0,0.18324584161418006,0.46541975019646464,0.0,0.7637769016735935,-0.020694635808467865,-0.053021956235170364,-0.09288837760686874,-0.2765052914619446,0.9134237766265869,1.2324227094650269,1.0951422452926636,1.262183427810669,46334
10790.0,16.0,2.0,7.649031105788639,474.81490036139263,0.15513625258310512,0.9999999999971146,1.0,1.0,0.6875,0.21199308856642182,0.4955955976185309,0.851754917377208,1.4273084901815185,4.917310363645865,0.4787275185755676,8.11930068514965,1.4176727860827998,0.8054923055916526,2.236592791192319,0.04895464194011808,4.59692644918187,0.8088044485634847,0.7172381835032438,0.009215708989805376,0.008333333333333333,0.17912276828409693,18809.74376761253,0.0,1.3962544683136193,-0.7096027731895447,1.1266117095947266,-0.191194087266922,0.35882461071014404,8.485673904418945,6.748848915100098,3.8650577068328857,3.4568216800689697,44123
16640.0,5.0,2.0,0.651219177270933,2.4988796593547504,0.19975001330139136,0.9063441898474922,2.107376283846872,0.9994116204825698,0.8,0.40748916715246863,0.8190249489324024,0.86739458496091,0.6602113150231553,2.920837560835482,0.3928241333653134,4.470432407068323,0.35721899373365884,0.6494507482326235,0.6016347403032375,0.03430427799639559,6.305370260032983,0.6153245192307693,0.6781850961538461,0.0,0.1,0.23930602307281115,1.7025975187860594,0.0,0.2957698474344452,-0.3326406478881836,-0.07351898401975632,0.10108906030654907,0.08323944360017776,0.8872160315513611,1.3243497610092163,1.1047555208206177,1.0725680589675903,43904
718.0,6.0,2.0,2.0729034293740747,5.266555935421535,0.07982134109973885,0.9949568168862897,1.182370820668693,0.9999973093794744,1.0,0.21783821125261832,0.5883406810627294,0.9867089246100095,1.4297952324415693,3.148801411808289,0.46041448867772,5.159829561071478,0.42338530097983335,1.1181552339699414,1.040318841654146,0.09822320595905651,2.9909447039223904,0.9122562674094707,0.9874651810584958,0.00766016713091922,0.0,0.05365551764660979,670.9863133979812,0.0,2.0921918288567407,-0.2174706906080246,-0.26361262798309326,0.5675528645515442,-0.615649402141571,1.6575795412063599,1.5758333206176758,1.063217043876648,2.0104615688323975,43941
1600.0,100.0,10.0,,,,0.8921097389747935,9.236842105263158,1.0,0.46,0.2219553109171164,0.4261590567736473,0.6996093177910032,5.7594758733464815,12.0863019335474,0.38638010184471205,18.148586993444287,6.069646279001143,0.39247738098782836,8.438395207736539,-0.06165382649168751,5.61750117059837,0.44562500000000005,0.36875,0.15553125,0.013333333333333334,0.19117022108492054,0.1387685128187223,0.15,1.5857542550849713,-0.21511384844779968,0.9125633835792542,-0.4905625283718109,-1.3302019834518433,15.212469100952148,22.099271774291992,13.600830078125,8.357569694519043,44733
575.0,9.0,6.0,9.27316979932862,147.024665669896,0.07290959559338678,0.9554220456828966,3.9714285714285715,0.9999998879101115,1.0,0.18659815677844244,0.45371363017080346,0.9759381643046819,1.511207600291057,3.0716096675809617,0.9545455313461015,4.903737149383771,1.1895061237076938,1.5580973978428903,1.7181203316738827,-0.07559194493040057,6.273463041025596,0.3930434782608696,0.30782608695652175,0.021835748792270532,0.0,0.0892854685555278,91778269575.0128,0.0,3.799377946906698,-0.07519480586051941,-0.003970137797296047,0.1118956208229065,0.03493264690041542,2.8533074855804443,2.0809686183929443,2.360835313796997,1.8119643926620483,46382
834.0,37.0,2.0,9.208580424212965,169.73481507099777,0.3859355373749665,0.5359423426204214,7.176470588235294,1.0,0.32432432432432434,0.4949224596383225,0.6871417350060962,0.5391494601197828,2.3787372243852345,6.268575315564769,0.9409836480812755,9.86842654956846,2.528676795101692,1.4021637398791094,3.8338450475717814,0.0767294799649592,3.8620673743218723,0.829736211031175,0.8776978417266187,0.01860133514809774,0.1966966966966967,0.3235398017785691,74471.44210648771,0.0,2.114039890981473,-0.7744021415710449,-0.0979737788438797,-0.6540268063545227,0.4687657654285431,2.7811014652252197,7.556446075439453,3.4187636375427246,6.971519947052002,1444
800.0,20.0,2.0,0.984713162705576,2.8737075181277154,0.07499298898821544,0.8812908992278072,2.3333333333333335,0.9999949872161514,0.9,0.11702821661323108,0.29010575392138616,0.9631815346156734,1.0984158493503828,6.197590494505913,0.2066285805355513,7.882060571403031,3.595786316914371,0.1993248487553095,4.560245142969579,0.015642180840432895,7.886883085967513,0.6387499999999999,0.7,0.0084375,0.0,0.0831563050186825,603.1048448787695,0.0,0.5682209587593168,-0.42618328332901,-0.5483208894729614,0.11052504181861877,-0.14628472924232483,2.8865294456481934,2.0619022846221924,1.5494309663772583,2.178093910217285,46540
1600.0,16.0,2.0,4.87717572322105,91.48251806230196,0.15699577527663286,0.9999999999971146,1.0,0.9999999824332634,0.75,0.20771769749929342,0.49107607207979437,0.856748872112232,1.366226857954297,4.818900457149044,0.5789370414834216,7.908074898192906,1.858661096946398,0.7850237150759221,2.949068354441952,0.048017923742404954,4.781915454090508,0.75125,0.71,0.010078125,0.008333333333333333,0.1715617781060859,23049.826762601915,0.0,1.4089939292680342,-0.29670029878616333,0.9022683501243591,0.18982172012329102,0.6672480702400208,4.26658821105957,4.830953121185303,3.716475486755371,3.891843557357788,44388
31958.0,5.0,2.0,29.293122635327073,4371.207239486946,0.10424628637338365,0.654051202878996,4.937941285767373,0.9999999999957064,1.0,0.33334137719914125,0.7327642788369142,0.951120088484885,0.37279236597132787,2.7417125333194035,1.1396973077542074,4.167946920167514,0.04384897639116217,21.67358009070877,0.09415900894517465,-0.030765900769598606,8.60552145921449,0.7452594029663934,0.8315914637962326,0.02028287126853996,0.0,0.16689081690844598,1.9931631884752228e+18,0.0,7.304273195672025,0.1176115944981575,-0.3848130702972412,-0.34819865226745605,0.11239226162433624,0.9038753509521484,1.033359169960022,1.4213358163833618,1.908936619758606,42733
212.0,10.0,8.0,3.086680154217789,25.611118198637122,0.28905233694088867,0.9886132716236985,1.7272727272727273,0.9999999956381871,0.7,0.36383814738745407,0.760350345860669,0.760033457513914,2.8968001169907898,3.8851266688424317,0.575578942685009,5.915225658883276,1.5506023958654742,0.8297118214431062,2.273525931681078,0.01489389412752958,2.8453591119620567,0.7592469545957917,0.27829457364341087,0.005188679245283019,0.022222222222222223,0.2470490549201933,8.082007430186774,0.0,0.6166523534534435,-0.2578628361225128,0.15667183697223663,-0.3107425272464752,-0.521307110786438,0.8875632882118225,1.956563949584961,1.1133962869644165,1.9702305793762207,42544
200.0,50.0,2.0,0.08316796468742081,1.1740822310004309,0.05900103056871623,0.9927744539849228,1.2222222222222223,0.45578509192576067,0.86,0.04919363017786015,0.1314738996532831,0.961024719573891,1.6417956687293258,9.986315160870669,0.08821283264414059,11.119506227824543,8.360853893726928,0.044267392742031494,8.795292489743114,0.008199857182800635,8.532411267444436,0.575,0.765,0.0064,0.0008163265306122449,0.050882821126488065,0.015334442055226707,0.0,54.758439828974986,0.286962628364563,0.14887364208698273,0.12263333052396774,-0.21225710213184357,1.3893818855285645,1.0788981914520264,1.4221365451812744,1.317650318145752,769
1187.0,8.0,10.0,3.2879630286547092,25.730009653858204,0.08523527765540384,0.7498963937014776,92.5,0.9999880302477033,1.0,0.22572060413700204,0.5077154659272546,0.9660639706934684,3.3694488111020795,3.504731488347164,0.5510866847840078,5.401472083072808,1.093959439593883,0.5342753094039786,1.7078176614341312,0.002039885540409024,2.9670535386615695,0.5130482572775946,0.40017019466014253,0.03169755686604886,0.0,0.11500256422347274,0.03153336982496458,0.0,1.3951300617974347,-0.06689757853746414,0.6092942953109741,0.05059877038002014,-0.48372629284858704,2.275815486907959,2.099132537841797,1.4080828428268433,1.7471641302108765,44471
844.0,30.0,2.0,2.4938782558510555,15.671602182431876,0.21028877495033954,0.9225790922597584,1.96140350877193,1.0,0.5,0.2266164129086936,0.501894103752735,0.7379788165288764,2.9474371122273895,7.020974640247146,0.4675772144346897,10.798110021170006,2.7496228533958216,0.5686658027439976,4.544942340619022,0.03169264573739178,3.224842422412488,0.8127962085308057,0.7298578199052133,0.02132701421800948,0.02528735632183908,0.2012227625991507,2.5870450597181747,0.0,4.549507173058212,0.21503892540931702,-0.45266589522361755,0.903544545173645,-0.2127973735332489,3.194720983505249,5.3669633865356445,5.951641082763672,5.366783142089844,45077
864.0,100.0,9.0,,,,0.9999999999959039,1.0,1.0,0.74,0.032642999588721425,0.0915491598453285,0.9429417997028849,2.865113567849705,8.79425277306448,1.1755409257286984,25.22656071986212,3.3116241691382533,2.4696733034783307,14.731077732562172,-0.36423001837010344,5.174101969345966,0.3854012636107004,0.207171662857911,0.08,0.0014141414141414141,0.05434021554040461,0.05309782230048378,0.08,19.923314177218394,0.5786376595497131,0.6339065432548523,0.3563563823699951,-0.5176517963409424,25.020200729370117,28.476469039916992,23.002151489257812,21.639772415161133,44606
124.0,2.0,2.0,0.37951434928249705,0.7893030199781745,0.14610306765622313,0.8983179546796969,2.1794871794871793,0.722247452914918,1.0,0.5730515338281116,1.0,0.9845467848413229,0.3626913206068979,1.7915211806083737,0.5063731026913045,2.9678216364684595,0.325132213173088,0.8341477888922185,0.32384590303038174,0.004818205334697839,7.222311291794008,0.6451612903225806,0.685483870967742,0.0,0.0,0.0,1.0218796535797283,0.0,0.523205393587024,0.1833823323249817,-0.21029148995876312,-0.25049683451652527,-0.18722838163375854,0.37324222922325134,0.9100468754768372,0.7690294981002808,0.8487796187400818,1026
35060.0,10.0,2.0,0.8889534898297585,4.112132629337024,0.6958747491873657,0.9998974622969099,1.0241325558570522,1.0,0.2,0.8050513270609312,0.9993765359879376,0.2207993273506534,0.0768622018861548,3.6808265806654235,0.6484060742598492,7.040187330925094,0.11105110432276057,1.4813880314576542,0.19035929995542258,-9.484443174747863e-05,69.56923357601755,0.5028522532800913,0.5059612093553907,0.007298916143753565,0.6444444444444445,0.4074013772940496,692.4915675479614,0.0,0.2405483082666958,0.00570140453055501,0.9331261515617371,-0.10966867208480835,-0.005701120011508465,1.6913442611694336,0.17345944046974182,0.995079755783081,3.450652599334717,41734
1600.0,16.0,7.0,3.8476542787583563,43.695003338058754,0.30917595207312315,0.9999987952952157,1.0043859649122806,0.9934715237488454,0.5,0.4579444296820218,0.7374563615861796,0.6308947628727741,4.373882937746143,4.904391833013306,0.5712590760484675,8.268974487051677,0.6271094185829219,1.8171908784565374,1.0192950877103775,0.1893647168852324,2.9505839632768316,0.8856250000000001,0.284375,0.0062890625,0.15,0.3441759721438425,19.63872897694501,0.0,2.266003064160617,-0.4128783047199249,0.7064754962921143,0.1117900013923645,-0.28877192735671997,2.618133544921875,4.214268684387207,4.6194257736206055,3.0525569915771484,44635
1600.0,3.0,2.0,0.8409671641248274,0.6950075348501344,0.07382124072032982,0.5329433101716597,7.247422680412371,0.9112295515013237,1.0,0.3919542682490014,0.9999999999999998,0.9903942994165651,0.22449864920166068,2.2380728219175294,0.46195250071938493,3.6440647254176635,0.3078518627706246,0.5214199492764765,0.5085996348771709,0.0012501181228303574,14.092542860863368,0.786875,0.87875,0.003125,0.0,0.07093872778887768,3.0400460531121007,0.0,0.1583915251770163,-0.872384250164032,-0.32986563444137573,0.23997853696346283,0.06181798130273819,0.7649689316749573,0.9276144504547119,0.6935657262802124,1.0403858423233032,44774
598.0,4.0,2.0,2.2199225132962037,10.323930927649284,0.4633312169385739,0.7907877320066126,3.211267605633803,0.9989180624265037,0.75,0.6328306223033904,1.0,0.6220330632145397,0.8879812920037315,2.33977957259309,0.6809920237876568,4.014835428253966,0.3663044592740351,1.420928347499471,0.6615977335128989,0.06259573480094768,3.529286837264724,0.7140468227424749,0.7625418060200669,0.011705685618729096,0.16666666666666666,0.3146518599263455,612.3029954846279,0.0,0.9009360496570153,-0.2299308329820633,0.08067847788333893,-0.18670682609081268,0.1565685272216797,2.0170068740844727,0.39049768447875977,0.7572892308235168,0.9223951101303101,44595
8793.0,16.0,10.0,0.5097057175059504,1.0249047886379703,0.2714807949825559,0.9996538376579666,1.0841232227488151,0.9999999951809689,0.625,0.29518157923545446,0.6577000882730097,0.7483124492035984,4.212491169586229,5.4867358962790185,0.2777849932242888,7.431262605663684,0.964106038795361,0.36630409140117093,1.4307232211820495,0.16440217820081693,2.2639384826950355,0.9930628181670602,0.1997041705229921,0.007719208461276015,0.008333333333333333,0.20335788248512676,6.568288336584419,0.0,0.6616155414846011,0.8383340835571289,0.2214333713054657,0.28780725598335266,0.29323482513427734,8.642789840698242,8.428756713867188,8.606822967529297,6.644952774047852,32
1600.0,7.0,2.0,3.640937330745974,81.41319724880063,0.28523505116028824,0.9999999999971146,1.0,0.9981091056698893,0.8571428571428571,0.40691749116704473,0.7609272434782786,0.8242948401512924,1.304929782171063,3.324372394101927,0.5663431373254799,4.798306327996504,0.7183428463536843,1.2405674500771986,1.0673457670639104,0.05317321949172497,3.5668505831195816,0.721875,0.71,0.008392857142857143,0.0,0.2049687243154327,0.11346726061535217,0.0,0.5036171315717878,-0.07629706710577011,-0.5583608150482178,0.36995968222618103,-0.16290053725242615,2.07014536857605,2.2424774169921875,1.7303647994995117,1.2231552600860596,44376
6086.0,17.0,2.0,3.4075232527858232,29.656329167934445,0.12135895083627075,0.9999999999971146,1.0,0.9999999999672108,0.7647058823529411,0.18726106550335403,0.42383756215308716,0.8817937909033632,0.268037741545438,5.207456148714214,0.5054041705857827,7.87456420085128,1.8163315712979375,0.5447023752824987,2.834826690709459,0.0007458408110665965,26.823134781776943,0.5364771606966809,0.5566874794610581,0.008553865187218495,0.014705882352941176,0.16509613702162096,795.3454044418803,0.0,1.1595939650057456,-0.15628573298454285,0.06526315957307816,0.30698496103286743,-0.24605895578861237,6.592143535614014,4.405886173248291,5.062897205352783,3.2717161178588867,44093
614.0,8.0,2.0,1.0754800396856918,2.7895977226800825,0.17219238704717732,0.9327521564426436,1.8691588785046729,0.9993655182558758,0.875,0.26192516224337176,0.6058351331542672,0.9265667187602157,1.4120752670067844,3.7605261089519875,0.36505188221410073,5.53896949362996,1.5373495767225052,0.3887448577679382,2.240972523165561,0.086511969055333,3.7126947185958925,0.6986970684039088,0.6840390879478827,0.005700325732899023,0.0,0.13067174214343197,35.463785043904984,0.0,0.6162302099967412,-0.6765844225883484,0.20168720185756683,-0.06484256684780121,0.1871039867401123,1.3691774606704712,2.0488154888153076,1.7422863245010376,1.5904589891433716,46921
35060.0,10.0,2.0,1.0715270291687085,18.323480041835353,0.6929282913061214,0.9993479702987567,1.0619890607539846,1.0,0.2,0.8051192130340555,0.9999164241039628,0.22821229097388832,0.15320436370619725,3.7643939238015514,0.6056805502989874,6.9531508399916095,0.09755995327723752,2.9124312414913978,0.1553639882042434,-0.00037857711932003454,36.01315117285137,0.5288933257273246,0.5167712492869367,0.0077809469480889905,0.6444444444444445,0.4099544365718758,1687.1736975130111,0.0,0.18092317357070814,0.21360014379024506,0.4124210774898529,0.13377831876277924,-0.03145156055688858,2.663710832595825,0.3015643358230591,1.3484838008880615,2.250737190246582,41718
1462.0,10.0,2.0,0.3007185669229703,1.3977878849696839,0.6466606256485482,0.9994599624251865,1.0562587904360057,0.9999999999634324,0.2,0.7991101714447185,0.9991421382413116,0.2222728651347598,0.26928887268778867,3.8771293128927677,0.5654744330194246,6.924897556642008,0.2689360683213236,0.591961610002468,0.4111820886663169,-4.4266711131667285e-05,21.789204841697273,0.5102599179206566,0.5054719562243501,0.004445964432284542,0.6444444444444445,0.4737700594672765,14957.871791621556,0.0,0.1494970858667699,0.24072912335395813,0.8645525574684143,0.06051240116357803,0.13721972703933716,2.262113571166992,0.20234368741512299,1.0819098949432373,2.9151597023010254,41829
718.0,6.0,5.0,2.002499330841789,4.7252511078115615,0.08328599993109317,0.5115421362673948,91.16666666666667,0.9973981540410485,1.0,0.2183133315538374,0.5910049878043013,0.9854554233685349,2.350646067087584,3.162850295932671,0.4485962003340565,5.090743408992225,0.4176191421655653,1.1484357773408682,1.0367936496830104,-0.16190851178532203,3.3147575171077674,0.882983682983683,0.7994463869463869,0.009749303621169917,0.0,0.05559885500495373,660.3857298072169,0.0,2.032382670090865,-0.318782240152359,-0.1762673407793045,0.5802808403968811,-0.5796648263931274,1.732498049736023,1.5769726037979126,1.0502558946609497,1.8738571405410767,46906
7968.0,14.0,2.0,0.3328813057783355,0.5849391480889601,0.23181822056907628,0.6391275409203655,5.171959721146398,0.9999999998660057,0.7142857142857143,0.2808639065334456,0.5588116455477627,0.8345840435395759,2.721965029081693,5.131958065479878,0.25636253155649996,6.846732727572818,1.447390577255266,0.20090363015239465,1.833936736240589,0.11676954766867914,2.41977672399243,0.9919678714859438,0.8457580321285141,0.006239242685025817,0.0,0.15985744439429003,4.149908021881125,0.0,1.3682007954539668,0.5447540283203125,-1.0951088666915894,0.13210973143577576,0.41078582406044006,5.2471089363098145,4.616393566131592,4.564419746398926,3.769995927810669,976
84.0,9.0,6.0,0.07131801969370073,1.1926495002949276,0.12526506547570657,0.9924568022044725,1.5454545454545454,0.5175210349333809,1.0,0.2101394500683724,0.5119075839087233,0.9581932260533743,1.786660892006533,4.168912285771635,0.21945717421961494,5.310232822877513,2.7631721750989557,0.16416109192880174,3.392223963641651,-0.01893016270916218,4.766190842086302,0.39264705882352946,0.33382352941176474,0.006613756613756613,0.0,0.09087392266300963,1.4041205784379793,0.0,0.5813256309525108,0.17628462612628937,0.04674676060676575,0.07842821627855301,0.05379649996757507,1.069603443145752,0.742567777633667,0.67266446352005,0.7006547451019287,1465
3763.0,20.0,3.0,0.19604227940965036,1.2064431669440414,0.167978148138531,0.7568513800814474,12.794871794871796,0.9999999999988723,0.45,0.25731167792876203,0.6365874216665,0.684091072119132,2.161519486077604,6.083702403807985,0.25807716322256297,8.024788560029137,1.2920199204214222,0.18099208705657208,1.581296555272511,0.01696329981300645,4.369839603923633,0.884666755625028,0.6683532748326207,0.020980600584639915,0.07894736842105263,0.2996797802501984,0.46521067766368257,0.0,0.7612725351536247,0.3545279800891876,-0.11607411503791809,-0.7445404529571533,-0.4907839298248291,13.503057479858398,4.735363960266113,5.164998531341553,8.13192367553711,41000
676.0,18.0,4.0,1.0880864485930808,5.631487126873716,0.40611529932449314,0.9995464483952676,1.0943396226415094,0.9999999999998646,0.3888888888888889,0.5224337573544181,0.7983733243104617,0.5467881900657449,2.2786169952270128,5.493178299611066,0.44137031308524083,8.574209624142734,1.70396663237761,0.34368858523233575,2.085365962716136,-0.015789864191920074,8.707605013871214,0.6819526627218935,0.40088757396449703,0.001643655489809336,0.19607843137254902,0.3403679912867395,38.27463412279331,0.0,0.24200695573972736,-0.2736966013908386,-0.37571051716804504,-0.12120321393013,-0.10740497708320618,4.0685625076293945,1.8180376291275024,1.6506305932998657,3.9306929111480713,44556
4000.0,7.0,10.0,0.9453082924182356,1.7516795405540773,0.10033122806894333,0.9999999999956571,1.0,0.9991491934875983,1.0,0.2400725570889325,0.5630566577662494,0.9718010051678686,2.215022157321891,3.630647582421171,0.3324587870716466,5.272540022510159,1.031908141150557,0.3515656691440563,1.45152987966389,-0.003902058448641658,3.718545034043005,0.6045,0.15975,0.007821428571428571,0.0,0.09654744794215166,30742.684766468472,0.0,0.7408494123600246,-0.2480216771364212,-0.22863654792308807,0.3623320460319519,-0.2799946367740631,2.617645502090454,1.967055320739746,1.218995213508606,3.186584711074829,46372
4000.0,15.0,2.0,0.2930311159117243,0.45364587259996114,0.04710948090402039,0.5881537361426581,6.067137809187279,0.9999998377856664,0.7333333333333333,0.13730301291186583,0.4051195694475504,0.8632355363521829,1.146607212366708,5.330144484424093,0.2368951607224506,6.989918054301157,2.375115352645657,0.20333576386735056,3.0141282606391187,0.05498118908668399,6.506912259243942,0.847,0.85775,0.00545,0.0380952380952381,0.18977302964788142,19.057180841208403,0.0,0.41781026423026213,0.1998618245124817,-0.3132542073726654,0.4050097167491913,-0.21148064732551575,1.8868329524993896,2.970163345336914,1.9140832424163818,1.5763092041015625,46915
171.0,9.0,6.0,2.0447768354874825,8.755701181542126,0.23954867658906157,0.8398784103810479,8.714285714285714,0.9994515762389853,0.6666666666666666,0.27955966379801755,0.6774433691570425,0.8138803417522333,2.5700995236415594,3.6427888869453464,0.6036814919706642,6.2452372908442895,1.4798508951249514,0.9760364696788719,2.95949225694547,-0.05068152074976739,3.5284525122552846,0.6894117647058824,0.46806722689075625,0.011046133853151396,0.027777777777777776,0.18269517527240606,0.4588265979720483,0.0,0.7617727453570333,-0.03600570186972618,-0.09393855184316635,-0.11236278712749481,-0.2711796164512634,0.9923468828201294,1.3672200441360474,0.9763045907020569,1.5231341123580933,952
35060.0,10.0,2.0,0.439751915284423,2.607022414337222,0.7242269944469389,0.890668676188654,2.2484017418697304,0.9999999999999996,0.2,0.8133647248583225,0.9999585598687053,0.2186527136812353,0.9387701807851544,3.8434035998183274,0.5926799628239874,6.879703988571976,0.05048412536825738,2.483434224744703,0.12649398590754152,0.05585818127182631,6.21189268456381,0.6630918425556189,0.692156303479749,0.0012350256702795207,0.6444444444444445,0.3691387021692302,1099.322764964741,0.0,0.4637783226068918,-0.43569129705429077,0.1073455959558487,-0.14826838672161102,1.088026523590088,0.9561361074447632,1.3475700616836548,2.658642292022705,0.9730316996574402,41862
192.0,124.0,2.0,0.9340555921217859,1.2636775428707812,0.7915592796682911,0.9846039962057948,1.3414634146341464,1.0,0.056451612903225805,0.8651826783816677,0.9094235301246475,0.15378431158167263,5.062565358049974,13.26476957021724,0.6456297375636897,25.14343611911884,4.2971589124921055,0.5332534990322897,6.741739221404583,0.06648877119499545,3.6402679801757287,0.8385416666666666,0.8802083333333333,0.006300403225806451,0.7714398111723053,0.3488723676140452,1.537817871809999,0.0,6.95585010973457,-0.13931138813495636,0.17142295837402344,0.18462331593036652,-0.20013850927352905,0.8836585879325867,2.8879220485687256,0.8203087449073792,5.230414867401123,851
800.0,33.0,2.0,2.29650322746855,11.063242103578359,0.07787342595938869,0.8812908992278072,2.3333333333333335,0.9999999921615271,0.8181818181818182,0.10265071524829361,0.2318690294787489,0.9402398201132399,1.3362583911783492,7.926443843942643,0.22758124837683963,10.247128615400559,4.5348089739630835,0.2214329179792299,5.88684159760311,0.014347006578907546,8.25944444400416,0.685,0.7,0.00015151515151515152,0.0,0.08802891828510288,472.7882625307266,0.0,2.0842779285841946,0.1156252920627594,0.2813883125782013,-0.601592481136322,-0.344577819108963,3.690384864807129,2.615060806274414,4.292576789855957,3.802804946899414,46562
130.0,3.0,2.0,1.5857062385957477,4.6285216014252155,0.7093548684289877,0.8616636287077379,2.5135135135135136,0.9959005006579105,0.6666666666666666,0.8095496823688813,1.0,0.5123511373940324,1.4822773893647785,1.977101982801956,0.7394895677243761,3.7898995236746718,0.34771686770490984,1.4023462015126258,0.7659017126217481,0.1599470654692278,1.9095462392580829,0.7230769230769231,0.676923076923077,0.005128205128205128,0.3333333333333333,0.14639597256488418,93.56964701621392,0.0,1.011917883468814,-0.4904271960258484,-0.24074476957321167,-0.061829619109630585,-0.10088420659303665,0.269936740398407,0.4292687177658081,1.437408447265625,1.5682027339935303,748
6086.0,17.0,2.0,3.4075232527858232,29.656329167934445,0.12135895083627075,0.9999999999971146,1.0,0.9999999999672108,0.7647058823529411,0.18726106550335403,0.42383756215308716,0.8817937909033632,0.268037741545438,5.207456148714214,0.5054041705857827,7.87456420085128,1.8163315712979375,0.5447023752824987,2.834826690709459,0.0007458408110665965,26.823134781776943,0.5364771606966809,0.5566874794610581,0.008553865187218495,0.014705882352941176,0.16509613702162096,795.3454044418803,0.0,1.1595939650057456,-0.15628573298454285,0.06526315957307816,0.30698496103286743,-0.24605895578861237,6.592143535614014,4.405886173248291,5.062897205352783,3.2717161178588867,43976
306.0,1.0,2.0,0.7041160310937734,0.2435233083927506,0.0,0.8568718104028201,2.558139534883721,0.8904604875049612,1.0,1.0,1.0,0.0,0.4967388251593369,1.1207706267191369,0.7729270689534297,2.402359206230817,0.029440676546946272,1.6361647895124944,0.06673220017307824,0.1417002803566654,3.4437800914028878,0.5588235294117647,0.7026143790849673,0.0,0.0,0.0,0.0,0.0,0.3672801322350023,0.22557903826236725,-0.39437949657440186,0.22501669824123383,-0.45876336097717285,0.3245784044265747,0.9678575396537781,0.018765071406960487,0.5138235688209534,46605
16227.0,16.0,6.0,26.084048009618172,3057.6161819501804,0.15056476803591867,0.9380600682926138,3.941626794258373,1.0,0.625,0.21473800301121093,0.5491450366368016,0.8085423156299386,1.2801917704059678,4.64946198941435,0.49121511577049404,7.9173328041243085,1.1924927761946291,1.5157592884004325,1.7058850249756592,-0.05375337587438298,6.96649089290318,0.3721571743627573,0.31595458960038053,0.1288130892956184,0.025,0.22449522427377397,116.55928988106562,0.0,2.264392273996128,-0.2980915904045105,-0.5258933305740356,0.3917897641658783,-1.1671288013458252,7.270182132720947,2.5605812072753906,4.288782119750977,3.0488953590393066,46808
248.0,6.0,3.0,1.1595250548195697,6.919060591572644,0.39708573735110736,0.9412590806384294,2.5,0.9999465448091731,0.8333333333333334,0.5333753898282398,0.8656045412906692,0.7140253005306635,2.7100170604811487,3.0987174260160635,0.5047700640430685,4.929556598610468,1.0923599258070484,0.6548979071908965,1.564665517426226,0.09243774453984668,2.0178184170501985,0.7984621412479185,0.7740718973454795,0.008064516129032258,0.06666666666666667,0.25681622986845476,9.772720663919456,0.0,0.5161036737758692,0.17207273840904236,-0.11585969477891922,-0.07640473544597626,-0.33638378977775574,1.8241628408432007,0.7658360600471497,0.7344783544540405,1.044560432434082,1523
11128.0,128.0,6.0,11.571604046826348,822.6636309402086,0.4946771984745099,0.9848104163012126,1.8332063975628332,1.0,0.09375,0.5389750304077808,0.7509506208368986,0.37569912384086185,8.389171494994864,12.73491037296791,0.754087045005745,22.689715788633688,1.157852879836381,3.566377730459559,1.9613278567063372,-0.07976817528348627,2.7477802822082213,0.9931702756998495,0.38785099488173475,0.01563412675233645,0.15206692913385828,0.2701794436109119,10556.407511278718,0.0,1.6791464754825642,-0.146746426820755,0.916659414768219,0.721520721912384,-0.5144594311714172,2.4253833293914795,8.771223068237305,8.10517692565918,5.442320823669434,1476
58398.0,50.0,2.0,22.199783771483155,1516.2717966967246,0.8072501973882769,0.9999999999971146,1.0,1.0,0.08,0.8652051916885191,0.9335463148431429,0.16710461710947208,1.6503771535518725,3.927423726665897,2.767361587222578,5.002351607695192,0.5123740559709313,2.0288424322529726,0.7617369085684412,0.09523621920182401,3.124184041305819,0.8510051714099798,0.7924243980958252,0.03381588410562006,0.7355102040816327,0.3084740964714568,9260.072266732737,0.0,26.668172041377364,-1.4683363437652588,-0.44768863916397095,-0.8929213881492615,0.7520933151245117,5.224883556365967,1.6839443445205688,2.724231481552124,3.692296266555786,44076
35060.0,10.0,2.0,0.9023208724905825,5.654117481531098,0.6690244342581934,0.9989428615899936,1.0796013998457796,0.9999999999999989,0.2,0.8012906183209566,0.9999303267419528,0.22558021872450487,0.10184973952665871,3.7790948085779896,0.6170892828990796,7.2014536313162685,0.09051556459060568,2.0880915665323823,0.14814770954270423,7.639074185506595e-05,53.85523279980449,0.519566457501426,0.5191386195094124,0.007253280091272105,0.6444444444444445,0.4435712751656368,1888.6769599525433,0.0,0.18919835306451932,0.5733519196510315,1.5904829502105713,0.047042787075042725,0.8737115859985352,4.079378128051758,0.6679084300994873,1.7478175163269043,0.4166219234466553,41712
11128.0,129.0,6.0,11.504142230798129,816.3636789373368,0.4942016248113411,0.9848104163012126,1.8332063975628332,1.0,0.10077519379844961,0.5382390634798606,0.7486598656745271,0.37668182648715637,8.4352404804769,12.802620903292802,0.7521028901706437,22.753786746388055,1.1671458713732867,3.539379110385864,1.970687535630772,-0.07948468168812756,2.717439236107077,0.9935298262616474,0.38785099488173475,0.015512931971310585,0.15007267441860464,0.26906420956921645,10517.799936093807,0.0,1.6745431022012,0.5219948887825012,0.1486765444278717,-0.5319206714630127,0.5204912424087524,6.7820234298706055,9.399274826049805,2.730285167694092,8.842863082885742,1477
8793.0,16.0,2.0,0.5045559718045627,1.0267323038863503,0.27047493594339456,0.4817350792161521,8.60983606557377,0.9999999906722533,0.625,0.29464075498920617,0.6563803876782213,0.7493565375055548,3.536038438276932,5.398616105283032,0.27507346444348574,7.302994710716582,0.9686907886968703,0.3643872152349296,1.4293307804801851,0.011336423564410768,1.7419724510318453,0.9977254892749896,0.8959399638226329,0.008934663937222791,0.008333333333333333,0.2032112585787049,6.583215371823389,0.0,0.6629709633843626,0.6731683611869812,0.19915707409381866,0.6320868134498596,0.3922228217124939,9.549668312072754,9.193830490112305,8.787788391113281,5.648265838623047,1019
80.0,1.0,7.0,0.26846094258311204,0.5208397647311762,0.0,0.8451251421074032,11.0,1.0,1.0,1.0,1.0,0.0,2.6029797216447843,1.1058012748190955,0.8101227738077602,1.946160973783538,0.024327012172294223,6.244995431295053,0.0,-0.11578947368421053,55.83102453540198,0.2625,0.5,0.0,0.0,0.0,0.0,0.0,0.754248970041915,0.1480802744626999,-0.4478996694087982,0.1504710167646408,-0.4581611156463623,0.3373960256576538,0.944733738899231,0.03878021612763405,0.43083661794662476,62
24000.0,12.0,6.0,0.5905948629681599,0.7840988919035965,0.3316239503144096,0.9999999999966513,1.0,1.0,0.5,0.3828244879904402,0.7733020536162989,0.6696677058000781,4.398361882864836,4.5957299547074575,0.366726614342092,6.602833871844338,0.024659637449090777,0.3082243005251736,0.033807456842161646,0.3466827052000038,1.5946807083043133,1.0,0.3333333333333333,0.014534722222222221,0.06060606060606061,0.260612577010186,70.98648423445162,0.0,0.2811790587813666,0.2855815291404724,0.12333915382623672,0.08628255873918533,0.057015012949705124,4.383901119232178,5.293919563293457,4.136476039886475,3.4025661945343018,46745
36168.0,7.0,2.0,9.275439755909009,701.0193318905624,0.0567343532005612,0.5206226414981965,7.548333727251241,0.9999999999997206,1.0,0.21346442630169662,0.5352281711014611,0.9807860427576177,1.224295680071258,3.241517572009963,0.6171541880712934,5.092504421003675,0.4312432359096449,1.4565189674322794,0.8176047745716513,0.18243359126869058,3.6106218876349594,0.8558394160583942,0.8830181375801813,0.0028833696716908394,0.0,0.09532159543501621,1054.953191868981,0.0,1.684881094305124,-0.07207196205854416,-0.655575156211853,0.49536213278770447,0.23292289674282074,1.507238507270813,1.958984613418579,0.4588974416255951,2.145106792449951,1461
30779.0,7.0,2.0,13.235167277258318,1103.2473713851846,0.21313596405808627,0.999999999235675,1.0000649814802782,0.9999999999998745,0.8571428571428571,0.34519863014784896,0.6905417198945734,0.8868012567189341,1.1969128873993617,3.2181485610457696,0.583618228853376,4.54418731721822,0.290812943282808,2.729859958275268,0.46618282296221675,0.052957638763678545,3.7579664330653193,0.7734168976591509,0.7338770877200582,0.0612848277814651,0.0,0.17745473678975737,0.11181208168343004,0.0,0.8419760428670644,-0.034274663776159286,-0.8622745275497437,-0.37307828664779663,0.26698917150497437,3.7030797004699707,6.201990604400635,2.7202553749084473,1.6180824041366577,44156
9864.0,10.0,2.0,4.636467913906244,44.442813783116925,0.23466757056259457,0.6214878734167988,5.463958060288335,0.9999999999568697,0.8,0.3413682223148917,0.6165080390856618,0.8344872260767924,1.6616771638841112,3.688876134794123,0.6474650598895801,6.523331609935059,0.5456098642180645,1.4489692590544685,1.2366202992327764,0.14086865902809642,2.9343559312077003,0.8552311435523114,0.8827047850770479,0.004237631792376318,0.044444444444444446,0.2032592522434581,563.1746495354278,0.0,2.2894462939548266,0.16928020119667053,-0.16253317892551422,0.7350294589996338,-0.24037639796733856,3.6018667221069336,6.222262382507324,3.288945198059082,2.79506254196167,45560
1600.0,100.0,10.0,0.34934431802011234,0.4810620618380987,0.24544050864495442,0.9999999999956571,1.0,1.0,0.26,0.23055323698640023,0.49076523973565245,0.6081088007380613,10.435055447233394,13.823132007546823,0.21122426135008834,17.37378133158348,5.567154644782686,0.2129197523535288,7.147359896758259,0.16206593051584803,1.9024575785657525,0.951875,0.183125,0.01036875,0.013939393939393939,0.19243510606640923,44.51843403523788,0.0,0.3114261517978219,-1.0374735593795776,-0.3426152467727661,-0.5853978991508484,-0.5742978453636169,12.831866264343262,13.674444198608398,24.96197509765625,7.702944755554199,44625
400.0,7.0,10.0,0.819499324937407,1.3606605153213907,0.16358537822815683,0.9967132796697351,1.5862068965517242,0.9641892707692713,1.0,0.2826462095868705,0.6135002479844467,0.9407747674178599,3.2072383874504613,3.5836861815721375,0.304690807134964,4.795157130496891,0.7038229555676652,1.414088766199404,2.100063068466051,0.2185078583104192,1.5917420629527936,0.645,0.19749999999999998,0.0,0.0,0.11456136989674066,0.033942650322706956,0.0,0.7480018756944837,-0.4689817428588867,-0.9383923411369324,0.2462245523929596,-0.20495592057704926,1.4276947975158691,1.5655616521835327,1.2874689102172852,2.6631076335906982,40496
2012.0,22.0,3.0,0.6027347876241664,1.7655046755538637,0.3934593116717093,0.996037247760313,1.2199036918138042,0.999999999999979,0.3181818181818182,0.5590218549229208,0.7874751864737993,0.4935916222082715,0.7409508675421982,6.113854048421722,0.39990249773595293,9.56285952106626,1.700562261894658,0.27785802955635164,2.273783114379959,-0.019286749494720923,18.907221429758067,0.3424420372059227,0.3836866338946104,0.0035017169709018617,0.31601731601731603,0.4105962256914305,17584216.863491792,0.0,1.1423106110542265,0.18334844708442688,-0.2078559696674347,0.02249312959611416,0.8319798111915588,1.3353967666625977,6.451569557189941,2.288057565689087,5.204484939575195,46435
7968.0,14.0,9.0,0.3333419919885254,0.5993339608133105,0.23243487975009758,0.9880576436645909,2.0656,0.999999999816286,0.7142857142857143,0.2822646386653897,0.5583755694389586,0.8342765165358638,3.0624278102330194,5.192584843728373,0.25320043214958066,6.899055337716081,1.4470854823154646,0.20204382231128787,1.8308620439993066,0.08711793552265654,2.88113439351913,0.9889554441837367,0.2609190459200029,0.0062930292598967295,0.0,0.16026944227759674,4.120220205130719,0.0,1.3657209720472798,0.3515309989452362,-1.0074663162231445,0.2014312446117401,0.4492357075214386,4.785373687744141,4.545172691345215,4.723029613494873,4.161411285400391,375
35060.0,10.0,2.0,1.1972451199052276,1.2712731641241266,0.6684774486757765,0.999062202676169,1.0748017516865902,0.9999999999999998,0.2,0.8012265986309932,0.9999618943539849,0.22174048904542729,0.12727996413921613,3.634196244227924,0.6832150502218286,7.5321471111226375,0.08863795841156802,1.2653197645605392,0.14416815851537604,-0.00018607755300035025,42.350385059100155,0.516371933827724,0.5180262407301769,0.008374215630347974,0.6444444444444445,0.44531246454596746,1122.0358806872728,0.0,0.16883839023393332,0.018571611493825912,0.6237782835960388,-0.026476357132196426,0.09429297596216202,1.5017156600952148,0.23199646174907684,1.0476070642471313,2.8329720497131348,41825
1688.0,8.0,7.0,0.5757330812834172,0.9357440977491591,0.12268141193950084,0.9982898673563605,1.2889908256880733,0.9975636458234782,0.875,0.2257722430788533,0.5369929749981148,0.9562327822922303,1.7830231773522507,3.8740777432180837,0.2708410127348095,5.219017532201724,1.0895358774067616,0.46204191544196455,1.695510956146191,0.036934040638040615,6.6710879420557765,0.8323512369848822,0.29087668779519954,0.004665284360189573,0.0,0.10506860605628304,8.37033782883114,0.0,0.3971800468755632,-0.8707987666130066,0.19024302065372467,-0.06808231770992279,0.536584198474884,2.6825764179229736,2.0052692890167236,2.334047794342041,1.993236780166626,46840
1469.0,10.0,2.0,1.0465579611079174,10.729159580950332,0.7645506705814229,0.9993818414209078,1.0603085553997196,0.9999999999867861,0.2,0.828590217393379,0.9992431445847124,0.2028583427503632,0.24362023430867238,3.767336314530091,0.6590545364752864,7.049924067705461,0.3016739111090741,1.8440876770600139,0.47158685037762327,-0.00023508136876859402,21.569169392010412,0.5268948451315131,0.534377838328792,0.010483321987746767,0.6444444444444445,0.315230935404253,9931.677081276086,0.0,0.12813895995625213,0.025655262172222137,0.894537091255188,-0.10334020853042603,0.11768908053636551,1.4100743532180786,0.401187002658844,2.331662893295288,2.5537102222442627,41731
1600.0,100.0,2.0,,,,0.379764600333125,12.559322033898304,1.0,0.56,0.04329792292712758,0.10877924533467219,0.881132877868423,1.0945303773487112,7.849280850828362,1.1183283711233167,17.37777356712492,2.5292098072700124,2.414830104186015,6.518552895494422,-0.15708915025828368,10.353838593241235,0.868125,0.92625,0.35034375,0.00101010101010101,0.03685921567246616,1297226.2418801766,0.35,13.95321468595354,0.32015854120254517,-0.0030264058150351048,-0.2726762294769287,0.5967447757720947,25.787073135375977,26.808412551879883,24.439775466918945,26.557355880737305,44791
1600.0,100.0,10.0,0.3284652834891834,0.5475328738408646,0.2521687597898994,0.9999999999956571,1.0,1.0,0.25,0.24690748341780924,0.504802354785512,0.6039547194772994,10.42860361662896,13.833857050183285,0.2144717722589657,17.493785731385074,5.628016090708857,0.21719584217348611,7.247324426696692,0.15548509446377662,2.008391584544748,0.9493750000000001,0.193125,0.011625,0.019595959595959597,0.1966709545383776,46.24394954170266,0.0,0.3025434909961879,0.283346563577652,-0.8211627006530762,0.13506783545017242,0.13289541006088257,19.01947784423828,10.003649711608887,7.5864338874816895,12.274974822998047,44626
400.0,2.0,2.0,0.059683966158174145,1.2003337205258382,0.01195629954518266,0.543564443196711,7.0,0.7510451613795042,1.0,0.5059781497725914,1.0,0.99989687867963,0.18821774794210522,1.8099887426333934,0.4733278298019193,2.9575054045178324,0.2145321347484236,0.43863410155946764,0.3496088912374237,-0.0013850032901834316,14.13971132601974,0.775,0.875,0.00875,0.0,0.0,15.509058668516952,0.0,0.45366148242257265,0.21926410496234894,-0.2429037243127823,-0.23845893144607544,-0.18355323374271393,0.46171116828918457,0.936460018157959,0.8360005021095276,0.8346642851829529,47052
35060.0,10.0,2.0,1.0239063027365387,2.2613236026250343,0.6616254833602939,0.9995139820821002,1.053294289897511,0.9999999999973588,0.2,0.8007209783711291,0.9999719220984931,0.2236924828896999,0.1687053120430088,3.724460987661976,0.6437996894411968,7.398723158984383,0.09039671931932416,1.2563995576476445,0.1558691472877493,0.00015116116861889982,33.077150692699334,0.5124928693667998,0.5129777524244152,0.004047347404449515,0.6444444444444445,0.45426718348596073,1315.2356668097268,0.0,0.22613930123277215,0.08279477059841156,0.4387839138507843,-0.023383446037769318,0.09723860025405884,1.4292367696762085,0.20521271228790283,0.9015972018241882,3.2303144931793213,41709
1600.0,6.0,3.0,0.2631970884564529,1.283974788120606,0.02552142441795226,0.8514330331965541,5.309677419354839,0.7730935053047365,1.0,0.18357262110055936,0.5295728128066433,0.9986451311012677,1.14280476170535,3.3513412380011296,0.25558927086468564,4.41807876064846,0.9443855844626153,0.17705185731306236,1.1715533941126453,0.011343860448908134,4.234556583020084,0.7225032967702192,0.5881098439333573,0.011979166666666667,0.0,0.01773724856830038,0.28244891407032807,0.0,0.6711840804919973,0.08741234987974167,0.009513894096016884,0.6074212193489075,-0.05883357673883438,1.1622830629348755,1.3757820129394531,1.7781521081924438,1.2765244245529175,44719
104.0,8.0,2.0,1.4626846036250396,3.468446308095947,0.5182762975712197,0.4248088738649294,10.555555555555555,0.9999999751603921,0.5,0.6382111379525635,0.947525371041398,0.5070657509983024,2.106964741947291,3.4853789589162036,0.5743614899975138,6.066545311937009,1.2104223302211619,0.7591165597139737,2.250088713088265,0.20230654990357605,2.4056904015534,0.8942307692307692,0.9038461538461539,0.002403846153846154,0.25,0.33977499152453144,386.82615240662074,0.0,0.8159276396556165,-0.2391921728849411,0.259254515171051,0.0007033405127003789,-0.44584721326828003,1.8742350339889526,1.4782286882400513,1.1870315074920654,1.106704592704773,1075
4000.0,9.0,4.0,1.1073777831943143,3.1685854559983615,0.49733953092024724,0.9232196723326224,4.0,0.9999980908751109,0.7777777777777778,0.5584053752747815,0.7726762891320881,0.6780314846642361,3.748541894214762,3.7859211328527564,0.4541544210691582,6.084460407684782,1.083387212637756,0.40319354735827484,1.6372902269972043,0.20306098193410496,2.1841637115328316,0.90825,0.6712500000000001,0.008333333333333333,0.027777777777777776,0.14222249602887696,44.93635043791974,0.0,0.5206031979203188,0.04375172406435013,0.1168883815407753,0.2217283993959427,0.05401959270238876,3.1217546463012695,1.2383960485458374,1.1165423393249512,0.7457382082939148,46880
1600.0,100.0,10.0,2.635963264676994,32.460287972170065,0.2083453495556892,0.9999999999956571,1.0,1.0,0.6,0.21250709059186787,0.43122709107975865,0.7212571608153128,8.658553243903329,13.380692573938243,0.31518516252245526,18.10475271247403,6.174861866201163,0.4753172252458744,9.511920792334314,0.025101876405987714,3.9001797745349167,0.72375,0.19875,0.00250625,0.005858585858585859,0.17818001189232813,26.555734413654754,0.0,2.646591396367601,-0.09568138420581818,0.5566525459289551,0.7403848767280579,-0.31122931838035583,22.759103775024414,23.1730899810791,14.825220108032227,15.588247299194336,44702
8174.0,7.0,10.0,0.6813859297860176,0.4710766102935149,0.25603883207842637,0.9888202797757548,2.3604166666666666,0.9999993784643224,0.8571428571428571,0.32855979441552946,0.7525374787308137,0.8595341442455402,1.4578837862277778,3.4972891774019903,0.36442402416428693,5.150932665174042,0.38095424707093195,0.6668748487409573,0.6991491802370484,-0.07054408002749536,7.303418520036507,0.8414452067869697,0.18106213902582363,0.006955853053234996,0.0,0.15725985625240518,3.8262391156531397,0.0,0.806227396867693,0.2124500721693039,-0.6463004946708679,0.26653212308883667,-0.493883341550827,6.747553825378418,3.6368966102600098,3.259768009185791,2.8053483963012695,1459
480.0,60.0,6.0,0.17506877878307045,0.7054703376597953,0.4570227389213381,0.9999999999966513,1.0,1.0,0.48333333333333334,0.5250209153236974,0.6937480064622936,0.5339133003629621,11.708482298677438,10.378473052087458,0.34117526380003027,15.04800278512172,4.845776683382657,0.10014818895404021,5.473458161457533,0.14155895163732607,2.0796735492749945,0.9791666666666666,0.32291666666666663,0.006145833333333333,0.15593220338983052,0.27154324911354333,3.7648229748846282,0.0,0.3247334180458776,9.350491018267348e-05,-0.10376343131065369,0.44326624274253845,0.0630904883146286,2.2057807445526123,4.968667507171631,3.8570361137390137,1.896843671798706,377
1600.0,16.0,7.0,3.832130279775915,43.35101258372845,0.3133886037820588,0.9999987952952157,1.0043859649122806,0.9617020045237813,0.5,0.4604229341157666,0.7449393221791427,0.6251827368599189,4.348498925273334,4.939127223363059,0.6318055725020084,8.295841778428315,0.6454031082619784,1.8646247401659288,1.0557822948539437,0.19646762504232954,2.9267014770212794,0.9037499999999999,0.285,0.0060546875,0.15833333333333333,0.3461901237658482,18.353443979864245,0.0,2.1947444658764184,-0.5041176080703735,0.6519083976745605,0.2829072177410126,-0.4505596458911896,2.2359211444854736,4.9781012535095215,4.639002799987793,2.471010684967041,44636
5455.0,94.0,2.0,19.56220155368107,1067.6831206585143,0.08049492684178382,0.20562152420159274,29.994318181818183,1.0,0.5638297872340425,0.13280736530635393,0.2528506927703391,0.8268295400804053,4.265076734012698,10.119440765744397,0.8580040273112821,14.353635326052935,4.650099128603369,1.2761246292337467,6.113053058314435,0.3263363387524984,2.8710336667361105,0.9545372548007489,0.9677360209139194,0.06308286366207072,0.00983756577442233,0.14931050644375662,822510743.4936224,0.0,6.63485408905015,0.6848191618919373,0.41317638754844666,0.16438934206962585,0.3403471112251282,13.105973243713379,17.535873413085938,15.355225563049316,14.010297775268555,46962
248.0,8.0,9.0,0.2706492599605751,0.9171433460202617,0.7102259787287476,0.9853182809319945,2.2,0.9999999950521947,0.375,0.8094243343322923,0.9925035876585971,0.3068555480321213,6.0545074653991655,3.519944590459635,0.5446018341761067,5.880173501017445,0.4707089933058879,0.38774567807294386,0.7049768054574934,0.18273883264903729,2.101260564356287,1.0,0.26212244897959186,0.0015120967741935483,0.6071428571428571,0.35069937578946064,51.697366578981665,0.0,0.2565075641664182,-0.4589550495147705,0.3439541757106781,-0.3608151972293854,0.0002580618020147085,0.7934706807136536,2.9701907634735107,1.638680338859558,0.8223739862442017,694
144.0,66.0,6.0,0.7301314833460577,2.3045785356336226,0.5948546970493955,0.9999999999966513,1.0,1.0,0.18181818181818182,0.6953088151450131,0.8053404377741732,0.3406889772200714,13.414330524061882,10.333021101242933,0.4949064074652904,16.710577530504423,3.8664048314215984,0.6076850502211957,6.478550180107564,0.1344622535301846,1.9432504161979913,0.9233990147783251,0.3054187192118227,0.004629629629629629,0.5258741258741259,0.36222198525606975,0.16021265669583482,0.0,0.9329518496886242,0.4227235019207001,-0.0175999216735363,0.4288405179977417,0.09567609429359436,3.5505192279815674,1.5384641885757446,4.446427345275879,4.3998284339904785,4153
151.0,2.0,2.0,1.0852657014000728,1.752639844529959,0.1564285421265893,0.9984492478663153,1.0972222222222223,0.8217769656770514,1.0,0.5782142710632946,1.0,0.9822760048720862,0.6913525996426138,1.72006030079638,0.6008332984638535,3.111569415019303,0.42219330487423357,0.8244780453639585,0.7178185850445006,0.026229529451251583,3.5627550344547947,0.5623684210526316,0.5894736842105264,0.0033112582781456954,0.0,1.962615573354719e-17,12.169147537628985,0.0,0.2295527276944513,0.13551607728004456,-0.21702618896961212,-0.2147352695465088,-0.16027183830738068,0.45126932859420776,0.8243069648742676,0.7214978337287903,0.8674094080924988,941
1600.0,64.0,10.0,0.12722975951381132,0.1921455109427378,0.10760403007345795,0.9999999999956571,1.0,1.0,0.78125,0.09249993672223082,0.2286917186080082,0.9005177474654232,5.797586631703719,11.252384294732822,0.12187721815101342,12.933986020666875,6.901906925894982,0.13472432625114533,8.074896160096925,0.0690908878341561,3.0983324055458867,0.9481250000000001,0.18749999999999997,0.007626953125,0.0,0.08381616951903742,1.3618859669246455,0.0,13.31457154811546,0.5104109048843384,-1.0969969034194946,-0.39529597759246826,0.1820642054080963,9.450716018676758,10.042316436767578,14.0259370803833,14.2716646194458,16
24000.0,12.0,6.0,0.5905948629681599,0.7840988919035965,0.3316239503144096,0.9999999999966513,1.0,1.0,0.5,0.3828244879904402,0.7733020536162989,0.6696677058000781,4.398361882864836,4.5957299547074575,0.366726614342092,6.602833871844338,0.024659637449090777,0.3082243005251736,0.033807456842161646,0.3466827052000038,1.5946807083043133,1.0,0.3333333333333333,0.014534722222222221,0.06060606060606061,0.260612577010186,70.98648423445162,0.0,0.2811790587813666,0.2855815291404724,0.12333915382623672,0.08628255873918533,0.057015012949705124,4.383901119232178,5.293919563293457,4.136476039886475,3.4025661945343018,46871
