dataset_id,dl_mean_0,dl_mean_1,dl_mean_2,dl_mean_3,dl_mean_4,dl_mean_5,dl_mean_6,dl_mean_7,dl_mean_8,dl_mean_9,dl_var_0,dl_var_1,dl_var_2,dl_var_3,dl_var_4,dl_var_5,dl_var_6,dl_var_7,dl_var_8,dl_var_9,dl_mean_10,dl_mean_11,dl_mean_12,dl_mean_13,dl_mean_14,dl_mean_15,dl_mean_16,dl_mean_17,dl_mean_18,dl_mean_19,dl_var_10,dl_var_11,dl_var_12,dl_var_13,dl_var_14,dl_var_15,dl_var_16,dl_var_17,dl_var_18,dl_var_19
43924,-0.0103414562301108,0.0210366676642154,0.0277740819444009,-0.0399343613156024,-0.012900850515614,-0.0316853754119394,0.0024635947364966,0.0885576329181952,0.0689692944897501,0.1647600830763463,0.1777749620113238,0.0286177651238726,0.4528115815504794,0.0403591566668139,0.0848748188716297,0.0200433164763511,0.1938087182259693,0.1733310135513864,0.116867829963278,0.3059977092378845,,,,,,,,,,,,,,,,,,,,
732,-0.0218896707665406,-0.0161807594240018,-0.0036729366896847,0.0269208954228556,0.0405057149856708,-0.0135995082593549,0.0247824350285234,-0.0434078842614983,,,0.6092618716014778,0.5895275304356324,0.5842697595845522,0.5766160454467815,0.5808195190559351,0.6183318623311959,0.5887832062170608,0.5534665135836703,,,,,,,,,,,,,,,,,,,,,,
1459,-0.0278266942471572,-0.0558089039888934,0.0195536380293862,-0.0757571870074314,0.0361671329231568,-0.0272735343033909,0.0213002890528909,0.0495066124863163,0.0638009998925648,0.0793549753123397,0.0642236703616516,0.1598581964270504,0.0739124698729978,0.1635046530639728,0.0420437007510653,0.0356425108368496,0.0385638351655394,0.0803850831993283,0.1346414193466137,0.1798001921082019,0.0343735136781656,0.0448045785457942,0.0634136134734738,0.0589966224581094,0.065440795941299,0.0569657901417528,0.0539922941617928,-0.0572436475273904,0.0427333527936652,0.0648531531803125,0.0571982710014888,0.0713168943307161,0.0757996135336276,0.0653889973609249,0.1041915143753103,0.1993991855528121,0.0875768570346886,0.1103419600776423,0.0681511207497156,0.0963634352063084
4538,0.179847784191383,-0.058542085322484,-0.2503384177767115,0.0113915666720717,-0.0434296674724466,0.0073700887549544,0.1926280234975692,-0.1766240288237089,0.1724164504585522,-0.0156139472308612,1.1681678785073164,1.244898772305707,1.4229075918639646,1.5647303681071107,1.3163144716883983,1.131232463953281,1.1463538466293242,1.0366778032516246,1.054937005407464,1.1573970135060585,,,,,,,,,,,,,,,,,,,,
694,-0.1279592174930543,-0.0299599442905063,0.0538045367559137,0.0251335475611272,-0.0329941482794826,0.0940635364908605,0.0076163054713671,0.1262585418345075,-0.0795705727927737,-0.0217134586879152,0.205099357044738,0.0181008336826753,0.0591825295700559,0.0787823112358466,0.017178869712097,0.1817169708051611,0.0051380820062175,0.3537678872814679,0.1222704827345602,0.0275136550945232,-0.0728653206938303,0.0835537109626861,0.0553199113335139,0.1114133991691367,-0.0660426003900535,0.0899303648792216,0.0437834971358689,-0.0658126132693695,,,0.143134469646723,0.1432894747810592,0.0763539400249953,0.4879682482443339,0.1228445813315265,0.3657911025401136,0.0309878073178392,0.3774375959770349,,
43958,0.6595318637748043,0.3205341477691438,-0.2063712794640398,-0.1559757511359635,0.120162811201517,0.3335714354875195,0.2360842627587732,0.2904583435238575,,,2.332518511979671,0.5181548507308301,0.2801241557911533,0.1625708271236416,0.238597896628656,1.226810019907136,0.4414020846419531,0.3515078071503261,,,,,,,,,,,,,,,,,,,,,,
42544,-0.0130398914008399,-0.1700508028940421,0.1157732630348918,-0.1299334530217503,0.0496977774552247,0.0822395403715955,0.0743634626863272,0.0624220555069026,0.0451077002532661,-0.0571335740729629,0.0801721915816635,0.2061259068673012,0.2583829066791093,0.3622628752666793,0.0612530913942791,1.4270651621120996,0.5463880286553771,0.127237455649622,0.0897645019196776,0.1310365389942644,0.0194198375866763,0.0798463310081834,0.0734052644642896,0.0882175283472411,-0.0719910101498137,-0.1163103999234421,,,,,0.0646299150330859,0.1090204022963554,0.1068595098564194,0.2369463104660703,0.1920686863423439,0.3887172718413517,,,,
46944,0.0072401873989369,0.0032995582795422,0.000719980947631,-0.0058652953141274,0.0108567948234453,-0.0097269301276991,0.029336071098065,0.0027251325848707,,,0.2865197036054114,0.2740481414335401,0.3015629016600889,0.1992128820666605,0.2183498714750381,0.1957833040106713,0.2171611740857714,0.232730602162964,,,,,,,,,,,,,,,,,,,,,,
1446,0.3615676985003322,-0.0705415380612041,-0.0085686887016916,0.0235882017686481,-0.1878867227627641,0.0917611762306923,0.1628952041212874,-0.0660924341297057,,,9.57887954047152,1.2323584750229868,1.742864221505087,1.4232076249277337,1.2577325665548256,0.6422219478044059,1.2513819324510251,0.8754321053043136,,,,,,,,,,,,,,,,,,,,,,
45035,-0.2093345562939369,0.1984013060869262,0.1379494327265351,0.1246502392011953,0.1442471407039031,0.0230931943016311,0.1312181285900794,0.1302054087356388,,,1.0266876609977456,0.7427036552593637,0.9254923757182358,0.6375060067470729,0.232056681697621,0.9424854086125593,0.654741243580483,0.502472574271807,,,,,,,,,,,,,,,,,,,,,,
39,0.023191209098415,0.0655661815696394,0.0608212980846147,0.0206836689120625,-0.1323421414498929,0.0045594716889361,0.0259475621730571,0.0878089048451461,0.1245436714057398,0.0431737592027923,0.1366830350333925,0.0878968676591289,0.9876944902862472,0.0603912582629289,0.5695996058906843,0.0446118324014761,0.0381875002571273,0.0893897117935634,0.1725291234440426,0.0582992229498708,-0.018192113086763,-0.0762991399994028,0.0555362119934432,-0.0758682878415823,-0.0240580044673875,-0.0190564080455725,,,,,0.0512788581221736,0.0797026387607757,0.1030108483131237,0.1151756251855758,0.0711834497307288,0.0495300832077135,,,,
44033,-0.1405561640341923,0.0681849234993674,0.053767645025923,0.0444800888154775,0.0606915198166653,0.0688358119922405,0.0289935269260931,-0.0861459573993114,,,0.3129421229312665,0.1843907199913927,1.439255291883156,0.0993173036248842,0.1406851654133245,0.2017011262498202,2.425262410684465,0.1511356141229457,,,,,,,,,,,,,,,,,,,,,,
1527,0.0648458876434804,-0.0091888318808557,-0.0318404877185343,-0.0116609984277251,0.038117839975403,0.0417286078955166,0.0334237082859738,-0.0084820259467382,0.0423460714922359,0.0437280111232229,0.1014720182509699,0.029056087094231,0.0518486300806627,0.0272194593973918,0.0503961785714077,0.0652204311830106,0.0523737194931904,0.02620243822315,0.064938630612994,0.0638700087845623,,,,,,,,,,,,,,,,,,,,
41842,0.0085745839096663,0.0899356869231853,-0.001015418147476,0.1871494567944954,0.0014283833230582,0.0671067700124027,-0.0672004715360871,-0.1703214498429937,,,0.8000867497664321,0.6280260826982359,0.2168533968891897,0.8748222124433734,0.3172309994387538,0.2397580555195739,0.4437525496411613,0.8001540618232342,,,,,,,,,,,,,,,,,,,,,,
44367,-0.216719861566484,0.2603897310579589,-0.1940245376638669,-0.077216030594359,-0.1011721758807524,0.0810517625427127,0.0594642254026605,0.0623027834731122,,,0.7178360408707075,0.5319941801999115,0.6262692578310085,0.1871052800908049,0.2508776076343698,0.4696836089439257,0.224234858780952,0.2444130443682456,,,,,,,,,,,,,,,,,,,,,,
41168,0.048695838849174,-0.0909607455859684,0.0277201953876972,0.1731608669987623,0.1616689606054282,0.0494416888697941,-0.0818596625781553,0.0377033371100494,,,1.7375124870182894,1.6225724851204273,0.9923831395597464,2.8264718224609777,0.6076002259972845,0.8498479696144913,0.5280587575854379,0.4078191245540478,,,,,,,,,,,,,,,,,,,,,,
44505,0.4692533879344411,-0.1459987711964275,0.1120547598445671,0.2263809515115751,0.1267712020319042,-0.1844829009893412,-0.1407486011453084,0.0019678894595776,0.212699113585936,0.0382009069702476,3.093765776585541,0.645604626092839,0.9104291451617488,0.8895184509541803,0.5908707641175538,0.356729103826863,0.3085252217643873,0.2755639823922559,0.4364447321023297,0.4829117348165139,0.1679004300952631,0.2496733148303912,0.0819677509888554,-0.3340613537986185,,,,,,,0.3993486728510068,0.617122029743929,0.6879183458721155,1.573561546848349,,,,,,
45060,0.0341178852951511,0.0710914254114521,0.0901832724983563,0.0118742603716581,-0.0286666640814699,0.2351295362527947,0.058605208114831,0.0729841676106506,,,0.1166728580098611,0.3838144269360377,0.1924939838628201,0.0075178003608101,0.0587633217554508,0.7717740129567495,0.1169938005536553,0.0892573764964388,,,,,,,,,,,,,,,,,,,,,,
1513,0.039032959996896,-0.0211864314893373,-0.0510159527587091,0.0113081957424876,0.1913188840929421,-0.0806149527700078,-0.1476805184805282,0.1533176806955961,0.0155638217150248,-0.1095557545893505,0.3394513592841373,0.2120232583289529,0.4108046393184771,0.2290104519543118,0.4837954824596115,0.2479841962989467,0.3509370846269347,0.899980064279573,0.2462068543217242,0.2107298272619214,,,,,,,,,,,,,,,,,,,,
46543,0.1242188658557956,-0.0181569088369256,-0.0837702434278906,-0.1023290828057945,0.0818112511236348,0.1168404233985972,0.0321657635540311,0.020577397258703,,,2.6935131851336207,0.2587373908066743,0.1294013247643379,0.3697891245193007,0.5502832555274407,0.1764950464219835,0.9755288998572158,0.9671583095790928,,,,,,,,,,,,,,,,,,,,,,
41858,-0.1810839474880265,0.1334757297473545,0.0064863417233715,0.1783360265988659,0.0576224480723415,-0.0761714766524797,-0.0026439507782831,0.1892836310109972,,,0.842350312091911,0.4838734254498853,0.0612435583364578,1.246277913147942,0.1456291586700372,0.458967393611347,0.1293653393850524,0.6659672412069824,,,,,,,,,,,,,,,,,,,,,,
45028,0.0530166183419545,-0.0560695552635793,0.1217038510074565,-0.0943269707835022,-0.0790490460252033,0.0134989455716495,0.0352619045024073,0.0142695978940593,,,0.90671340583775,0.3126873664041387,0.4056766502016418,0.2231989376520138,0.1709687377089794,0.9763774866655628,0.232444006654952,0.1858340432579215,,,,,,,,,,,,,,,,,,,,,,
734,0.5523450130760267,0.0170685879030502,0.1322924530174015,0.020398061455598,-0.0031135899552417,0.2121800594719581,0.1073206218890882,0.1354620992693648,,,8.10628341480013,1.8694874665489447,0.8069776062426552,0.8293549223834188,1.0039782068043537,1.940615550195786,0.7161846895652858,0.7630704857368721,,,,,,,,,,,,,,,,,,,,,,
46532,0.0212391448485851,0.0496498023338302,0.0718427007897457,0.0230059682611449,0.075835222117976,-0.0225747317526589,0.1854408836800935,0.1526150183626241,,,0.4453469686047384,0.5394522417419144,0.3879626852344469,0.2772059843000613,0.3251525546059794,0.471387053036052,0.4403534290549777,0.6429103811562195,,,,,,,,,,,,,,,,,,,,,,
46842,0.1845461711515685,-0.0111599092393439,0.0915615256410614,0.1071226231553128,0.0556463944786442,0.0756077236589143,0.1224391714641801,0.0798770515963886,,,0.3710600294207457,0.2005318691788422,0.2029857035817281,0.209020533418023,0.0834324334386956,0.0870390499359901,0.223677004568839,0.253467301769358,,,,,,,,,,,,,,,,,,,,,,
44528,0.0758876667605256,-0.0023657760118163,-0.0238997492971577,-0.070125880457906,0.0670214906602802,0.0061949609246503,0.0760768036266666,0.0339790348602202,,,0.1304595970595448,0.0419864961593339,0.035229450097098,0.1203836677643795,0.0825983292760635,0.0469706117572483,0.0837049641153209,0.0419559776048634,,,,,,,,,,,,,,,,,,,,,,
46952,-0.2003252951742981,0.2618638886071184,0.259445563520931,-0.1818073422231758,0.1113234311998042,0.2489694540321954,0.0977993994944513,0.1475089640068106,,,2.574916038046065,3.1749013363607137,2.649603420207676,1.0607870385052005,1.4262011139708584,1.4653882843817023,1.1292761827013096,0.9968540311230568,,,,,,,,,,,,,,,,,,,,,,
4154,0.0548947280822436,-0.1905771160050588,0.1652242198276233,0.0612448818980857,-0.085873883061267,0.1054111054349716,0.0231291544955453,0.0756340531273353,,,0.9189861710906818,0.4927910130140088,1.439873463772169,0.9482441537499297,0.7422340894697397,0.6260487062927588,0.5698204587690615,0.4428442762475398,,,,,,,,,,,,,,,,,,,,,,
784,0.0152008302752678,0.0822250682932447,0.0549128697822377,-0.0200366611425039,0.0751675080655167,0.0267396977328421,0.0159075941744909,0.027895434599875,,,0.013865324459591,0.1651704726808453,0.0385563876156636,0.0115611986279385,0.1493820351955838,0.0126435596577277,0.005697020157821,0.0315713163033815,,,,,,,,,,,,,,,,,,,,,,
44671,0.1905362054231359,-0.2413166012189513,0.005843480413808,-0.2586806600736775,-0.1608735926484503,0.0383034011711208,-0.0163528024109169,0.1657352747880595,0.0261233533671363,-0.1048512977671582,3.3038962146328728,1.2145158440865271,1.827235590445582,1.3214876647133478,1.1328930247135427,1.3895903485346153,1.04144163279095,0.84911324055462,0.8943907010535521,1.0075373106641698,,,,,,,,,,,,,,,,,,,,
45714,0.0583820593160076,0.002369365035375,0.0255284805365489,0.0333601044804797,0.0005140333767037,0.0514073723551827,0.0081133640446338,0.124200622488813,0.0279883125662904,0.0471162324120109,0.0712151843265671,0.0003821047695529,0.0155730206364851,0.0295993708534644,5.829789388435933e-05,0.0575247454659814,0.0046262879528574,0.1587873274655473,0.0122365633922136,0.024646683678513,0.0144845007656187,0.071731733462722,0.0265635631323179,0.008789763074364,-0.0324339623452325,0.0045605833075471,0.0496652531282669,0.0695703128465768,0.0035089958321495,0.0076615952803113,0.0044207832178762,0.0548322813190707,0.0191702000622359,0.0062515693526974,0.0222917801197329,0.0004983529996027,0.0324530115553722,0.0659319753672397,0.0027180650438387,0.0023827958174139
46554,0.206531500998748,-0.023606671030478,-0.0082401521068234,0.0593614586795024,-0.0248219317510503,0.0619900947437973,-0.0756880635754678,0.0878045241525732,,,0.7098517543971316,0.2214955294102975,0.1260859981119982,0.1746686277910201,0.1511983376440852,0.7680396753193076,0.1417400433978658,0.2085378672480858,,,,,,,,,,,,,,,,,,,,,,
43893,0.0151786807877897,-0.1590019947808473,0.2977456111927638,-0.1126164148399325,-0.043892009894998,-0.0084342199332408,-0.0622686133864777,0.0129225753140428,,,0.4355101880348487,0.5557533148358604,0.5226566724140346,0.7501626577193881,0.5778708457821957,0.2947820531180993,0.2309146759242329,0.3908206474309573,,,,,,,,,,,,,,,,,,,,,,
44663,0.2070124961426686,-0.3603950532264616,0.1257950831644979,0.1044766866046156,0.0692533757215697,-0.2327117534229527,0.3964486247485975,0.1805859942242867,0.2756846934582289,-0.2255929096450982,3.0584232681272114,4.247167741699296,1.5307532430638942,1.436266585295358,2.5976480226774146,2.701532393067973,1.358496058178665,1.4061686268674405,3.987601545578824,1.2715284612588948,0.1610936094871594,0.1305539157893082,,,,,,,,,2.264938879390615,0.9240966133628722,,,,,,,,
1,-0.1142468796490232,0.1180812592612362,0.1783862790261482,-0.0032102324305752,-0.0904589128341181,0.0431093235218982,0.1270763310601173,0.0954703971064177,0.0939079702113469,0.1038620659426986,0.1022557657690639,0.1491009785850889,0.5205244867450955,0.1076699489506136,0.1184504676556695,0.0648916798530206,0.1984253641501072,0.116929013872659,0.262024313288285,0.2612886795822827,,,,,,,,,,,,,,,,,,,,
1056,0.3536811312676388,0.2058093809996425,0.1447220715928391,0.1466289383837985,0.114604961990901,0.1264479833014702,0.1201956733697468,-0.1791943330421368,,,7.783279870512223,1.682328258400416,1.530606096496659,0.6583835497269115,1.0181151276579614,1.0847811308246504,0.9543805454829524,2.933260336801178,,,,,,,,,,,,,,,,,,,,,,
44259,-0.1286515523404083,-0.1592357223685289,-0.1802092701891739,0.077743484131841,-0.0615111588407701,-0.1138797300976705,-0.0729948521156035,0.1809907261208293,,,0.114272829823162,0.1871626195501951,0.5472819857408401,0.1786922178359854,0.0565181247169855,0.1574189486973329,0.1783323719037498,0.5054179724599822,,,,,,,,,,,,,,,,,,,,,,
44158,0.1453081634013333,0.0830283731164241,-0.0283784725682364,0.2636045801691161,0.223923313000859,-0.2640660963515029,0.066372502797878,0.138920670516506,,,4.192016978560564,1.0225455513755612,0.8672076185573528,1.257888582615366,0.6719370178415558,2.1807193295484697,0.7601636183688515,0.8270134878524021,,,,,,,,,,,,,,,,,,,,,,
45547,0.005851296251086,0.0033453539047509,0.0535487146362044,0.0657924959561642,0.014442193733565,-0.0035933974145344,0.0014989308999489,0.0226182703197963,,,0.1556477319449268,0.0418810316125613,0.1008708999332675,0.8470234390141628,1.036351729436794,0.1431234877464708,0.1355185792316332,0.0721572065038593,,,,,,,,,,,,,,,,,,,,,,
44076,0.3179758917076703,0.1532955590093902,0.0067346513825189,0.0623197995499464,0.1197269829951514,0.0053916273881331,0.0431588582517172,0.1210854693399173,,,42.3776249781285,0.3710687669986546,0.1811194802327181,0.2275441522493301,0.5993320884326534,0.0525545469754763,0.1157910635122317,0.1898353420188842,,,,,,,,,,,,,,,,,,,,,,
44395,0.834386930470966,0.3292649081387735,0.2883957866614502,0.1881948965950427,-0.0913858607142497,0.1224551161142573,-0.2525985628760879,0.1673015711292999,,,3.1814260740540057,0.8909693204424124,0.5229930659703136,0.3451368030762893,0.6005809345462269,0.8736551002673681,0.5217818121192266,0.4606100871971328,,,,,,,,,,,,,,,,,,,,,,
41791,0.2930890695284198,0.0926195709982295,-0.1357143940419033,0.1362960212374565,0.0053331692364827,-0.1742463895832724,0.2443548260398834,0.0474345816463008,,,0.7520368731151187,0.3583573806656396,0.8371167221145912,0.26738034105712,0.0279328188831373,0.8984637934077727,0.7623451114382407,0.1457577162378875,,,,,,,,,,,,,,,,,,,,,,
816,-0.0014911816603013,0.0019507301200003,0.0044893645510839,-0.0041438670930123,-0.0024984040494155,0.001186039949115,0.0052795362050559,-0.0053601133512926,,,0.1474573881899991,0.1449931689826047,0.1505541823763314,0.1412923678429206,0.1438297582740122,0.1421149841069438,0.1443254806012947,0.1420847497480574,,,,,,,,,,,,,,,,,,,,,,
43551,-0.0002250988975555,-0.0021077870119583,0.10473899142772,-0.0091235228610912,-0.0358200573475964,0.0011275671203942,-0.009398242656929,0.0035739712258637,,,0.2610235376067775,0.1849827954382466,0.2438912468904615,0.1564463869159917,0.229354896762296,0.1877998773988273,0.1710033259623415,0.1681787664102021,,,,,,,,,,,,,,,,,,,,,,
721,0.007353986523635,-0.0103834064389981,0.0148171597418414,0.03536939355585,0.0057494441968693,0.0099354846392606,-0.0246621741260344,-0.0135002209367129,,,0.2120376050413147,0.2189887792631531,0.2143941520470405,0.2121097445004177,0.1793146235135838,0.1974807332432934,0.2930276530096266,0.1565039517806421,,,,,,,,,,,,,,,,,,,,,,
46962,-0.0493219465663206,0.1182788606620941,0.0915985447872764,-0.04151087213623,0.0280635113906477,0.0376583247009272,0.17490376177745,-0.0456250798136083,,,7.619689089913085,4.385619284719583,2.478754655184731,2.0576507224063096,2.5107195459567606,2.5011567150497367,2.435593679875117,1.424217637523736,,,,,,,,,,,,,,,,,,,,,,
896,0.0332895319568572,0.0255190052437426,-0.0033108411987294,0.0162428763371592,0.0135722836122835,-0.0210735160248686,0.0138752912224476,0.0117096708287278,,,0.5678819108074221,0.3055481376064813,0.3278810295127946,0.3602857858238175,0.3970230703644557,0.4292181925499708,0.4039990669413899,0.3577669160784664,,,,,,,,,,,,,,,,,,,,,,
45022,-0.0004353357460807,0.1251126020860523,-0.1294950283751562,-0.0551579601740893,0.0845664980253737,-0.1049215763441905,0.0872184063187077,0.1280232518098727,,,0.1858940903221338,0.5646290749211761,0.3456706025371223,0.0990352315235309,0.2109302132248749,0.1386679228883048,0.735240066242019,0.1439071635293023,,,,,,,,,,,,,,,,,,,,,,
1071,0.4897962362430507,0.2246395142691453,0.1416086074089936,-0.109493289476486,-0.1056587445495133,0.1426819673681079,0.2118370498339352,0.470593998323687,,,5.145241580816593,3.174924045471022,1.030491954092879,2.2111286850092617,0.9645267803433116,0.961988025649564,1.1079924234259322,2.1346309884133743,,,,,,,,,,,,,,,,,,,,,,
45026,0.6036921586461781,0.1440512415700744,0.0398961685848726,0.0270650606594428,-0.1560037073529573,0.1805784522641641,-0.1136801685338786,0.1344942385707283,,,6.997606473683873,0.6226714059909473,0.497332720076554,0.5188027609641296,0.4460389884910274,0.262447971444104,0.2409476373671155,0.3994534246063789,,,,,,,,,,,,,,,,,,,,,,
32,-0.1617367802788483,-0.1442250012142895,0.1146637820254789,0.2097350248781204,0.061611913800227,-0.0424358119426104,0.0315208248597711,0.0545011592947449,0.1230450238060107,0.153036391352915,0.2799395885305061,0.2703517405820163,0.3137957524926067,0.3645702811245725,0.235065050270708,0.1401822537973921,0.1154154195213946,0.1960511195541585,0.245695213861514,0.5096880142291056,0.0562937278067484,-0.1835759383864414,-0.0065909105288466,0.0752395354595981,0.0908947694898747,0.0526982025968147,0.1612464243202326,-0.1391218735808922,0.0884006634089328,0.088943402747497,0.1210069284170921,0.3435460712028617,0.2225803264306424,0.1364061885327416,0.2014536191426756,0.1393749188105103,0.6075741090546907,0.4795760322866551,0.2071319858995327,0.1980948374561346
41004,-0.3030301447766811,-0.25669075621186543,-0.2915680939101305,-0.12174536813918561,0.2767621735745848,0.003429587463279235,-0.2865548896619278,0.26535785205252577,,,0.7797571508143074,0.8431174011164368,0.8651152528712851,0.2413581722687034,0.8874652658212934,1.2510889755490027,0.7511695716070634,0.8703056546892857,,,,,,,,,,,,,,,,,,,,,,
4153,-1.2081398227596456,0.45802170971074,0.10254464974400349,-0.8614751690448386,0.2993209440621295,0.3499654404904919,-0.17512005586909554,0.3344103843199137,0.26031367621383583,-0.41660314500790685,5.980968480136338,2.1099453088622795,1.5469126656648187,4.427428036691845,1.031064485069053,1.6893682421282847,2.573209280572583,1.724997843037909,1.023746672283042,1.802252295235136,0.35813124199256097,0.4879001038921707,,,,,,,,,1.7436489088700506,2.046629189984321,,,,,,,,
1465,0.013807714030104187,-0.01710190157407572,0.03647807557731181,0.019993088371706897,0.05138815602714866,0.0013466726273153793,-0.07481256954965625,0.0021109422134724916,0.041395710257912034,0.06281138270023161,0.2461377596876843,0.14938979744703312,0.2699944130208177,0.17107512237460995,0.1611171586729457,0.10929822933546152,0.24648333883545068,0.19265775464789453,0.17890459479858384,0.1852249398282343,0.04292037291175975,0.02392484135524442,,,,,,,,,0.19290683214741916,0.16209739231255338,,,,,,,,
375,-0.011193633186496472,0.06032396145002928,0.12921474248606948,0.08005020038110436,-0.0006369053936472486,0.03102899899591534,0.09780352942986022,-0.0648921250920126,0.05835363172934016,0.09356643423377321,0.28964883343210557,0.29493936239433644,0.2310259923481054,0.24170356248428068,0.15962373801408428,0.13860286546105208,0.31368687430594516,0.12442161332509727,0.08716140993084416,0.30371123410082296,0.06177819338084262,0.023857219656709908,-0.060248362209905426,0.08054217445833917,0.06524137633392457,-0.11018183307952001,0.031290899451427094,0.10129920046300658,,,0.16587068757627602,0.22673545083007912,0.14545303525568443,0.20851196056975363,0.2560056941261389,0.2696311428924201,0.18633668792694738,0.21230421037422992,,
46879,0.09452755860421805,-0.25579412071088814,0.15596645866477832,0.04555680093318009,6.082855692567884e-05,0.7314589327356943,0.7314911693811555,0.07205175061166894,,,0.29247925155468646,0.499111803644697,1.3161636681373958,0.24112729243798536,0.037326482370379735,1.856445752186808,1.8261770715936163,0.21908891773326403,,,,,,,,,,,,,,,,,,,,,,
47000,0.04136307344219732,0.1276854703987395,0.05338417963312059,0.1755774523209019,-0.059457758733437685,0.14575753038747105,0.08464464074261564,-0.08087682846246375,,,0.33462074144797355,0.5442277382588531,0.2798945656956404,0.344291898130527,0.2080079988899276,0.39647860086961795,0.1607452851547955,0.2964805399276173,,,,,,,,,,,,,,,,,,,,,,
42186,-0.09277028912559716,-0.040837786161618705,0.11161191745239324,0.07019469627437823,-0.00041639895278089054,0.08072640384762846,0.03827467530430754,-0.08313138088928244,,,0.20727998727911778,0.03237974980382954,0.16670204695422527,0.06199022217181589,0.08135119462453223,0.13085426354079727,0.14721266209969625,0.16600421350541644,,,,,,,,,,,,,,,,,,,,,,
44517,-0.7657217078537389,0.47653233040150605,-0.23947649045801725,0.32259741454534463,0.29521930937714747,0.33753084818664375,0.22100488144798847,0.20917761074205807,0.3293929792453685,0.4412198560389612,11.372998732667321,2.684524162496635,1.3066280279654257,2.4355699879862964,1.7979913397021425,1.9715954055266818,1.2264469159716775,1.4154404953110207,1.4524801924792745,3.129859082701255,,,,,,,,,,,,,,,,,,,,
44636,0.30249384763967746,0.06490927136770128,0.3555890962457225,0.19587256457122382,0.12967867607216743,-0.07792118131875758,-0.059893903207824666,-0.07304772595327733,-0.04100387081841897,-0.07289142735097787,0.9200889014755259,0.9439788576471065,0.7840617373025236,0.3669074083222447,0.5646433932344509,0.17291168208966906,0.19660855872581132,0.15990507757677952,0.25622107100766267,0.7719330231719845,0.13814371917055412,0.2956639945942037,0.21205802742793153,0.262677894350264,,,,,,,0.2676541018473378,0.5212272790386825,0.29520588627152844,0.9164540765140455,,,,,,
46505,0.07573201055044913,0.0894928135589892,0.07799538339264937,0.10366571599375632,0.040250393752676576,-0.002663708047886222,0.06975617248655391,0.09158467208799449,,,0.3887555320720794,0.6581560454335493,0.5311268996896507,0.3896641502315688,0.9299340692189524,0.44620533577523047,0.8061560355127946,0.7635105206824947,,,,,,,,,,,,,,,,,,,,,,
44634,-0.061150296671382096,0.08779194587535731,0.3526014494761886,0.18432384124534798,0.08600871369635962,0.3037364800008406,-0.07479104735032914,-0.04139756914103082,0.3025539187025783,0.06734885770279153,0.39370796297066896,1.2999532272308556,0.8088859428911483,0.319178162767571,0.37039654586072857,0.5353570189961736,0.16730416418446314,0.18933925137975666,0.6199911560351797,0.6456704737006934,0.07697857114794998,0.06650223390441092,0.05470394694119845,0.42144895247754277,,,,,,,0.16949251259597517,0.21645358160548064,0.15496678823203175,1.509833544064856,,,,,,
46566,0.14202264438002749,0.03217023056913186,0.2822539153496965,-0.07621800020095035,0.10070877422019633,0.06511768556000432,0.15568329663714983,0.12736338827589458,,,0.915963719838117,0.8600107801803458,0.9308682919027309,0.8435122162827609,0.8897150418624434,0.9726561905630764,0.4170003283864041,1.0882060963902047,,,,,,,,,,,,,,,,,,,,,,
40997,-0.01823845348691886,-0.27903183927875025,0.27271703819872983,0.2736195201315059,0.1261508472191967,0.29002855042806397,-0.27083701750807815,0.2643423456561989,,,1.2865267442124289,0.8611335110208103,0.8584206606338214,0.8411483053767694,0.23685675175331583,0.7117176511489368,0.773280533093278,0.9049029022902527,,,,,,,,,,,,,,,,,,,,,,
62,0.009631142269378504,0.0,0.0,0.0,0.0,0.0,0.0,0.0,0.0,0.0,0.11860811644246845,0.0,0.0,0.0,0.0,0.0,0.0,0.0,0.0,0.0,0.0,0.0,0.0,0.0,,,,,,,0.0,0.0,0.0,0.0,,,,,,
1529,0.05656388473353162,0.04417778523208536,0.0352529011196254,-0.015463484928584178,-0.02889556253417322,-0.035001492916557624,-0.03490886540536002,0.009498047393807307,0.03991306582211052,-0.0345325051644566,0.08382942924801731,0.0669384577042623,0.0487027528461505,0.026350054162049403,0.050645486948109955,0.0629554610371149,0.05223605396098583,0.02450882804670052,0.07143631912052395,0.04953583414001313,,,,,,,,,,,,,,,,,,,,
1539,-0.008599592335433497,-0.023695765717447928,0.04167455638042421,-0.043642280243846865,-0.006736436905371032,0.020342602540500642,-0.041133961382924085,-0.006748908883463169,0.026664375141411834,0.027060130265855444,0.02653116976287684,0.06652816026765901,0.05604899409902391,0.05969858291368514,0.03219349589875542,0.05347594591398422,0.05889843899042851,0.03638698217672749,0.05461862872157403,0.06273457379533348,,,,,,,,,,,,,,,,,,,,
1500,0.05457649496723901,0.02649347072932017,0.04720475689416481,-0.05168389838619657,0.17838987550428065,0.06766009976262584,0.17022562914829703,0.02736762864679883,,,0.4242460890228398,0.06179690816008728,0.09783848994274487,0.2485604532696925,0.3540243903798957,0.0754677081888906,0.5368437911297784,0.29320715832782546,,,,,,,,,,,,,,,,,,,,,,
1533,-0.0055448210741781195,-0.04059636653211576,0.023892257306023474,0.021861455857084034,-0.012108292151376071,0.024252752374245814,-0.041804276846736765,0.008395252644472107,-0.024822475831238824,0.03715142844375193,0.027047763708503744,0.08423711521986851,0.052268834312062626,0.05733551497396711,0.024045396574139937,0.06449066093539774,0.08765338566429169,0.022255306527343973,0.06769728390364745,0.06427302516574196,,,,,,,,,,,,,,,,,,,,
1523,-0.015029675988879486,-0.033281145439636645,-0.022535037820024043,0.053682672260570136,0.106039505736779,-0.0037870791336205773,-0.0055559008382923,-0.029256830966609932,,,0.28981445588960564,0.04980081776780364,0.1254294351218817,0.5022392218784975,0.24274172254653414,0.15280507743287006,0.15984346270734356,0.34124645487068517,,,,,,,,,,,,,,,,,,,,,,
22,-0.32018952858484667,0.251438489988212,0.21849710395046384,0.21747591057141982,-0.14677840952310572,0.12527127383313535,0.19781400583595382,0.1361018770985576,-0.25258839208640377,0.10397237173917284,1.4252364341285197,1.0229567152736418,1.0380774064064722,1.0138421241501272,0.615704847898706,0.6032077166895109,0.544179358411617,0.5608273609327512,1.1232910798122506,0.4069723825866788,0.16453741506411584,0.16346258677365472,0.1267348056761345,0.17204960320295842,0.18722478928319777,0.262955267970816,0.14895236385430366,-0.05480806830541895,-0.1410679474439599,-0.1829325847447324,0.9140904981483818,1.2429659997622802,0.6357904187580982,0.7122620131341452,0.8432517570976402,1.353365421832625,0.9099378054502332,0.8523234893927016,0.4670795889712766,0.8382956919466092
45688,0.06954531863233128,0.0,0.0,0.0,0.0,0.0,0.0,0.0,,,0.13947128834048636,0.0,0.0,0.0,0.0,0.0,0.0,0.0,,,,,,,,,,,,,,,,,,,,,,
46745,-0.15572969648712331,0.1587530648652968,0.20714457315422666,0.2342974637658494,0.11501959998891906,0.05190742526925047,0.12579363455280138,0.1525789830133683,0.09015878887629007,-0.17737130933050335,0.4120747957029347,0.4397617214735977,0.45639359513156363,1.000827771931803,0.2195707866842416,0.10834876949965981,0.26827651481747294,0.529834987139399,0.46929138348858007,0.6712602696816481,0.19643959612660383,-0.17715383390730421,,,,,,,,,0.31001536721621387,0.5440339834192023,,,,,,,,
40498,-0.03743102873821668,-0.02138169903757485,0.034309503510412995,0.11063568970074852,-0.04580319084746217,0.04523840561809723,0.10205035771017681,0.08220852312202231,-0.0035598963069382763,-0.05820559746473375,0.20076779607986836,0.16846539803554983,0.15027102387060434,0.5193570858210607,0.17478533969306162,0.19336933845037854,0.23569444802520173,0.17135316023852729,0.13448602777895557,0.14298833005901462,0.09288327543180627,0.06166874039979149,0.026196912936197345,0.049981170218424034,,,,,,,0.20116665163372457,0.1829780220550343,0.2574828256730025,0.18446956953262755,,,,,,
40475,0.018814863214149782,-0.011295515681922394,-0.0036238709717212564,0.08772484335523571,0.043157605459324525,-0.0408228025330983,0.011010346696634732,-0.035757026739780595,-0.011213416563646487,-0.013387111941528753,0.17713266361382943,0.08081419706273904,0.06142782214941492,0.8460219784805426,0.3943164949082619,0.16179956569722367,0.17861259869289597,0.12863624048303968,0.1310341292161422,0.09287544290126601,,,,,,,,,,,,,,,,,,,,
11,0.005269186694629221,0.007862876637908212,0.0046443848261329655,-0.00023347972459739807,0.00015722702356704322,-0.004626843470705982,0.0023612724966011332,-0.005431772346182104,,,0.09355609813755847,0.09727309005759441,0.08972034043741609,0.08492919184734313,0.0809127107839163,0.09889595683335778,0.08958047901836023,0.09989826777267359,,,,,,,,,,,,,,,,,,,,,,
1551,0.01407939624792657,0.020335275211361314,-0.006529860045155653,0.01016159555610768,0.003020562674247387,-0.030069617424519655,0.0025938935561661365,-0.005241682499664888,-0.004015345150115896,0.05610565379363752,0.359565375648495,0.37428217306341965,0.3912529130552632,0.3852455915393593,0.35765665869521135,0.3558487114405765,0.3814286980056463,0.345048661863376,0.3593297679412401,0.3555695388785714,-0.005320709716051632,-0.0025696616163821302,0.017959080422909703,-0.0024556600643982963,0.0265707873337293,0.005785775909195394,,,,,0.337859016004182,0.3301627765348328,0.3445062716036884,0.3423931934266385,0.3104637060339546,0.3147670200537011,,,,
46382,-0.013835061559703862,0.05892670978646113,0.06905625760939936,0.015411012375842642,0.04012130069598297,0.07249529029294097,0.09578891370403737,0.0744277789145116,0.07361810298398265,0.012170175889149886,0.09516869470153581,0.2521647285039804,0.5744684985368511,0.48389923809559615,0.9239785737144716,0.7980955221442713,0.7777839690919437,0.4897593154518936,0.22494270140802616,0.10244340986497152,0.046246185697141874,-0.05487514395240673,,,,,,,,,0.4074918274582388,0.06107692881075971,,,,,,,,
44513,-0.3634425315535743,0.3459358817870809,0.4820623330186015,-0.2662822574493571,0.20131485274157576,0.1819845587298203,-0.2556107655985885,0.2341264973967335,0.2373781642789843,0.21267974868564848,12.682449563896437,2.15188570166626,3.522903405832002,2.285820771477498,1.9095222611904275,1.2383795247623528,5.292391821219463,1.8982737509321261,1.501821330571171,1.3986375576304717,,,,,,,,,,,,,,,,,,,,
44614,0.045707583221627185,-0.020712120654630684,-0.04527603559692328,0.030029194701128924,-0.012524047351797515,-0.012353911093813811,-0.018704140574361084,-0.007035107355284019,,,0.08224271105199044,0.01818518753114177,0.08646972917286007,0.055639685646910464,0.01920456960580931,0.013079841616224542,0.011852300377184119,0.07382562572598092,,,,,,,,,,,,,,,,,,,,,,
44616,0.045707583221627185,-0.020712120654630684,-0.04527603559692328,0.030029194701128924,-0.012524047351797515,-0.012353911093813811,-0.018704140574361084,-0.007035107355284019,,,0.08224271105199044,0.01818518753114177,0.08646972917286007,0.055639685646910464,0.01920456960580931,0.013079841616224542,0.011852300377184119,0.07382562572598092,,,,,,,,,,,,,,,,,,,,,,
377,0.7258104783804059,0.2649051549949585,0.18257604413512424,0.003488081687648493,-0.19159339655778235,-0.009538851074856974,0.16024920594434552,0.22117723313841467,0.20644124903356703,0.5128981503051327,4.965487922178829,1.7224888567836425,1.173410494228477,1.892654314604107,1.1101287548549097,2.181010784784811,1.0108521233674632,1.5162123496788786,2.1242154493254457,3.2650543557908707,-0.007832241626996913,0.06802988044732047,,,,,,,,,1.7898974432051014,0.49012418285177434,,,,,,,,
40496,-0.05494461143118002,0.09914441837008404,-0.06419098475273928,0.09186691576493212,-0.022315182259363617,-0.01166040019208199,0.01685071284203198,0.04831091263262622,-0.0013518637880763104,-0.03970901279193507,0.10712431951531849,0.16361579922224578,0.1055857275933587,0.12964103930594223,0.07272952774573803,0.05360943515902278,0.03701176717099284,0.07055798918985226,0.053411483976607194,0.09705885912477567,-0.002190116855354525,-0.003013827739295921,0.08247632163187017,0.015430789745889446,0.12145166592179953,0.06969056239925643,0.04954358073312409,-0.03100218893937591,0.019216889906449045,0.1024533553135638,0.0675422153428146,0.06379344582937253,0.17388514972747118,0.08845915529968609,0.2136533117824796,0.1391926415908512,0.06106718805386417,0.08684124514472051,0.06499723441173927,0.1610019631768447
40474,0.018814863214149782,-0.011295515681922394,-0.0036238709717212564,0.08772484335523571,0.043157605459324525,-0.0408228025330983,0.011010346696634732,-0.035757026739780595,-0.011213416563646487,-0.013387111941528753,0.17713266361382943,0.08081419706273904,0.06142782214941492,0.8460219784805426,0.3943164949082619,0.16179956569722367,0.17861259869289597,0.12863624048303968,0.1310341292161422,0.09287544290126601,,,,,,,,,,,,,,,,,,,,
685,0.13587339385872527,0.0,0.0,0.0,0.0,0.0,0.0,0.0,0.0,0.0,0.4733283251920604,0.0,0.0,0.0,0.0,0.0,0.0,0.0,0.0,0.0,,,,,,,,,,,,,,,,,,,,
46372,0.06261401070992527,0.008012429548877683,-0.021346779559901923,-0.06376306771464037,0.005415771621395736,0.02729028847471625,7.590366189814583e-05,0.0429495386519156,0.050324798665264375,0.03757918360511541,0.14932843676441318,0.05525454785817068,0.0748501364266882,0.13628619816879498,0.03696228200403016,0.08182186088328655,0.05416774493913745,0.07196924088635824,0.1239846271241486,0.05351732806330906,0.00850406690459331,0.02405261281479699,0.03551766067438371,0.050561194916348313,0.029844571943328166,0.05412423993085149,0.010093082694293406,0.04079029135143683,0.0650255035280621,-0.015177850837481365,0.0291252874015432,0.05407898144757968,0.06749984236586933,0.11448570783419067,0.05251895716555905,0.09668051871665154,0.07249497041768818,0.05834530329388746,0.12928278914160168,0.04561696056682224
1560,-0.17773563932614342,0.019455847692533012,0.3401132031829708,-0.18452710035438483,-0.07228789847081735,0.13456732539651997,0.19144963850070765,-0.058300157387655295,,,1.4432389877819083,1.4983481313655571,2.176005767919085,1.1488779199295898,1.5096298118303142,0.837423973489605,0.986726735329024,1.118823860638586,,,,,,,,,,,,,,,,,,,,,,
43859,-0.08405538658186733,-0.04090680246642981,0.12502775753524845,0.0691542029370615,0.0003188876991247332,0.08305686020201301,0.0381328548383348,-0.08042512339594664,,,0.20863826450430245,0.032284400123287184,0.18455208855352584,0.061405439650368585,0.07955242054380865,0.12341093697319934,0.14624862034008704,0.16126602076561872,,,,,,,,,,,,,,,,,,,,,,
44747,0.33903869971980893,0.0889061720443676,0.006295894362918706,0.06329574320132526,0.013477752316655376,0.014121361493806503,-0.06818853420676624,-0.002470339954980509,0.03873591489750323,0.14150658504501237,1.2616365289376696,0.4691458812081772,0.8876478342732973,0.08075457470708498,0.5517456391947629,0.6621275690883616,0.14065090040110173,0.059671392647007535,0.10863717917853417,0.2645692060820819,,,,,,,,,,,,,,,,,,,,
1565,-0.07060269733725912,0.05506352097479814,0.0688425260256992,-0.08762497134271482,0.08092085549903992,-0.19990778322044872,0.012376707020989261,-0.0522397851314796,0.14775188268891987,0.01693103545287446,0.30375745137912774,0.9159264982176292,0.24116309786260673,0.5941172178448272,0.8632656093278667,0.3228616355673156,0.6061605371495705,0.2979770211897512,0.6208832926348244,0.1518305678245434,,,,,,,,,,,,,,,,,,,,
1499,0.05457649496723901,0.02649347072932017,0.04720475689416481,-0.05168389838619657,0.17838987550428065,0.06766009976262584,0.17022562914829703,0.02736762864679883,,,0.4242460890228398,0.06179690816008728,0.09783848994274487,0.2485604532696925,0.3540243903798957,0.0754677081888906,0.5368437911297784,0.29320715832782546,,,,,,,,,,,,,,,,,,,,,,
41919,-0.0014498557602307248,0.2691205939501681,0.2657407664057294,-0.04292161380426392,0.23734452789103716,-0.38708307987122925,0.13552118720563255,0.4430546373957938,,,1.4271467861885703,0.7436093980287797,0.891264452757,1.0773234827726013,0.7164912219809686,0.9913124912906406,0.4699603373706614,1.1680428367698794,,,,,,,,,,,,,,,,,,,,,,
44742,0.004467191370902599,-0.008197081220687434,-0.014548886447886527,0.01699639049320977,-0.04991365862934092,-0.0351532958986237,0.019051588715137326,0.0030421202623378235,-0.015651954440185262,0.0008748414615031459,1.897606296153898,1.5898724380849698,1.474723177206464,1.3982188193684955,1.2126177182610878,1.3980127181451918,1.1428058399785095,0.8979373171469861,0.9894660231097352,1.1142796235119454,0.025758697850532305,-0.014672561783697451,0.002809094767920741,0.009263687020132388,-0.0006169627499840663,-0.008686190501442008,1.4447287634003908e-05,-0.01969997645996824,0.0031639610943713847,-0.005980476606679871,1.5269916094371028,1.124191365616969,0.8753670200665669,1.2273608892607135,0.8502458702486568,0.9135994722332833,1.1009524179109145,1.2609203966082752,1.104392848504525,1.1402897646538563
329,0.021452743220798886,-0.004776001390652037,0.0015748228651224338,0.03786910303750032,0.01466059683240618,-0.012105402831206912,-0.030291879177570546,-0.043917965462532134,,,0.07399753481951306,0.11403073884383273,0.07790687198160322,0.11015769808467162,0.07911517059235941,0.052467745468425725,0.07690166958901802,0.15080224817242466,,,,,,,,,,,,,,,,,,,,,,
46420,0.30307249416293897,0.155973009366994,0.2285370443522558,-0.031180270137412515,0.14578369955170134,-0.02817903894586399,0.030096686349192315,0.23230307966921623,,,1.2929099532075763,0.932178335641827,0.6752130450685536,0.8240720211170857,0.3912509895912956,1.2114035617897003,0.5396457635138202,0.6094386590775446,,,,,,,,,,,,,,,,,,,,,,
46840,-0.09350969848625182,-0.06852915427877117,-0.0005348577806466007,-0.020883908375023,0.00868059047726043,0.03818526026469798,0.0895035530917974,-0.06003776465895429,-0.009556572301638613,0.043937161888354885,0.153748430120834,0.12422217930393943,0.07992587023063098,0.09708382191021257,0.10840537490387929,0.10599018980576719,0.18176050435497254,0.09973622873177884,0.16144785267671838,0.1148318645878175,0.02753128135554117,0.04932606189446824,0.035656821564677275,0.07231217681529152,,,,,,,0.110225658735392,0.14800634702366267,0.16301577219042396,0.1263254758909471,,,,,,
44689,-0.02337495570625413,0.0010992294382606896,0.08176130108119929,0.11015925948067797,-0.026182091308843646,-0.05802212280645918,0.09723063508809568,0.0808593836001228,0.08192180023616784,0.05003202002064336,0.27142408877353313,0.12536488756213926,0.15065774949169275,0.508036719248975,0.17794952396374236,0.1409905131056341,0.2317783508236,0.22583901420731053,0.1760315502419212,0.17003855096881917,0.07552737011807893,0.029040457058236817,-0.053828580032978565,-0.06216491677594236,,,,,,,0.1963469011467145,0.18876875332044166,0.16941576991092017,0.19181702635214598,,,,,,
1537,-0.023089591330572968,-0.02543401455612576,-0.03653311226282479,-0.010774459808423844,0.00921146024052369,-0.025087095854130985,-0.008902194467033537,-0.021285955110911164,0.03469760093013919,-0.05047902815807449,0.06566064033711687,0.06243603991418657,0.06901815157959833,0.03579716943711687,0.02410751834019093,0.0630610182404918,0.022475733847664298,0.03792159947493942,0.057327566338605064,0.09764006212832774,,,,,,,,,,,,,,,,,,,,
1476,-1.2088436343641835,0.03359827919005137,-0.5942674033697899,0.015875180206278237,0.1353077263587956,0.5714701996929288,-0.10135889160642299,0.40709746201475444,-0.2486790728423235,0.20339645065602097,17.36950518342445,7.28222615032539,10.036018632556326,2.4620659727306635,3.6970467987467064,7.732005778442594,3.4289770879022443,16.081632173512375,3.6159254714291413,2.1812055844281635,0.02979336462563141,0.27616013930244193,,,,,,,,,0.5526761188544794,2.9185535060869965,,,,,,,,
46334,0.04147555064560838,0.21024326267754764,0.11107927037796655,0.07801427761752032,-0.05314836150407506,0.12592837739948878,0.03143931615177266,0.14220180159216633,-0.05034415824369087,0.16278743384274996,0.233512560886325,0.4914604990084859,0.4847791102035962,0.6810629474581009,0.16994477344879916,0.3256433013859054,0.15402026304574373,0.15949409829193173,0.49322170519834785,0.28666156724488423,0.020628476307838085,-0.053740634197590335,,,,,,,,,0.13444715210888938,0.10126142811526247,,,,,,,,
46871,-0.15572969648712331,0.1587530648652968,0.20714457315422666,0.2342974637658494,0.11501959998891906,0.05190742526925047,0.12579363455280138,0.1525789830133683,0.09015878887629007,-0.17737130933050335,0.4120747957029347,0.4397617214735977,0.45639359513156363,1.000827771931803,0.2195707866842416,0.10834876949965981,0.26827651481747294,0.529834987139399,0.46929138348858007,0.6712602696816481,0.19643959612660383,-0.17715383390730421,,,,,,,,,0.31001536721621387,0.5440339834192023,,,,,,,,
46808,0.024411746532620984,-0.15395330569301116,0.10091708108991229,0.12162086342595689,0.0598159387795753,0.06087643841203191,0.12397435524162281,-0.1150909214139047,0.061803211586601126,-0.07990492990232748,0.2533329617521781,1.3845741412675747,0.3230846433626649,0.7029557854330929,0.19151744561220627,0.21883131622507215,0.5533913510458169,0.41068935501423387,0.2690772919265039,0.22087020193374365,0.05770697228469267,0.103156302582666,,,,,,,,,0.17592035783412965,0.29843765497712527,,,,,,,,
41,0.04147555064560838,0.21024326267754764,0.11107927037796655,0.07801427761752032,-0.05314836150407506,0.12592837739948878,0.03143931615177266,0.14220180159216633,-0.05034415824369087,0.16278743384274996,0.233512560886325,0.4914604990084859,0.4847791102035962,0.6810629474581009,0.16994477344879916,0.3256433013859054,0.15402026304574373,0.15949409829193173,0.49322170519834785,0.28666156724488423,0.020628476307838085,-0.053740634197590335,,,,,,,,,0.13444715210888938,0.10126142811526247,,,,,,,,
44623,-0.3748327185122159,-0.6506928577915885,0.2304265995399874,0.3415876756019637,-0.4930694698035687,-0.3168334717560032,-0.31207319620190693,-0.16786435252594956,0.018704660477697584,-0.3948349085126627,2.0239612938062894,4.176413251134974,1.5063480918730974,1.919735883821019,3.365577007497495,1.6564755506848379,1.7007167872457165,1.1573349136849267,1.826661530610104,2.23479566507348,0.36886782934014073,0.07420377113977514,0.35574465706504227,-0.03738577157064778,-0.3044557732706954,0.2695785346160669,-0.2524875348330634,0.3725301381358986,0.47569407270407943,0.3135502827673465,2.5680149606411486,1.8318607273232967,2.9019973452715546,1.3022652044624463,2.34885906965309,1.3579480797177608,1.4182267070331762,2.4891505349928447,3.5403227637980432,2.1493466936917507
1549,0.001567062844434895,-0.03608359721296557,-0.0005022313869252618,0.006752380872755812,0.002847879690000755,-0.01786832076722774,0.022459179559800164,0.001098612558960482,-0.03018979956245202,0.007008789145610996,0.32202668786721045,0.31132898771778694,0.3019853707366496,0.28953786741770937,0.3306408060438588,0.3055540545024337,0.3032853938166062,0.30709490529721334,0.29406738629898643,0.2812705731526808,0.010854079924679709,0.008972031098141774,-0.003674351313063234,-0.003380383448373291,0.004544010539606274,0.0013851845176629399,,,,,0.2900174499566026,0.24891631851132787,0.28945293040616105,0.28097042299104685,0.2594038187713651,0.2864432888144759,,,,
44664,0.1755481929480234,-0.06478576773613716,-0.1994220133762479,-0.23070331755260803,0.05280133710246699,-0.39264023553498256,-0.23187233918150654,0.21849071224212,-0.2583823495615238,0.2588554432448283,2.785892420598236,1.6687996545844601,0.9797351217087683,1.6129033448191998,2.336306380030278,1.3795290865374374,2.518192052108531,1.424370269300839,1.3821728611929587,4.263028201092715,0.1814892860390473,-0.3457052782086399,,,,,,,,,2.1619953317142686,4.118959858746675,,,,,,,,
44613,0.045707583221627185,-0.020712120654630684,-0.04527603559692328,0.030029194701128924,-0.012524047351797515,-0.012353911093813811,-0.018704140574361084,-0.007035107355284019,,,0.08224271105199044,0.01818518753114177,0.08646972917286007,0.055639685646910464,0.01920456960580931,0.013079841616224542,0.011852300377184119,0.07382562572598092,,,,,,,,,,,,,,,,,,,,,,
46652,0.024411746532620984,-0.15395330569301116,0.10091708108991229,0.12162086342595689,0.0598159387795753,0.06087643841203191,0.12397435524162281,-0.1150909214139047,0.061803211586601126,-0.07990492990232748,0.2533329617521781,1.3845741412675747,0.3230846433626649,0.7029557854330929,0.19151744561220627,0.21883131622507215,0.5533913510458169,0.41068935501423387,0.2690772919265039,0.22087020193374365,0.05770697228469267,0.103156302582666,,,,,,,,,0.17592035783412965,0.29843765497712527,,,,,,,,
285,0.020748186186613046,0.019082480846883926,0.0,0.0,0.0,0.036060832799142996,0.0,0.0,0.0,0.0,0.06629503342529118,0.05607772559184055,0.0,0.0,0.0,0.20025908397383432,0.0,0.0,0.0,0.0,0.0,0.0,0.06069268049929824,0.0,0.0,0.07133546778581219,,,,,0.0,0.0,0.5672746257932451,0.0,0.0,0.5110753872077362,,,,
952,0.1446179122204578,-0.02383195034431327,0.04591429154363448,0.1474336600002068,0.07145878697225787,0.0589049049977117,0.045856019607146845,0.0887957108127679,0.15032816107509359,0.10486920622572693,0.5927600004518109,0.0833574145415196,0.49237305289011807,0.24205288131454816,0.09590875703073745,0.3604910316730573,0.13323013430867364,0.12828430017083334,0.3623818959985284,0.8365684772804951,-0.0344780458431113,0.17150701888533465,,,,,,,,,0.13792248756417444,0.4583261859380756,,,,,,,,
1477,-1.1224831449792507,0.032783688304098994,-0.6101330442399169,0.009161671140350098,0.043009118244376324,0.5922645134134567,-0.10042391603558778,0.42148405339569545,-0.14800880765630547,-0.24337500146289748,14.358435178334505,7.279482224858403,9.461906951124691,2.4882721854903904,1.6985076068795233,7.722231697550977,3.4636601431457428,15.7274247198956,6.227785532805266,2.354373270516859,0.03040978211816773,0.2934018860598824,,,,,,,,,0.5624810982445131,2.6761873181505402,,,,,,,,
46906,0.18590381910837353,0.14610542074956892,0.18667192758514403,-0.0456796807706221,-0.056602311398177424,-0.1091863979357597,0.10059922244995613,0.12042039010265664,-0.07503979593995178,-0.03899815872872579,0.5313919167456405,0.1741299670592452,0.486162319638584,0.08203285625352137,0.05328231469649134,0.14550001464025075,0.12759941908602127,0.11739319642163755,0.17281848425077848,0.05937229097668307,,,,,,,,,,,,,,,,,,,,
1044,0.07411983951000581,0.32307898959258985,0.08689141450372595,-0.15452421425979476,0.08063983966531334,0.21024547830130783,0.20748822402526876,0.0855358579628143,,,1.0521522539461183,1.069468102005798,0.8011119131597118,0.5968467149544323,0.5269165639718344,1.0811001332237091,0.9923112996872986,0.7478915965282917,,,,,,,,,,,,,,,,,,,,,,
10,-0.027131012858011918,0.08231221427842655,-0.010564326469603522,-0.02288445604444579,0.04935800144396995,-0.12358986024257868,0.027861674390532606,0.07188827597830538,,,0.051253140041658714,0.40631493675765296,0.01305778426949479,0.06127270442867017,0.03441273391361685,0.18209056375273175,0.028171215540481017,0.20435134599635663,,,,,,,,,,,,,,,,,,,,,,
679,-0.041605852048547554,0.008218531501882356,0.0205243996505009,0.03498969102069536,0.042308481738019224,0.008044897888171523,0.02334976507501142,0.020016183509937793,,,0.052693587478367776,0.011114964231991955,0.015904995945656114,0.04432743838841513,0.06446961685934968,0.041097090139872415,0.056530049949841656,0.018265362240766112,,,,,,,,,,,,,,,,,,,,,,
14,-0.42909227573923253,-0.13112762091103922,-0.22490753980958345,0.16126914500242975,0.21329744981789753,0.23133175192981742,0.22314968383378136,0.15254101752778898,0.22533246263792034,-0.09649071816656518,2.294319275914192,1.4124597890296369,1.0247385053032603,1.123842384076311,0.9394469969489952,1.7163137806193896,0.9001099250594298,1.0880020849667895,0.9186063563740164,0.6596190037477088,-0.10948765903004233,-0.20574970000728462,0.17347677808675038,-0.14985566289069005,0.15356829686585155,0.12047793705581947,-0.15800561939137842,0.35134223248998764,0.1451703742784848,-0.12025180641022958,0.8255900512150974,0.9799298451593416,0.932549513135305,0.7260114714546194,0.7716872628861228,0.6042161650140849,0.6431353143381897,1.9596090366241576,0.8475493096210093,1.1028662835685992
44737,0.3834856852371948,-0.6261668663396468,0.020440476195598422,0.15045357839923384,0.21245233566560928,-0.47656521959856823,0.15926414058587338,-0.2538716285498247,0.3791006926811351,0.2758039846757697,4.566234797734982,3.570108773053363,2.204145307779585,2.071106899879547,2.6362663389223413,2.741743658890418,1.3064975237315941,1.5539614090462563,2.1541163384908204,0.853440008410364,0.15189096803649607,-0.4969787058733659,0.1345401077310551,0.2639881312423416,0.15976537923383047,-0.14167183510992346,-0.12986771912563594,0.2120550633584514,-0.2678998867479473,0.09289827915716117,1.4774026062191965,3.514554977324624,2.1017774005159517,1.011942603668391,0.737716482412477,0.4735543648649088,0.8656286484799147,1.4433479958116444,0.7550821909560186,1.0558321891273705
44699,0.6170069166310498,0.3182011559167226,-0.7252162937012614,-0.4983336680348687,0.438890354407534,0.32863959125499925,0.5356456763657852,0.2247845258734421,-0.2707693069573434,-0.06521670005119888,4.118602332020813,2.3109841108408853,3.68639332721676,2.7264131535892573,2.3304049214234674,2.034769926869217,3.0993874087101276,2.291615787707004,1.6268503709937068,0.8439521408080215,-0.09263411152733746,0.05379806238206304,-0.42010953999076095,-0.3617872956830572,-0.03589419427589867,0.12239574058029408,0.44865046407033626,-0.3421762021865763,0.2985297714308972,-0.2254729272085618,1.4570957016942878,1.598213606140301,2.2648016191438307,2.1009956239720733,1.538079662834359,1.0328344399769807,2.3167162496275098,2.1081531657710086,1.2796838406527606,1.0163019308410448
44606,0.05774010659185582,0.08501153557840839,0.06670495295089765,2.3647750424515834e-14,0.06562934874552698,0.09150099117874065,0.05772019724936163,0.06662782643019606,0.08181599249352066,0.05562692544213488,2.8771728816732756,2.6403115217163706,2.3109253308295217,1.8684707284039737,1.8564081206244154,1.6123197674995964,1.647387730051628,1.647447264779744,1.2734155968445273,1.5876380661473282,0.0689513285175383,0.105942594325037,0.061847368896622755,0.06754704967920729,0.08803120262475321,-0.12824757085308713,0.08258418603781068,0.09767663245824088,,,1.5578262435785593,1.3834986024182454,1.4425230925944392,1.3586857263511618,1.317433154402943,1.0026390169578907,1.1831901936510667,1.1792075267018607,,
46270,-0.16925869204329075,0.2029376480059684,0.13433072456281556,0.07599831704684898,0.28612863914597336,-0.14266344343649623,0.05346685984106158,0.22320217348262505,,,7.943056873114139,1.6864338043050109,2.764257271661242,1.665565394732467,2.0672538980521358,0.827603344416323,1.3352173834616978,4.2335669463066194,,,,,,,,,,,,,,,,,,,,,,
44469,0.03395220034296613,-0.009900107718861776,0.054896775634775886,0.03459554817984241,0.03999244126450638,0.054501844054687706,0.06643417167427267,0.019763952332917962,0.052796946061361635,0.05774730367548759,0.12632925504588,0.043282254548793496,0.3706448065307253,0.2602277549335809,0.2908261682326736,0.16091350599144608,0.10619627554782489,0.03482628273699027,0.10716491006095252,0.4540867856985259,5.013634824159682e-05,0.06440081657183928,-0.03157722166877691,0.07365938813114392,0.002087388717831291,0.04109262327631478,0.09615835601388299,0.015759560743867695,-0.010292412154564416,0.039003436878985234,0.046946762049942824,0.12952825221817488,0.0533893361185511,0.12654062921606615,0.10548216424478074,0.08335228550671665,0.1455215862782189,0.0545767378219394,0.04385935655280383,0.15206004064411127
44554,0.05460564919457626,-0.17920297401960428,0.1355167270710134,0.15741132396697805,0.14301738956805035,0.16525672377062642,0.0708124008047431,0.2745576465310772,,,0.9862702775560944,0.3728300409305743,1.4857337439600204,0.2932544774378945,0.858297219563398,1.153814646461916,0.8173695335162899,0.8225774127365701,,,,,,,,,,,,,,,,,,,,,,
28,-0.1883437960554435,0.24081228235086488,-0.35268333609299196,0.2025346111571285,0.2174608552179587,0.2196503599501871,-0.31625690575557114,0.19304744692881412,0.032972179869009764,0.02313712891523785,1.2271401237766775,1.1777873994469394,1.409438283119024,0.868330710987127,1.2521691381589883,1.9526146340026629,1.4520915359835105,1.0424950877688566,0.9664212225149081,1.0803130024944954,0.03645655427363691,-0.19002691406222708,-0.060168211003224385,0.2512957240528688,0.045911360818659715,0.2189144242378782,0.2815725080297918,0.11424387282091916,-0.1460405623540716,0.09334851028894356,1.2564195735931862,1.224015947116672,1.1018804155721829,0.9084181144101855,1.2920369396416018,1.591077801705818,1.2679999189529243,1.4391562796790662,1.4055663509379055,1.38254820450794
