class,dataset_id,true_method,n_instances,n_features,n_classes,skewness_mean,kurtosis_mean,mean_abs_pearson,hopkins,intrinsic_dim_ratio,pca_var_pc1,kmeans_est_imbalance_ratio,kmeans_largest_cluster_frac,kmeans_inertia_per_sample,kmeans_silhouette,kmeans_davies_bouldin,feature_sparsity,cv_mean
agg,43924,kmeans,0.022831159152709436,0.03292380911666847,0.0,0.019747224994782833,0.004441070195447606,0.0,0.0,0.0474267500594551,0.0,0.0,0.06074177923755003,0.038449969319157,-0.03176321227164386,0.020391254912335927,0.008619719093061324,0.0
agg,732,kmeans,0.0,0.0,0.0,-0.007199884387533836,-0.001982217599707512,-0.005761896964723083,-0.003228288789961776,-0.06770149105760226,-0.01696193376361964,0.0,-0.0015290160026317798,0.0,-0.04036744815770807,-0.040893086331784734,0.00943478686479654,0.0
agg,1459,gmm,0.013728797052590115,0.0023400008464933473,0.0,-0.007819376712757673,0.0013582739706832273,0.01116732640484392,0.0,0.0,0.007288783967372579,0.0,-0.016505052980381418,0.005586443865853324,0.0,0.0024487510554811742,0.004215576339345244,0.0
agg,1495,kmeans,0.028347775913641054,-0.0035012612131898337,0.026782062329155823,-0.019185387845442138,0.0,-0.009890793009148257,0.0,0.04225769240116787,-0.007774774141769417,0.005521292008344791,-0.022186224315798347,0.0,0.0,-0.016560858317437702,0.0,0.0
agg,4538,autoenc,0.015680303976304804,0.0,0.0047340944767765855,-0.0076608222676891324,-0.01148435048320537,0.0,-0.006780998305729955,0.01963943004734867,0.0,0.004992772273959454,0.022303160513929967,0.0,0.05673310656039385,0.0,-0.07434717298256503,0.0
agg,46176,kmeans,0.0255504781217063,0.0,-0.06320094970609746,-0.01110659546095863,0.0,0.0,-0.0093359849144105,-0.003198768883796249,-0.0027787031994592564,-0.004129219148006296,-0.0868716326107692,0.0,-0.029227907052459413,0.0,0.008108806663774533,0.0
agg,694,dbscan,0.0,0.0,-0.036675064409963626,-0.003592621327604409,0.0,-0.05125138572716938,-0.002646235426995504,0.0,-0.04627826573306356,0.0,-0.03250996234741376,0.0,0.013860896527528838,-0.005037826520680857,-0.009830219763052461,-0.0022297914620614738
agg,43958,agg,-0.013683379580801631,0.02546650861280846,0.02423873139073838,0.06701879357576787,-0.04377540671277368,0.0,0.019013243949184383,-0.05569960549992425,0.0,0.0,0.02822829395927397,0.04718398786171695,-0.07418164374646662,0.0,0.0,0.0
agg,42544,gmm,0.024278557708889995,0.0,-0.04246949316881604,-0.008108403439640477,0.0,0.007032520638852846,-0.008971667588304864,0.034885682694479926,0.032838665355376245,0.004515328968280399,-0.005945135660852323,0.0,0.0,0.0,0.0,-0.014246531698741875
agg,46944,dbscan,0.014733090304521617,0.0,0.01188891441798825,0.0,0.0,-0.04396033922043688,-0.0052830843906727185,-0.024053241520414152,-0.011791750849825219,0.0,-0.0630291288411528,0.0,-0.03496797959132723,-0.024955778854851996,0.0052288223556949676,0.0
agg,45035,kmeans,-0.06457841347545838,0.0,0.014658620190187297,0.07489692497921688,0.06976503489091553,-0.020565408601868892,0.0,-0.021419317394447378,-0.011941356812993876,0.0,0.008765381934112634,0.0,-0.014588781148532178,0.0,-0.0111831607516078,0.0
agg,39,agg,0.015384359811851534,-0.01243986814891339,-0.010834140299060555,0.0,0.0,0.00937713527045798,0.05269344469027593,-0.032975844155455306,0.0,0.0,-0.01483896361888042,0.00501943299124483,0.006640948423504197,0.0,0.0,0.005783018844499026
agg,44033,kmeans,-0.06917724618203847,-0.003896010807750662,0.018834620735977213,-0.019038701718870933,-0.00883932873359712,0.007834569973189737,-0.004416173424959048,-0.08522490066000056,0.0,0.0,0.0,-0.0021830938069055074,-0.01008421156552089,0.0,0.0,0.0
agg,1527,dbscan,0.009485583870628395,0.0,0.0,0.0,0.0,0.00571232966616895,0.021213055434535534,-0.04549509613753467,0.013819962592146011,0.0,0.0,-0.009074191171809784,0.013173975832599124,0.0032381126692827863,0.00561784668747375,0.006117944366033739
agg,44367,kmeans,0.03078943815310718,0.0,0.01672147529900021,-0.006876245844219972,0.0,0.029036119890523404,0.0,-0.06239688077492737,0.0,0.0,-0.006166602554478304,0.0,0.010350423144265583,0.006116797870565059,0.012872960093677327,-0.0066379614679892805
agg,26,dbscan,-0.002165058078416627,-0.0021371188360333553,-0.008860988527847639,-0.0011985285139136381,0.0,-0.024505952169635515,-0.00606502225571306,0.0,-0.00861941601240842,0.0,-0.09895462616100692,-0.002835633233308085,-0.020848132402192927,0.0,0.0,0.0
agg,44505,dbscan,0.012624133804050624,0.0,-0.08513502194948212,-0.004089565501790773,0.008566206975896757,-0.010629460509711872,-0.0013433326844143612,0.0,-0.011584870774810812,0.0,-0.07410310015805988,-0.005482359183152212,0.0,-0.005013106209001497,0.0,0.0
agg,44677,dbscan,0.02785335270494858,0.0,0.014801963687569203,0.0,0.0,0.015048244948339016,0.0,0.06649604588045784,0.012184551265517131,0.006295286578609588,0.050334597824825675,0.0,0.0108121786978893,0.011284358491962436,0.0086989437294051,0.0
agg,46543,dbscan,-0.013441966461576806,-0.0027363420136270362,0.0,0.0,-0.03088143302279735,0.0,-0.004098542511387655,-0.03495515036991179,-0.007653586552197238,0.0,-0.0019387290389105416,-0.0022811574242799404,0.0,-0.06458371301548871,-0.013619855780299065,0.0
agg,45028,gmm,0.0,0.0,0.030307724870063495,0.009840569873946036,-0.03202300623237816,0.005703872507517048,0.0,-0.028130455842346625,0.0056808874981407196,0.006789864779202924,0.003982802736492298,0.0,0.028081645188554927,0.0,0.0,-0.006424381569668833
agg,734,agg,0.00717312407424492,-0.010389120034838474,0.014560313937368891,-0.006965318437998313,-0.012323255773464254,0.0,0.0,0.03636257030428467,-0.020136129035338568,0.0,0.0,0.0,0.008567652711353561,-0.020933927645676503,0.02789361370958791,0.0
agg,44619,dbscan,0.01418491904327299,0.0,0.0,-0.0028582680612034487,0.0,-0.022242439318700534,0.0,-0.022733705930295865,-0.025671180694414302,0.0,-0.09815887976785385,-0.0033216563705936453,-0.02149909362524611,0.0,0.008991306529661035,-0.0028814779951024383
agg,46842,dbscan,0.0,-0.0017192623355154495,-0.007715335144832938,-0.005891016352904367,0.0,0.0,-0.00988064200482605,-0.050767251928913903,-0.06478705271816738,0.0,-0.008456829872818665,-0.0016984343307850924,-0.008106951906516575,-0.017167699595195717,0.0,0.0
agg,46952,agg,0.025012502975558716,0.0,0.018040300764052497,0.0,0.0,0.01337533469185724,0.0,0.06884415018490328,0.021424379555720102,0.0013935492031196262,0.029943578698683606,0.0,0.01046929320542441,0.031606826758030976,0.0,0.0036996077721733983
agg,784,dbscan,0.03086653251418449,0.0,-0.006787536769080172,-0.009001502484200395,-0.0032336357818810446,0.015399358241512487,0.0,-0.040911946128188076,0.02442476529696183,0.0,-0.01485569422211373,0.0,0.01832664313453644,0.0,0.009582540007792002,0.0
agg,44671,autoenc,0.021873987615085567,0.0,0.0,0.0,-0.008827998903875367,0.023327610097931963,0.0,0.027995844755696102,0.0202677884336785,-0.11132544254001274,0.028003330134580458,0.0,0.04259350263076589,0.02133409854829382,-0.04143319696262035,0.0
agg,46554,dbscan,-0.08942983518764275,0.0,0.01865804531879528,-0.006013088925167284,0.0,-0.026742910666023783,0.0,-0.007807858843206357,-0.007640305877034072,0.0,-0.003108129650606981,-0.004574621210637895,-0.019238953146060674,-0.03029281800289169,0.0,0.0
agg,46963,agg,0.01624535076716399,0.0,0.011564143092634344,-0.009649091222897204,0.0,0.008645403322472055,0.0,0.04681748771457584,0.010571429792444855,0.0,-0.03871668707468627,0.0,-0.03216020481922288,0.0078078441015117074,0.0026838481355273974,0.0
agg,44663,dbscan,0.024352667769366593,-0.005957516655686152,-0.054213304199821226,-0.014903883677581211,0.0,-0.018626579116465196,0.0,0.0,-0.020487084158066462,-0.01791938919277669,-0.03728303304329443,0.0,-0.005667936235080091,-0.02548441768107132,0.0,0.0
agg,1,dbscan,0.022960838911428767,-0.009232938458720977,-0.013032329683630474,-0.010750759971748357,0.0,0.010015492954268311,0.0,0.08325932991223119,0.0,0.0,0.015085016046107153,-0.008332021400260611,-0.014759702802797687,0.0,-0.051403401697353475,0.0
agg,44259,gmm,0.02942233826398684,0.0,0.018219807929788917,-0.009305687453845843,0.0,0.0076317603605256445,0.0,0.05185484390930326,-0.0074787590148431855,0.0037523958916102712,0.004405129859049081,0.0,0.00676913957890546,0.0,-0.08146144551495661,0.0
agg,44158,dictlearn,0.021921680290167434,0.0,0.022539043641660282,-0.04032113599990608,0.0,0.0,0.0,0.045396126581705734,-0.018524883941401768,0.020266762411996857,0.036111190564162454,-0.018490755523477585,0.0,-0.02656553982032214,0.0,-0.018522964395061348
agg,45547,autoenc,-0.1654422344998899,0.0,0.007045213767134314,-0.02533082134611604,-0.031274621354911256,0.0,-0.0035247869199572512,0.011005247907053872,0.007832840992666856,0.004708579055679363,0.0,0.0,0.025922323152178257,0.0,-0.007132216944314425,0.0
agg,44395,dbscan,0.020368761626254193,0.0,0.011951720495630919,-0.009948192852249035,0.0,-0.07684647234066617,0.0,0.04347366758797843,-0.09269749093749281,0.0,0.0,-0.006211736296606245,0.004865611690593824,-0.06620519494707944,-0.004941150216839846,0.0
agg,816,gmm,0.0,0.0,-0.019226839570925903,-0.007965247114753415,-0.0006033289918467577,-0.028454280532801184,0.01909908194718855,-0.07575409169870617,-0.0033397708637900605,0.0,0.0,-0.006296907240317717,-0.032265803138742666,-0.021383288985780808,0.0,0.0
agg,721,kmeans,0.010494485850890151,0.0,0.0076055301289214144,-0.007534630980309809,0.0,-0.002607559768588532,0.11971225436666764,-0.044922902616309476,0.0,0.0,0.0,0.0,-0.01212778396081736,-0.004747903810670726,-0.018493009426945803,-0.023568955973313665
agg,335,dbscan,0.020890724408266424,0.0,0.027261207882666453,-0.006269117190816439,0.0,0.0,-0.006075597930379362,0.020575986351054194,0.0026504773808393653,0.0,-0.013495980887810085,0.0,-0.040946490735222545,0.00978027352302131,0.009438041007904527,0.0
agg,896,gmm,0.014108550560800506,0.0,0.030973257210226982,0.0,0.0,0.008812198319209326,0.0,-0.07838520941328911,0.012029929383398637,0.0,0.030221420516665178,0.0,-0.01987688291472902,0.011344018503577134,0.011176248725050566,0.003405992918613626
agg,46584,autoenc,0.018880960546170028,-0.010750412995324315,0.0,-0.05475346902875536,0.0,-0.006585765190851769,-0.004454289253945262,-0.007958497163625733,-0.005457068018236724,0.0,-0.04463902030811902,0.0,-0.050925578480327874,-0.009547336297460159,0.0,0.0
agg,45022,dbscan,-0.08912726011670857,-0.002599651868377913,0.0074594972710292215,-0.010948666427155765,0.0,0.004800480060556813,0.0,-0.07475379097474351,0.0,0.0,-0.0026282523890871204,-0.005541203487648189,-0.001396103998906939,0.0,0.0,-0.0014555242594342039
agg,45026,dictlearn,0.02966063759111538,-0.02263636208997366,0.025148103710220634,0.0,0.0,-0.03258418502599696,0.0,0.023268730101563235,-0.052272772990575006,0.0,0.026399793747791736,0.0,0.05041837581899052,-0.04343499487871161,0.019842197825099567,0.0
agg,32,gmm,0.0,0.0,-0.05942574224052689,0.003879243048441166,0.0,0.018564128076514422,0.0,0.011117770686677415,0.023478103604956137,0.015711215544416207,-0.011983301169310873,0.0,0.0046697628473541305,0.009162054005647003,0.008636289405355118,0.0
autoenc,43924,kmeans,0.0,-0.03283187380203757,0.01968842602734561,0.009787819987788382,0.0,0.009278997249492514,0.0,-0.06632099759531086,0.022161906460439494,0.0,-0.06766708892367815,-0.030018856790146653,0.023368176876722987,0.017315395271289006,0.0,0.0
autoenc,732,kmeans,-0.005904390123338741,0.0,-0.026903919762966466,-0.014817860370948004,0.0,0.009709327558379402,-0.013500413661498987,0.0,0.021841957772109732,-0.0072170258884157465,0.0,0.0,0.01635760622218708,-0.06070929319294888,-0.014094083790654646,0.0
autoenc,1459,gmm,-0.0044898593712830144,-0.0031414628420474034,-0.026272370340907864,-0.002872204142509424,0.0,-0.007704177535321135,0.0,0.0,-0.013756282346228041,-0.002855427226743202,0.0,0.0,-0.007260773281822123,-0.011113358616081346,-0.015772179535151674,0.0
autoenc,1495,kmeans,-0.026766391427245528,0.0,-0.009900160221176695,-0.0006177200153514948,0.0,-0.008192032621544519,0.0,0.0,-0.0076131053648962185,-0.0037508132280303346,-0.009919781124994705,0.0,-0.00911631593915619,0.004037353002320124,-0.023399128298019652,0.0
autoenc,4538,autoenc,-0.0221935773690236,0.0,0.013727944586036427,0.0,0.0,0.006700604901949969,0.005674121322432246,0.0,0.014900658274842264,-0.003224240024593939,-0.007531417728886382,-0.004028280296319908,-0.02115384523110179,0.0,0.12188993632656947,0.0
autoenc,46176,kmeans,0.0,0.0,0.02401427616107682,0.008383789790426121,0.0,0.015020642878172003,0.005621308927723297,0.005700463841031443,0.017617737147705082,0.0,0.024857849355515348,0.0,0.009679927754722763,0.010999487012094597,-0.017133578106562686,0.0
autoenc,694,dbscan,-0.007087212889405521,0.0,-0.0007567260981616515,-0.0008157874812325799,0.0,-0.03117121662287927,0.0,-0.002878515435318999,-0.02554022199950347,-0.0037305495701468114,-0.0012957473095397633,0.0,-0.009599583361859192,0.0,-0.012362534470047985,0.0
autoenc,43958,agg,-0.01226177738401307,0.008715541503236614,-0.012113356124098192,-0.026588902758290345,-0.024013331140826526,0.007201182788810129,0.0,0.0,0.019775752051499812,0.0,-0.07161655685252419,0.0,0.022949697416692776,0.0,-0.007286344738582229,0.0
autoenc,42544,gmm,-0.0066432383312561745,0.0,-0.010392995819682463,-0.006410653069695116,0.0,-0.021977656906462348,0.007175817958512021,0.0,-0.025792371007942908,0.0,0.00815641743984413,0.0,-0.015480490094524247,-0.00862677546158451,-0.015246149945303624,0.0
autoenc,46944,dbscan,0.0,0.0024816655759503765,0.017400793165408938,0.0,0.0,0.0074167540509364974,0.005582681184050441,0.004406461272839773,0.01688504207594752,0.0,0.03151369547656643,0.0,0.023204706524344153,0.010387150761676836,-0.0145170453258162,0.0
autoenc,45035,kmeans,0.05615353358743296,0.0,0.0,-0.03878670324568808,-0.05140033546738369,0.0,0.013393800276640777,-0.016722227062791407,0.011539037556442538,0.0,0.0,0.0,-0.036191108816736296,-0.05039636511055003,0.028846593386004492,-0.01167432034146649
autoenc,39,agg,-0.005990852617564404,0.0,-0.00803638857673632,0.0,0.0,-0.007099978402623602,-0.006274716139743539,0.0,-0.021325984958531156,0.0,-0.007707540510706043,0.0,-0.008261052961819063,-0.008182899229879583,-0.01699354365771559,-0.005365138182775925
autoenc,44033,kmeans,0.028245816500596956,0.0,0.0,0.04386692705745501,0.02504626371218891,0.008900127689725945,0.00743069688191505,0.006401046444731408,0.014085272869608133,0.0,-0.014961404524522354,0.0,0.0,0.004184757531037671,-0.018437599400831957,0.0
autoenc,1527,dbscan,-0.008275113858081181,0.0,0.0073679260308504415,-0.009636815741282258,0.0,0.0032257374457435317,0.0,-0.0029218874540302337,-0.026674248855873935,-0.009119020467003011,0.0,0.0,-0.017157168520929654,-0.005477555782992887,-0.02656994803449605,0.0
autoenc,44367,kmeans,-0.026971031852612903,0.0,-0.0034486473974952156,-0.001901786806212169,0.0,-0.00464251269683016,0.0,0.0,-0.005487929738682124,-0.005751761060882785,-0.013343443784575644,0.0,-0.004161927587155487,0.0,-0.026878774539195578,-0.00265027977445318
autoenc,26,dbscan,0.0,0.0,0.022400098742163976,0.0,0.0025375049194200517,0.011893344426243171,0.0043436943706538535,0.0065917885672518795,0.030029649659345202,0.0,0.013418097864106662,0.0,0.015383610534193149,0.007994188932724055,-0.009830073254197214,0.0
autoenc,44505,dbscan,-0.005110368389662608,0.0,-0.004725767154625552,-0.004461086722328438,-0.004482964729444035,-0.022180282161753676,0.0,-0.006250053139870858,-0.02315490848852271,-0.004015931472224108,0.0,0.0,0.0,-0.0017958929305443572,-0.019060840049118885,0.0
autoenc,44677,dbscan,-0.02780765552215151,0.0,-0.004176031625186636,0.0,0.0,0.003440499455295643,0.0,-0.0043903676475494455,0.009419218784329669,-0.005784210518422951,-0.04209360536724308,0.0,-0.00231325964406668,0.0036441240545399822,-0.025176807207640216,0.0
autoenc,46543,dbscan,0.015250030742359273,0.0,0.0,0.03932522759222017,0.03986387332608156,0.005331331973859339,0.0,0.01394589398663873,-0.011330613685446023,0.0,-0.012768350678622763,0.0,0.020496164286166706,0.0,-0.013650966175629548,0.008299313394277376
autoenc,45028,gmm,-0.021053722246263278,-0.0027173301443406375,-0.007860061293774324,0.0,-0.002897118906474373,0.0,0.0,0.0,-0.0032334921143609865,-0.0035228512000210635,-0.009110865710125024,0.0,-0.02352847421130902,-0.0011992699102737758,-0.020114909501152755,0.0
autoenc,734,agg,-0.014540799811551621,0.0,-0.005957110722935937,0.006140481726528035,0.0,-0.0034635520063809643,0.0,-0.0032512076000502828,-0.006154599700233241,-0.0023278425860436534,-0.009794721751483661,0.0,-0.002805930324732535,0.0,0.14691718753878863,0.0
autoenc,44619,dbscan,0.0038126155458555063,0.0,0.014362550797156213,0.0,0.0,0.009810543112024263,0.007261150141237116,0.010111885149722279,0.021221585711891085,0.0,0.01765590600654449,0.004638052654104466,0.014267117001108796,0.001620498642260576,0.0,0.0
autoenc,46842,dbscan,-0.01893983130044059,-0.002451653350806247,0.0,0.0,0.0,-0.01590922837282023,0.0,-0.003235619682172428,-0.027370549386484394,-0.004484060136742884,0.012175947922136277,0.0,-0.009205051353931775,-0.0032930822506776914,-0.022524967326155283,0.0
autoenc,46952,agg,-0.022259559408550633,0.0,-0.011939997498018837,0.011332706754034165,0.0,0.0,0.0,-0.007747024353592753,0.0,-0.0036206967778371207,-0.028870465971260625,0.0,-0.014397782865676686,0.00905468125733148,-0.023577812083756797,-0.003212144290767424
autoenc,784,dbscan,-0.026474573261851795,0.0,0.0,0.0,0.0,0.0,0.004757900495790717,0.0025511953120130743,0.0061887186388967785,-0.005753090920704561,-0.04803170749001827,0.0025202755117685843,-0.003161328458260507,-0.0023729626590213598,-0.02546252240670791,0.0
autoenc,44671,autoenc,0.0,0.0,0.01498056721318868,0.004180755003811655,0.004166692913175777,0.005781014544441821,0.004632131157656518,0.001404748198495398,0.007989072957128482,0.18747634516862507,0.0,0.0,0.0,0.001748963528024233,0.07240161407735715,0.0
autoenc,46554,dbscan,-0.03934772887438788,0.0,-0.026154619314841004,-0.0076915903152560165,-0.004753662252846461,0.0,0.011021337691929117,0.0,0.013333072705451789,-0.00838771512060534,0.0,0.0,-0.014245335182192684,-0.013259947974142424,-0.005751906601204323,0.0
autoenc,46963,agg,0.0,0.0,0.010710431078692193,-0.0094233199416964,0.0,0.009874781677158505,0.002347437958269145,0.0,0.01833816649298351,0.0,0.04810085708633241,0.002375285783581837,0.02619265526855588,0.011621534416443998,-0.015375925058416312,0.0
autoenc,44663,dbscan,-0.009740687254719127,0.0,0.00868006581564595,0.0,0.0,-0.03485989117420034,0.00744313496248683,-0.015820750739700414,-0.02814673773218629,0.0,0.01381682746334486,0.0,-0.006870512495111542,-0.012115384445295177,-0.017624159638359973,0.0
autoenc,1,dbscan,0.0,0.004251770992868205,0.023800795228317167,0.0,0.0006670694341875957,0.011927009192668593,0.0033218256662214804,-0.04648884325386876,0.018593038698791545,0.0,0.0,0.0013716396876061604,0.0029686581860315477,0.0,0.08434894092908125,0.0
autoenc,44259,gmm,-0.02178887190421712,0.0,0.0,0.0,0.0,0.004372565911042845,0.0033951374716719718,-0.004548136186491925,0.01186115215101108,-0.00373600285112049,-0.020307706970225915,0.0,-0.004848593640665411,0.006201084456893027,0.1341612763240067,0.0
autoenc,44158,dictlearn,-0.019052018131796467,0.0,-0.019602064061136702,0.04277375973113976,0.0,0.028548827119572812,0.009400734299884854,-0.00978624020042141,0.03502978531756116,0.0,-0.011374282946931158,0.0,0.0,0.041783193709956534,0.0,0.00704020992407539
autoenc,45547,autoenc,0.13681552572434413,0.0,0.0,0.002907943902473421,0.0,0.0025430780411020044,0.00421512017090241,0.0,0.005901281989556309,-0.004296526971946267,-0.017224847181647684,0.0,-0.004923013365158405,0.00302328012730671,-0.02419993767502785,0.0
autoenc,44395,dbscan,-0.0282578513220161,0.0,-0.0029064560675300527,0.0,-0.0020615873890302006,-0.006152150340251658,0.0,0.0,-0.011551271223214508,-0.0025845514359837643,-0.004250735949140812,0.0,-0.011506408181242805,-0.002508425128867397,-0.023458658200817935,0.0
autoenc,816,gmm,-0.0065155814175128345,0.0,-0.004427919821511123,-0.019008960982080665,0.0,0.0,-0.06803481275977304,-0.010654866611863056,0.011448164804177086,-0.010788321938761296,0.02226112819860342,0.0,0.008831310346939097,0.0,-0.01834823505631282,0.0
autoenc,721,kmeans,-0.0028505324858144232,0.0,-0.012711275810338405,-0.0024883961887655587,0.0,0.009146860066273747,-0.058812244302667294,-0.006949138485899186,0.0,-0.003451576231081193,0.00952404926764347,0.0,-0.013656735676672528,0.0,0.0,-0.012989105390773853
autoenc,335,dbscan,0.0,0.0,0.0,-0.007195833871135538,0.0,0.008042188614910111,0.00855814655859054,0.007905144528473127,0.02582885233141283,-0.005893858380717681,0.05115456377837982,0.0,0.020673699208622484,0.006999932604207085,-0.011310930610837993,0.0
autoenc,896,gmm,0.0,0.0,-0.012310344297494905,-0.019339325432854316,0.0,0.027343272506521042,0.011609093969627532,0.01722032870269448,0.024825055054801978,0.0,0.012363195478584006,0.0,0.03354222091894909,0.0224112771892669,-0.012902869328191005,0.0
autoenc,46584,autoenc,-0.008760017772113271,0.0,0.02077752391353834,0.0,0.0,0.007919417516848402,0.008432993302764187,0.008121815607065744,0.021998644266698366,0.0,0.031086234256463036,0.0,0.021163599070309284,0.010164823208156103,-0.01614312860782541,0.0
autoenc,45022,dbscan,0.11410584075775054,0.0010440060664074768,0.0,0.005656149692005074,0.0,0.003256295324436251,0.004998277474624208,0.0,-0.005622016789184166,-0.004796707973727315,0.004873947773497413,0.0,0.0,0.002671783815132997,-0.02142567137903769,0.0
autoenc,45026,dictlearn,-0.023944923227033513,0.0,-0.007751131582121886,-0.0012680732711869702,0.0,-0.021648281308741912,0.0,0.0,-0.021473654389658845,-0.0010779090266802031,-0.004760736178971368,0.0,0.006732724263897328,-0.013163675997476088,-0.00688243452012179,0.0
autoenc,32,gmm,-0.005892570096295253,0.0,-0.027285316347792615,-0.004738198920289677,0.0,-0.00860327520041635,0.0,0.0,-0.013179647544699172,-0.0043757522520512845,-0.0015525366029125742,0.0,-0.004733188543618432,-0.00419027151574376,-0.02068733821427612,0.0
dbscan,43924,kmeans,-0.0238464048189363,-0.03934115370547075,-0.016697147696476553,-0.08939052132124216,-0.02223909203393457,0.0,0.0,0.04541468274594359,0.0,0.0,0.03138998356472181,-0.026455978431323503,-0.011797262983699158,-0.042275200557677556,0.0,0.0
dbscan,732,kmeans,0.0,0.0,0.023665260488683018,0.04292978985288157,0.016652742521985984,0.01159309348220386,-0.06938719128211175,0.0,0.014114042819759899,0.0,-0.016348965987408568,0.0,0.029352214171136124,-0.05775308126339175,0.009943999958166477,0.0
dbscan,1459,gmm,0.0,-0.0035036955904080014,-0.2048997438502797,0.03196343172536941,0.009352885657199491,-0.04271076936338448,0.012875836603094692,-0.033996753731702536,0.0,0.0,0.05984556000125081,0.0,-0.011897562904241732,-0.012267283784993109,0.0,0.0
dbscan,1495,kmeans,0.0,0.0,0.015506725614519915,0.030284685689898193,0.0,-0.04089853127381297,0.013934104230536159,-0.019763877071748846,-0.02830235690724358,0.0,0.010923475651460186,0.0033032945394515056,0.0,0.004698045728214496,0.015076338560629794,0.0
dbscan,4538,autoenc,-0.025269829420534237,0.0,0.0,0.02003007067800969,0.006923574850389552,0.0,0.0,-0.01165146086378908,-0.0029913261718216995,-0.003756528286804896,-0.07350145842290624,0.0,-0.010625967466550063,0.0,-0.09312726548459582,-0.0012679046494923716
dbscan,46176,kmeans,0.0,0.0060887763479552095,0.03044640179844953,0.0,0.0036135349754860546,0.0059842532149904275,0.0146942709953851,0.0,0.00839506551765333,0.005639254758228088,0.09864492131550635,0.0,0.02092351179475595,0.0,0.010331914043494768,0.0
dbscan,694,dbscan,0.0,0.0,-0.11951944067845537,0.006062700910088611,0.0,0.07872556091941796,0.009183370987454103,0.07240408442862763,0.09443677915774608,0.0,0.028230999414969267,0.0,0.014403056253257484,0.0,0.013836222255684559,0.0069985711131144435
dbscan,43958,agg,-0.0063647858147782305,-0.026997161922502292,0.0,-0.179763892737488,-0.03777138761693586,0.01821436726447151,0.0,-0.029643740581313523,0.0,0.0,-0.018637414529922867,-0.03460109961742423,-0.014804238780136508,-0.06486874090206518,0.0,0.0
dbscan,42544,gmm,-0.007956664336796817,-0.0026128705383331075,-0.08118259160682534,0.0,0.014777170185702682,-0.04702573495416942,0.014125649115860476,-0.05584055107671099,-0.010719916873314939,0.0,0.0,0.0,-0.008767347199998155,-0.010035237953509522,0.0,0.0
dbscan,46944,dbscan,0.0,0.0,0.04473597470366778,0.06238161283602888,0.0,0.07687445451167052,0.015408133902650098,0.01658669123922714,0.02111159460820791,0.01399073299134862,0.1031711284034309,0.0,0.01679806151325565,0.03370352005241736,0.0,0.0
dbscan,45035,kmeans,0.09146676365462818,0.0,-0.013062268906907978,-0.08419103245204312,-0.19904539622617753,0.023372561854620232,-0.009439201598204106,0.0,0.0,0.0,-0.030637707058190997,0.0,0.025310328094236823,-0.014972767009218358,0.0,0.015960624409161666
dbscan,39,agg,-0.015245410072170406,0.0,-0.13043484920012027,0.0,0.0,-0.0363368467666012,-0.014670335438401922,-0.006923227361857687,-0.01288869789416543,0.0,0.04830001941257587,0.0,-0.013690793801487106,-0.008844150485031134,-0.004503803630835866,0.0
dbscan,44033,kmeans,0.0628951990512991,0.011196310336109433,0.014027752146731163,-0.03051433264402442,-0.009188417985513647,-0.011293935562288663,0.010441411491232424,0.01954293924215903,-0.008664226148557002,0.0,-0.053680795165242566,0.0,0.0,0.0,0.0,0.0
dbscan,1527,dbscan,-0.017858047415071326,0.0,0.0,0.039759704899285694,0.0,0.0,0.0,0.016120342729607346,-0.08590455242968482,0.02869500697095605,0.06495346385682184,0.014811879058763983,-0.020726764943631182,-0.05204280161041973,0.016953673645277,0.0
dbscan,44367,kmeans,0.0,0.0,0.013791630578597,0.01294732606889281,0.008248300267334292,-0.032192609604077195,0.010142269543191319,0.0,0.0,-0.008865856217180272,-0.018316875893795825,0.0,-0.006347598843943404,0.012627199968291876,0.01272811889459426,0.0
dbscan,26,dbscan,0.0,0.0,-0.04350196680914501,0.042786619765745534,0.022146485340303737,0.03815245627957324,0.01836715564019117,0.0,0.008369605418379274,0.0037595690848181815,0.11905681613634961,0.0,0.004244837173345902,0.0,0.0,-0.008619673267656836
dbscan,44505,dbscan,-0.009448592652073248,0.0,-0.03177295833459302,0.02648240328531137,0.0,-0.032820129332891815,0.013775219818836195,0.033228571250312346,-0.017287185186342875,-0.007761594206418829,0.04056280701579862,0.0,0.0,-0.010196636896033891,0.0,0.0
dbscan,44677,dbscan,-0.01454736243535615,0.0,0.0,0.01817801801564219,0.014181262921339755,-0.00823438951768815,0.0,-0.07048533548541641,-0.020148250422990635,0.0,-0.06440990911459457,-0.006057193102340957,-0.01789979538924067,-0.02581514070744958,0.0,0.0
dbscan,46543,dbscan,-0.021931408264038558,0.0,0.025803494052724047,-0.09466522696189049,-0.05779275558253203,-0.016598807844575268,0.0,-0.007255093528845716,0.0,0.0,0.0,0.0077949702483569045,0.0835037304773237,0.06220698503041192,0.023696017134970333,0.0
dbscan,45028,gmm,-0.04399559006162804,0.0,0.0,-0.11595176641415963,-0.05134199055920008,-0.025360522751028236,0.0,-0.021349936991017518,-0.04751093395937527,-0.010443072344757554,-0.043814273856728356,0.0,0.0,-0.01247452990299371,-0.02299547839720678,0.0
dbscan,734,agg,-0.006746326009973522,0.0,-0.0035627350564342614,-0.02848202577400163,-0.023928978131058813,-0.007527942399736024,0.0,0.02741900613101375,-0.015899933054669132,0.0,-0.020045347303150232,0.0,-0.010536821336050014,0.0,-0.10592699230403525,0.0
dbscan,44619,dbscan,0.0,0.0,0.02175734509732644,0.06085216481537673,0.010164565750314537,0.048487792972933486,0.017424308697421464,0.0,0.04532497275655895,0.008451735522655324,0.15536451851706404,0.0,0.014393673533696734,0.022540827098557138,0.0,0.0
dbscan,46842,dbscan,0.0,0.0,0.012821422922308824,0.0230425554498085,0.0,-0.07056565888408754,0.009296556836080539,-0.02450308506757352,0.018599007758460764,0.0,-0.015763019732891483,0.0,0.012323041705937517,0.023802979147894306,0.015708104625966952,0.0
dbscan,46952,agg,-0.01354149432667629,0.0,0.01290497469470167,-0.024312053930080818,0.0,-0.02027236352639687,0.01776319794195311,-0.044126831481082554,-0.005436138582581111,0.0,-0.04576373963627063,0.0,-0.030951119492886175,-0.04150252689877551,0.0,0.0
dbscan,784,dbscan,-0.025010093785323883,0.0,0.0256065267050862,0.011580148110806696,0.008681284612525715,-0.007645443314099019,0.007511204511803156,0.0,-0.02553400294025147,0.0,0.0,0.0,-0.014313152826481483,0.014666206611393933,0.009219227076445013,0.0
dbscan,44671,autoenc,-0.012038439660056018,0.0,0.0,0.005849744379817456,0.0,-0.006042593810590748,0.011412964061883867,-0.014485334063359693,-0.011868611877138177,0.014200746751117316,-0.008765920691577358,0.0,0.007094227197425737,0.0,0.019405122474382475,0.0
dbscan,46554,dbscan,0.06678768233038287,0.0,0.009273843090450623,0.007257308430366614,0.014851025920578612,0.03703904538426116,0.01899865539196465,0.0,0.012220164056573331,0.0,0.007584583987493293,0.0,0.02106829957324682,0.0,0.0,0.009681296596586834
dbscan,46963,agg,-0.012822386569390843,0.0,0.017388084687580026,0.05237214902603186,0.012513761590151206,-0.01835068925492401,0.013146866422850578,-0.02546265628392038,-0.016274149108727144,0.0,-0.024078921142991937,0.0,0.0,0.0,0.006329845395245505,0.0
dbscan,44663,dbscan,-0.011974319622272073,0.0,0.0,0.004563011105194795,0.006022997164132044,-0.013948239787007582,0.00553360085197709,0.0,-0.005862012960715155,0.015619478094485172,0.006976013430319011,0.0,0.006636261015016358,0.0,-0.008804884529224805,0.0
dbscan,1,dbscan,-0.015140819545954974,0.0,-0.011596894449987698,-0.03028003199802369,0.0,-0.01923538177596895,0.0,-0.01335186178698279,-0.03663842854439742,0.0,-0.031216982129323168,0.0,-0.007939168316688805,-0.006055774415263976,-0.02378275227550368,0.0
dbscan,44259,gmm,0.0,0.0,-0.00437394741341335,-0.007100872454624241,0.014575788039841905,0.00607530830336281,0.0100285861209619,-0.008011921912803104,0.019321107891634028,0.0,0.0028168740682547144,0.0,0.0,0.009025578786747576,-0.03759459666805738,0.0
dbscan,44158,dictlearn,0.00492035402239819,0.010927810242060316,0.02589444893016481,-0.026214864691349465,0.006581972040063423,0.011028444989112023,0.008255877409365765,0.0,0.0,0.0,-0.06567475088623348,0.013789128693576295,0.0,0.0,0.015253484012746983,0.0
dbscan,45547,autoenc,0.03567867463932127,0.0,0.008547506576944289,-0.031959530300943735,0.0,0.0,0.007071834107429373,-0.011184149122801312,0.0,0.0,-0.00871311633400487,0.0,-0.027862524947578893,0.008294051500662963,0.017089726952580958,0.007799431690294814
dbscan,44395,dbscan,0.0,0.0019153145551377012,0.012710912335338843,0.012566727598565844,0.0028746416954534546,0.0,0.011727403970297645,0.04076404612364063,0.05051492287168363,0.0,0.0,0.0,0.002119891884560521,0.04460968975683433,0.024958353970392227,0.0
dbscan,816,gmm,0.0,0.0,0.02445610582218897,0.04151295594654087,0.013651442017687362,0.06140520586468222,-0.15780471332339116,-0.020381932861689194,0.007087574300026501,0.0,0.0,0.005511129513476605,0.013129902947628171,0.0,0.016194234534754513,0.0
dbscan,721,kmeans,-0.011414250397443896,0.0,0.0,0.022870110956140652,0.0,0.009770222518125427,-0.24375395519427054,-0.050399657198372985,-0.01530803065309476,0.0,0.0,0.0,0.0116179854061269,-0.010314909445822149,-0.01158356269980616,-0.09672204852967771
dbscan,335,dbscan,-0.02475817659958179,0.0,-0.025524894918885106,0.044788852071148924,0.011766412891672294,0.028185412185093735,0.01177768709515079,-0.024209351066611134,0.0,0.0,-0.037647245514473564,0.0,0.012216662107411343,0.0,0.0,0.008166546510979367
dbscan,896,gmm,-0.012761781073588193,0.0,-0.006600128639086367,0.04379332945816395,0.014156934274754009,0.02294751316606055,0.008386080908361819,-0.011150968443847659,0.0,0.0,-0.07109576727544185,0.0,0.010570851980164877,0.0,0.006515840406363721,0.0
dbscan,46584,autoenc,0.0,0.007048529314317921,0.0,0.008298765426355596,0.010408829978965103,0.033039683633793185,0.011782396485012956,0.0,0.016073344758625745,0.0,0.06552951044203312,0.0,0.02638663280737491,0.022584143250814252,0.003610068664612026,0.0
dbscan,45022,dbscan,0.03609451415969384,0.004941317387617824,0.0,-0.007282917470781973,0.0,0.0,0.007093978948993283,0.01218871973722731,-0.015470704954426658,0.0,-0.032294104608117526,0.0,-0.00668778725482853,-0.004263956750196109,0.0,0.010442845566723393
dbscan,45026,dictlearn,0.0,0.0,0.0069586814539390265,0.012170406544028626,0.013957014461887332,-0.05121586821955343,0.0,-0.01805379657395109,0.04113459843681086,-0.01143559334054755,-0.010827600805756453,0.0,-0.02469385633362328,0.04676791913867081,0.0,0.0
dbscan,32,gmm,-0.006530607968137922,0.0,-0.16153248042231363,0.024404571382549922,0.0,-0.0350596096720193,0.0,-0.017108728748853472,-0.015057471225881554,-0.005858156372508505,0.04074447519252227,0.0,-0.009909219907264847,-0.009330867496188128,0.0,0.0
dictlearn,43924,kmeans,0.0,0.02284860355659953,0.0,0.027297364441332565,0.0,0.011972736176074928,0.0,0.018123200550143242,0.010522054005120874,0.0,0.017067111564944865,0.02348805119420508,0.0,0.030810399821633402,0.010229740479973444,0.003831214400448285
dictlearn,732,kmeans,0.009745097291289261,0.0,0.010804950221421604,-0.03471454108563431,0.0,0.008896285006429937,-0.025662076357256324,-0.0366557132251451,0.010180197063523628,0.0,-0.008693020187909498,0.0,-0.02706793558830385,0.06935723305206085,0.0,0.0
dictlearn,1459,gmm,0.005177693342747543,0.0,-0.006212220931995792,-0.003080982720162394,0.002857534602568955,-0.004707254333151026,0.0,0.0,-0.0014075547471518648,0.0,-0.009690868290334954,0.0,-0.003977216740574345,-0.006410168326603681,0.003641514335133748,0.0
dictlearn,1495,kmeans,0.006386998320641754,-0.0031302870105513504,0.00401712929424616,-0.015097267052669111,0.0,-0.007643765189520736,0.0,0.013221042150569717,-0.0050708519679726755,0.0,0.0,0.0,-0.011485677767498053,-0.010278591389323407,0.005271746802553892,0.0
dictlearn,4538,autoenc,0.009552378315225249,-0.003522477934569373,0.0,-0.003246714284861743,0.0,-0.0038881712666099426,-0.002026960517314659,0.008512097819034063,0.0,0.0,0.017119952087722105,0.0,0.0029345469038757816,0.010598842362274947,-0.05984301729430024,0.0
dictlearn,46176,kmeans,0.00582985940253163,-0.003317518104907359,-0.014093972399497409,0.014210612455878048,0.004286016166119166,0.0034526938791281736,0.0,0.0049352052038269595,0.0035102511880698334,0.0,-0.052414188092654204,0.0,0.0,0.0,0.009791516491981343,0.0
dictlearn,694,dbscan,0.0,0.0,-0.053894159621477866,-0.004825697146432023,0.0035851170438260744,0.030099305160544702,0.00318288460764247,0.010371264594407629,0.027385778843482683,0.0,-0.052955823944032546,0.00325387863044435,0.00998792802207072,0.0,0.0,0.0
dictlearn,43958,agg,0.010646442419247865,0.01783822766202553,0.0,0.03589927867090991,0.009565927821915926,0.009529060877108435,0.0,0.0,0.011525921526459119,0.0,0.029709369431818497,0.014226808195371945,0.0,0.02925582287551089,0.007993616710108096,0.0
dictlearn,42544,gmm,0.005594381408800037,-0.0007913083696624475,-0.005413011568303008,-0.004013122399714168,0.003299742290542567,-0.0010228686348919451,0.0,0.0,0.0,0.0,-0.006635400159902446,0.0,-0.007349650842969418,-0.00432636249128818,0.0,-0.0031519230421348035
dictlearn,46944,dbscan,0.007048867789741017,-0.0031183993129450145,-0.00930473963898222,-0.024703787510676634,0.004604046245982015,0.009501829639158403,0.0,0.0,0.0,0.0,-0.027529782546838456,0.0,-0.004539917305203729,0.01549078565847596,0.008741573171764846,0.0
dictlearn,45035,kmeans,-0.07970317077765096,0.0,0.005616853651085184,0.02189202632157692,-0.05776184290975428,0.007806538056620081,0.003985925280378422,0.0,0.007757485393576947,0.0,0.006094628772730804,0.0,0.0,0.07305866050346424,-0.012556628101551172,0.0
dictlearn,39,agg,0.006686547741741889,0.0,-0.005207520926634498,-0.004536938839110649,0.004149180273403486,-0.0014966544085880775,0.0,-0.0026917491674266964,-0.002467883348165654,0.0,-0.009283423519335785,0.0,-0.003226940763478866,-0.00573414085192896,0.0,0.0
dictlearn,44033,kmeans,0.0,0.0,0.01581419954901858,0.05145946863859078,0.02453091288468111,0.0008387512996620439,0.0010558833865269097,0.0,0.0,0.0,0.02672471662849441,0.0,0.01101200347669847,0.032817982433658244,0.010551604491542573,0.0013849534016030867
dictlearn,1527,dbscan,0.006155738118414788,0.0,-0.0009884228105746795,-0.004911908233857874,0.0,0.0,0.0,-0.0025229902762711628,-0.002724736793255203,0.0,-0.010779053406181842,-0.0009572708483546327,-0.001815167766264438,-0.004031341207260523,0.0,-0.0012343705859182495
dictlearn,44367,kmeans,0.008551987487709188,0.0,0.003676773898559655,-0.00869494675801503,0.005834303917149539,-0.00869283009949941,0.0,-0.002010598120447928,-0.0031469786093032016,0.0,0.0,-0.0028025580393624683,-0.007861859328715573,-0.008662818157598588,0.0,0.0
dictlearn,26,dbscan,0.007810260803165942,0.0,-0.005346420502211395,-0.021328611555964435,0.0,0.009511792343579371,0.0,0.0,0.004836587611650309,0.0,-0.03943554205300537,-0.002407588194151617,0.0,0.012025012706542654,0.00815075251669746,0.0023742325141732695
dictlearn,44505,dbscan,0.00781491506457023,-0.0011636902912173681,-0.005485772685369042,-0.005451508086324221,0.0,-0.004347324656077711,0.0,0.012187155784401703,-0.0017076806187295783,0.0,-0.011928355100373803,0.0,-0.006660816169313395,-0.007066447051090618,0.0,0.0
dictlearn,44677,dbscan,0.015877388855506668,0.0,0.011196512703322673,0.0,0.0,0.0012069665899084952,0.0,0.06345596260069303,0.00718171336924233,0.0,0.04849579477218916,0.0026473109768720567,0.0051608109439274,0.0011033761164968847,0.019864639262317508,0.0
dictlearn,46543,dbscan,0.00413124489181918,0.0,0.006510122438004049,0.023375938562789415,0.008123025271404287,0.001015646320928154,0.0,0.0,0.0027521588426149433,0.0,0.028160595619975484,0.0,0.1067724219152152,-0.012869925262399926,0.008219247590125399,0.0
dictlearn,45028,gmm,0.025048211538754823,0.0,0.018509001786553174,0.1052247711568844,0.012652312845365351,0.0013974348472859943,0.0038722304851556717,0.0,0.0,0.004648554041219192,0.00529536769466761,0.0,0.0,-0.01397349982206268,0.013516091616652662,0.0
dictlearn,734,agg,0.005913780110019696,0.004216484314456331,0.0,0.0,0.0,0.017231007769882112,0.0,0.02679971295264217,0.01968231431578813,0.009045415584255475,0.050707206603043266,0.0,0.04331171485857096,0.009606245465224107,-0.010323405783406042,0.0
dictlearn,44619,dbscan,0.007329233414952943,0.0,0.0,-0.026289999622735708,0.0038212434588206353,0.004670965653941808,0.0,-0.0024737950118084405,0.004990190503697027,0.0,-0.029002515157951173,-0.005581369457448042,0.0,0.013544256185905235,0.0051822662231019,0.0
dictlearn,46842,dbscan,0.00310816682822913,-0.0021084273482766917,0.0,-0.00440051899353493,0.004282590904096509,-0.0034263920586956225,0.0,-0.0026444961683485986,-0.0010764332787912853,0.0,-0.005678969080002428,0.0,-0.008127092957131373,-0.0037379516570685213,0.0,0.0
dictlearn,46952,agg,0.009772353668924358,0.0,0.012586687131846073,0.02302548243623107,0.005715721464638407,0.003057768799865878,0.003794768539682608,0.022620237550570025,0.0,0.0,0.03684330709470836,0.0,0.0,0.03451174909419082,0.024262400409818603,0.0
dictlearn,784,dbscan,0.010390618672565275,0.0,0.005004913487408907,-0.008957538934148728,0.0,-0.00656655291579665,0.0,0.0,-0.0031575026852733654,0.0,0.018061797036320423,-0.0036056385224373507,-0.005569253806825459,-0.0373810740268193,0.007970707885482431,0.0
dictlearn,44671,autoenc,0.008645257578055105,0.0,-0.005889833243890556,-0.0032591774942336456,0.0,-0.005306579436828868,0.0,0.009245404877167115,-0.005808908729184957,-0.01677929984046546,0.01003327451299237,0.0,0.0,-0.007957529879093983,-0.006732132154040934,0.0
dictlearn,46554,dbscan,0.005627058317417064,0.0,0.028864041103194737,0.011315888844597942,0.0070233309531405035,0.01748900408759568,0.0,0.014617615977823288,0.00998920142570186,0.007153004344527202,0.0,0.0006072585425866972,0.0,0.07350407259389123,0.0,0.0
dictlearn,46963,agg,0.008940070417515612,0.0,0.0,-0.027990614657260646,0.0,-0.005229358069104906,0.0,0.01943302706271037,-0.0013022468400580647,0.0,-0.00637946249002807,-0.002415920418969926,-0.006645434443378027,-0.011391413391132137,0.009171829020181984,0.0
dictlearn,44663,dbscan,0.005093016597123003,0.0019167402117150657,-0.012029879951954847,0.004721657381398828,0.0,-0.006990260120721177,0.0,0.015240347016670474,-0.003811067499041214,0.0,-0.007597601572505511,0.0,-0.008015137791946536,-0.012337338080261901,0.0,0.0
dictlearn,1,dbscan,0.009886592628204346,0.0,-0.014645266503074758,0.01163572626239859,0.0032769004516075596,0.0,0.0028517007210500994,0.019759536857279866,0.007924497912098987,0.0,0.0,0.0,-0.005864048185184521,-0.013721961666351293,-0.04491320228755269,0.0
dictlearn,44259,gmm,0.008078546213629054,0.0,0.005044522941842844,0.01169499458348313,0.0,0.0,0.002969244468712131,0.018782590730348783,0.005435280136561559,0.0,0.020764129198732342,0.0,-0.009234936923161468,-0.01833493952171503,-0.06900895563795716,0.0
dictlearn,44158,dictlearn,0.008399192917398251,0.0,0.012143299755018372,0.03146677763398291,0.009087039000638453,0.014553446512684785,0.0,0.016342544976692224,0.012338219885925013,0.0,0.025882619781507125,0.0,0.0,0.034968072048481805,0.01100926367814726,0.0
dictlearn,45547,autoenc,-0.0522829792994956,0.0,0.0039339973264514135,0.027532696077203676,0.007622872829382846,-0.004510298242254431,0.0,0.012633902349187577,0.0,0.0,0.018719107591846574,0.0,-0.022961578720179714,-0.024062478051622174,0.009565234329956021,0.0
dictlearn,44395,dbscan,0.004376203039345017,0.0,0.0,-0.004933593446553336,0.0077404394865057,0.029448069487115206,0.0,0.023583633245395818,0.023375867889986555,0.0031222359510851808,0.03386670477522953,0.0,0.05377849446539893,0.0018324212969675865,0.0,0.0
dictlearn,816,gmm,0.010034415342455154,0.0,0.0026720858193185378,-0.02392844797927763,0.0,0.008443815269534692,-0.009781027420738586,-0.019269632093551,0.0,0.0,-0.015284438447838956,0.0,-0.0029239597579885906,0.018804285266035524,0.007423380192527052,0.0
dictlearn,721,kmeans,0.0,-0.0016688255376359862,0.0,-0.005882611358103941,0.004369427290806156,0.0,-0.006792647655569546,-0.0055846682425126325,0.0,0.0,-0.00423442141816494,0.0,-0.001975471934835854,0.00593702096082002,-0.002388982853508458,-0.0055883430608186365
dictlearn,335,dbscan,0.0035768693525760407,0.0,0.003295087375417715,-0.036980417623173965,0.0,0.0062049933335266315,0.0,0.002539436454771081,0.0072679720317383205,0.0,-0.028433653943356074,0.0,-0.009210791053004623,0.019417131690669238,0.008513848571311823,0.0
dictlearn,896,gmm,0.008901842378582043,0.0,0.009676511507177007,-0.04091840716491979,-0.006185300036393487,0.015622455027964619,0.0,-0.022834590121281917,0.0057994071288162054,0.0,0.0,0.0,-0.02232975277043427,0.023252361127200225,0.005205949113765554,0.0
dictlearn,46584,autoenc,0.007483162449956341,0.0,-0.008988195913088892,-0.004568043729802025,0.0,0.010345768503835513,0.0,0.0,0.00863531334235733,0.0,-0.05507297642095613,0.0,-0.007085748738881582,0.010661960191850365,0.010582793661208201,0.004196442843997063
dictlearn,45022,dbscan,-0.006214740325397856,-0.0010136514707243284,0.0,0.01052258772292359,0.008970752845260147,-0.004274939695079026,0.0,-0.0171070483611437,-0.006205999912783857,0.0,0.0,0.0,-0.007609624292333268,-0.007801316137765758,0.006924455817520257,0.0
dictlearn,45026,dictlearn,0.0,0.004801787712029132,0.005693754317857194,0.0,0.009746668800206531,0.022661760193646605,0.0,0.0046883006724022114,0.01749123405133667,0.0,0.0327382177984968,0.006238541226089428,0.061732477238091506,0.01039773418032009,0.0,0.0
dictlearn,32,gmm,0.004964978843942089,0.0,-0.006977099984928931,-0.004688681366121164,0.0,-0.0021156588956792836,0.0,0.003805522018920246,-0.00354989949270304,0.0,-0.01000160109032157,0.0,-0.004953920879384609,-0.005597551582488718,0.00530438861924117,0.0
gmm,43924,kmeans,-0.006457152330892585,-0.024117697162923224,-0.023514464124864323,-0.014092842756104432,0.0,-0.012621341731225718,0.0,-0.03827262286193679,-0.015768155188265295,0.0,0.0,-0.018386466851461187,0.0,-0.011233319318090915,-0.030774032912330735,0.0
gmm,732,kmeans,0.0070338023556219785,0.0,-0.027167100401189474,0.010437187736732462,0.0,0.0,0.10305816574358204,0.08478734060688718,0.0,0.008458717537339955,0.004630315967503803,0.0,0.011731326241572741,0.021175788784963637,-0.01938363981110949,0.0
gmm,1459,gmm,0.0,0.005163479212245428,0.33457111276815155,-0.008330688247161155,0.0,0.018538505237921304,-0.010066572876746425,0.025874082098978794,0.01810255086179546,0.0,0.006780771185664086,0.0,0.0024307872297032614,0.01169787729135247,0.0,0.0
gmm,1495,kmeans,0.0,0.0,-0.08368609081460468,-0.010785626063332285,-0.012881165894319225,-0.0037864854718642135,-0.007226316147688039,-0.03453287039107684,-0.003776768716950037,0.0,0.0,0.0,-0.004806032300611857,-0.006373484485598775,-0.027383254952049258,0.0
gmm,4538,autoenc,0.0,0.0,-0.040145563794764735,-0.004025738862068197,-0.0054080645092734764,-0.012083859439095311,-0.002433277752183275,-0.016271113631380375,-0.010982126735540674,0.0,0.0,0.0,-0.012267395714760569,-0.01352851395055787,0.12190755915152927,0.0
gmm,46176,kmeans,0.0,0.0,-0.02976944881719785,-0.01437094188765567,-0.00887563598270577,-0.03272337195132328,-0.00702691622064818,-0.013753433086638683,-0.03393301092539235,0.0,0.0,0.0,-0.017468534675919883,-0.012947684476705848,-0.024369117213907686,0.0
gmm,694,dbscan,0.0,0.010963144812351477,0.26397291913474547,0.0,-0.015190371568329976,-0.02434184820902962,0.0,-0.08402018980161766,-0.010013518315885305,0.0,0.07383924301767414,0.00415576100903631,-0.02211419072852631,0.007510955411486275,0.0,0.0
gmm,43958,agg,0.0,-0.01226986420172517,-0.011120586244330348,0.029392881022190967,0.02757148875676348,-0.010553172734908375,-0.012873300724126225,0.034628449253800035,-0.020145372581045144,0.0,0.0,0.0,-0.005868948430336557,0.0,-0.01399966935437786,0.0
gmm,42544,gmm,-0.01262365997716987,0.0,0.26756713472539395,0.0,-0.012802569374485043,0.03995679249423242,-0.007377536966211018,0.0,0.0434878942858889,0.0,0.0352898804123443,0.0,0.025765656175966798,0.015845670960792854,0.0,0.00965264202515142
gmm,46944,dbscan,0.0,0.0,-0.05707297111683246,-0.0004033490169516041,-0.007916322366551105,-0.012443557126625687,-0.010355688430654257,-0.01109289059976786,-0.020230142844649295,0.0,-0.051136757816845485,0.0,0.0,-0.003662371946237517,-0.02092404397297992,0.0
gmm,45035,kmeans,-0.04074546873190993,0.0,-0.022394323882408387,0.00498116934313118,0.09710991944427083,-0.005447331574854441,0.0,0.021044167076959636,-0.022660614101368225,0.0,0.0,-0.0027911976389110625,0.0,-0.03224660033483698,0.007912185161832175,0.0
gmm,39,agg,0.0,0.0,0.2229841011949596,0.0,0.0,0.03133235063815558,-0.007588676650144344,0.04431228699408861,0.0340776691229176,0.0,0.04128839872626506,0.0,0.012437298292287444,0.020264443616138973,0.003064757586476371,0.002589275240759777
gmm,44033,kmeans,-0.046016761628741944,-0.0034540752134227526,-0.047348812958208024,-0.02418872711902794,-0.011271911840180133,-0.004654667281575253,-0.010510762670787094,0.0,-0.006168824367453555,0.0,0.0,0.0,-0.019931561457001968,-0.02169199070169651,0.0,0.0
gmm,1527,dbscan,0.013623365114402266,0.0,0.009726380847306114,0.0,-0.012572204695566457,0.0,0.0,0.088883986720359,0.07253778557417234,-0.01561432488418511,0.017286336231057523,0.0,0.015057450121173075,0.028477648663563726,0.0,-0.012644518930377685
gmm,44367,kmeans,0.0,0.0,-0.07829071437930162,-0.0067987051662911635,-0.01212629168271634,-0.043546601063710756,-0.012942532664105829,0.04180114670773111,-0.027889338854838866,0.0,0.0,0.0,-0.01060876284714243,-0.028254824889661776,-0.016581470398057557,0.0
gmm,26,dbscan,0.0,0.0,-0.04077551745148503,0.0,-0.013670442873704726,-0.02510809821987787,-0.006977753063664933,-0.005280089366036078,-0.03443777018243334,0.0,-0.0336880880547345,0.0,-0.009263484797731618,-0.011883320487832989,-0.014153530740594111,0.0
gmm,44505,dbscan,-0.011562254203788983,0.0,0.13613723994492352,-0.009459086474206107,-0.004552084832722958,0.04486637051962504,0.0,-0.07597289180587351,0.04768270052500479,0.0,0.07762026227915828,0.0,0.0,0.009176973286663422,-0.009175324476878683,0.0
gmm,44677,dbscan,0.0,0.0,-0.046398373562287536,-0.00753426650107241,-0.008783654326074645,-0.011827479414634589,-0.0072133249116334,-0.056484885858879105,-0.014358454915172198,0.0,-0.0028646120653662843,0.0,-0.011685449427746871,0.0,-0.028087594255228176,0.0
gmm,46543,dbscan,0.00690653358547339,0.0,-0.04545870004302897,0.03869032889424852,0.03634110922896113,-0.009881508883479362,-0.007302920421620624,0.026081722964725593,0.0,0.0,-0.030412700870156347,0.005682671205351193,0.0,0.0,-0.015884630898569726,0.0
gmm,45028,gmm,0.0,0.0010953666392698059,-0.06998221006161919,0.01996328060926135,0.055317209148986565,0.0,-0.011963232497130922,0.013306584209640045,0.0,0.0,0.0,0.0017017245072073817,0.002366995019908665,0.005089269890812405,-0.01213308270443131,0.0
gmm,734,agg,0.0,0.0,-0.016042249366796237,0.02322422198464415,0.05040141162226322,-0.016411030227979743,0.0,-0.049137400893562555,0.0,-0.01300316507240794,-0.041807766013950816,-0.003726077476478757,0.0,-0.008123379188112942,0.07938733939428641,0.0
gmm,44619,dbscan,0.005462605065416903,0.0,-0.049857166375764365,0.0,-0.006917200468016834,-0.02046104309589575,-0.012277797999901101,-0.0035982000950138013,-0.03321445697817493,0.0,-0.048977389753974636,0.0,0.0,-0.011905406869811782,-0.013492038666958877,0.0
gmm,46842,dbscan,0.0,0.0,-0.057899025019072146,-0.012137828310322497,-0.009254443937614551,0.02412545718561377,-0.004867679156447808,0.044457259480394355,0.03588155134109773,0.0,0.011133542071494208,0.0,0.0,-0.014816792333364618,-0.011860136559873643,0.0
gmm,46952,agg,0.0,0.0,-0.052851933021408774,-0.007191464823958322,-0.00956547388255868,-0.011548213092187934,-0.012624533265827104,-0.04926589154070382,-0.008949699308717729,0.0,0.0,0.0,-0.0063405598356812976,-0.008278108909392342,-0.0286222175576592,0.0
gmm,784,dbscan,0.0,0.0,-0.060691139425068256,-0.008349083474537184,-0.0068892176341019415,-0.014415771241196678,-0.0029582632550879395,0.0,-0.00867565325291966,0.0,-0.003731778428826183,0.0,-0.023144005472942396,-0.04264670898608018,-0.023736474067334774,0.0
gmm,44671,autoenc,0.0,0.0,-0.029651768731130283,-0.009823710887128204,0.0,-0.02149604346903046,-0.005036886699584277,-0.01877535087897048,-0.025115554337634925,-0.07334276538277319,-0.01395502856191144,0.0,0.0,-0.01968692824446515,0.021645941954533204,0.0
gmm,46554,dbscan,-0.05607735721337593,0.0,-0.04268719330984378,-0.006491103710774826,0.0,-0.010124521795737024,-0.012718641692867072,-0.013350977277623279,-0.013046915141969826,0.0,-0.01811719923355777,0.0,0.0,-0.009056315272972097,-0.013567870589373601,0.0
gmm,46963,agg,0.0,0.0,-0.06036037022284773,-0.004948288761835062,-0.010166256066060813,-0.011267435752031197,-0.006295897447542711,-0.04696269548700099,-0.015542385254351967,0.0,-0.006877310302623855,0.0,0.0,-0.005726016296475947,-0.02709143964732489,0.0
gmm,44663,dbscan,-0.005698161385054339,0.0,0.04364103531858597,-0.02003907623625995,0.0,0.03374786233227458,-0.007987543477012334,-0.044857899528637675,0.016119284515343665,0.0,0.0,0.0,-0.008145732929691018,0.014571338349977616,-0.01658920219762172,0.0
gmm,1,dbscan,0.0,0.0,-0.03323099675990067,-0.006310030249049358,-0.008667542820027217,-0.006157345727586237,-0.008368008095695855,-0.02418083354283366,-0.011568285071805804,-0.002873385731741884,0.0,0.0,0.0,-0.0040579049224668835,0.11017623768301237,0.0
gmm,44259,gmm,0.0,0.0,-0.03666094139102982,-0.008881558224503039,-0.005167000533697386,-0.009267278407952977,-0.005251735816541652,-0.036449063469970976,-0.01259187488575308,0.00696846170803324,-0.004653179801457869,0.0,0.0,0.0,0.11671607558477837,0.0
gmm,44158,dictlearn,0.0,0.0,-0.03908636444956727,-0.019438856494621248,-0.00821261555669818,-0.0070793522171587716,-0.006341407215632616,-0.05225744427387421,-0.016903387704818567,0.0,0.0,0.0,-0.005921932399511961,-0.011860300868338851,-0.028136434057873513,0.0
gmm,45547,autoenc,0.027405663601450508,-0.004190612270830701,-0.04363212011423337,0.02438170553609975,0.02899154143342123,0.0,0.0,-0.010108864978961152,-0.008880679674628805,0.0,-0.015991353137824696,0.0,0.014973870961871845,0.0,-0.008187246594459808,0.0
gmm,44395,dbscan,0.0,0.0,-0.07981735066478353,-0.009610489161929029,-0.013344445891090224,-0.005789923982795299,-0.0060325250606347415,-0.03380734353404179,0.005605526740641464,0.0,-0.023260982180412466,0.0,-0.005241428832325715,0.0,-0.02393913267072392,0.0
gmm,816,gmm,0.008977372553875618,0.0,-0.02436911247984724,0.008597480546287247,0.0,0.0,0.13116420929982467,0.08457162940390306,-0.010738785529568612,0.003106686447692486,0.0,0.00713525035076582,0.00626424633313488,0.0,-0.009947072164163132,0.0
gmm,721,kmeans,0.018117101238794217,0.0,-0.02482144019146002,0.0,0.0,0.0,0.12741003200138776,0.06849364976903168,0.007294472663103802,0.0,-0.008734302778093084,0.0,0.004761627983672467,0.010410304298185258,0.025364623266117794,-0.023534163488835056
gmm,335,dbscan,0.01750269113605642,0.0,-0.019154587564760753,0.012410064374198412,0.0,0.0,-0.013693886373112574,0.0,-0.009238130928494265,0.0,0.0126282028710566,0.0,0.023397073071841606,0.014420542886385872,-0.02743467481775386,-0.0060753898935126584
gmm,896,gmm,0.013652182138473738,0.0,-0.038329439240419566,0.009903253463405301,-0.01026745939055743,-0.007838344793815807,-0.008970929212979602,0.06052952161759988,-0.014936135253934108,0.0,0.019551018758856675,0.0,0.0,0.0,-0.01853176332472428,0.0
gmm,46584,autoenc,0.0,0.0,-0.050467668723666106,-0.009198573152858993,-0.007664432617946665,-0.019227351611358776,-0.009982535916185547,-0.013432324062239244,-0.02255995801235859,0.0,-0.032943266215082624,0.0,0.0,-0.008331400045715604,-0.02143058488068304,0.0
gmm,45022,dbscan,-0.0800210745971189,0.0,-0.05689068261448983,-0.023591281163675756,-0.023443602828507208,-0.013706888393660913,-0.011527087238045155,0.03827035341181878,-0.006166695751270636,0.0,-0.006386002506335059,0.0,0.0,-0.011775133556810532,0.0,0.0
gmm,45026,dictlearn,0.0,0.0,-0.08294105654421752,-0.01442633591642203,-0.012913731916238388,-0.004991279849998527,-0.003063493751593944,-0.0146361808121836,-0.0061355543600069415,0.0,-0.04962342061787945,0.0,0.0,0.0,-0.005151074693074029,-0.0013559667764807826
gmm,32,gmm,-0.006024781994044979,0.0,0.36463505884695374,0.0,0.0,0.019216601746999247,0.0,-0.00844650102536735,0.011910748324896817,0.0032203398362474767,0.011127148447476419,0.0,0.002612065448480857,0.014697451515515658,-0.008186226385253079,0.0
kmeans,43924,kmeans,0.0,0.03617661385291888,0.024419487458343027,0.04220567597313871,0.0,0.0,0.0,0.0,-0.013951289063058925,0.015856044803415507,-0.0380935462072997,0.00821998095216925,0.0195807367131637,-0.02058008055583259,0.011880661787327872,0.0
kmeans,732,kmeans,-0.017370519325961058,0.0,0.01518560304198837,0.0,0.0,-0.02344842346684465,0.010742851659462033,0.027155619317307197,-0.016354890421863666,0.0,0.009971617023070806,0.0,0.0066639182247258955,0.06613606824754936,0.007032441414851404,0.0
kmeans,1459,gmm,0.0,0.0,-0.0993258601274238,-0.009468031485204474,0.0,0.020417305387056366,-0.005989781064598049,0.0,-0.013893716366947957,0.0,-0.04070205017441229,-0.011111530235071837,0.020457568395674343,0.013562944122460105,0.011767437262753274,0.0
kmeans,1495,kmeans,0.0,0.0,0.04845751902321042,0.013454670382459403,0.0,0.07070105922625677,0.0,0.0,0.0519622702032705,0.003554913289673037,0.023441699318373335,0.0025211762641179636,0.02277956891915395,0.023147257470767443,0.0256941516170029,0.0
kmeans,4538,autoenc,0.02301569210521058,0.0,0.01661451458090885,0.0,0.004521132780945564,0.016653949038639218,0.0,0.0,0.010096959967978228,0.0,0.04047702400771863,0.0,-0.012106871329352075,0.00320747063113457,-0.012532366535297507,-0.004233219533600341
kmeans,46176,kmeans,-0.01692246769228485,0.0,0.044138324051923056,0.018089522305085398,0.0,0.004382444393286417,-0.006163396679180103,0.00450209640569914,0.006830830241880048,0.0,0.012937968823368168,0.0,0.010041626101053266,0.0,0.007877337763455174,0.0
kmeans,694,dbscan,-0.0034332131119680525,-0.014195944533569253,-0.05247728251688559,0.0,0.006589618129481722,0.0,-0.0065356695349660515,0.0,-0.0369946317795616,0.0,-0.013182057423346598,-0.004284600957301222,-0.007923716095202468,0.0,0.018151783537604826,0.0
kmeans,43958,agg,0.013856901686569103,-0.015378505926824604,0.0,0.07060181041603954,0.06475081580312288,-0.02450735444300289,0.0,0.05723426616296099,0.0,0.0,0.034360357699473175,-0.01614434788362771,0.07164110644450537,0.02929923575506986,0.0,0.0
kmeans,42544,gmm,0.0,0.004106672805607975,-0.12700268005549745,0.006390197302520656,0.0,0.02435823092837211,0.0,0.017696475880192557,-0.039325232728108145,0.0,-0.03398001096165527,0.0,0.00593965984276778,0.006980213403795923,0.02055075929628955,0.0
kmeans,46944,dbscan,-0.012577684466076997,-0.0029354326339161452,-0.0021605975970318964,-0.017987727227220852,-0.003984424823571676,-0.02813782132743125,-0.007902180936283169,0.0,-0.0053762784702637775,-0.0027391373927843064,0.0,0.0,0.0,-0.03048442941113422,0.0,0.0
kmeans,45035,kmeans,0.03362543074859568,0.0,0.00663122697906815,0.01504062745916857,0.1388755736093728,0.0,0.0,0.02502683573114766,0.010534602954591096,0.005810108614079651,0.006366215046479935,0.0,0.015483137544844757,0.028320527026937367,0.0,0.0
kmeans,39,agg,0.0,0.0,-0.06691115755942076,0.0,-0.01025329743221432,0.00788932611858754,-0.020663777719065194,0.0,0.0,0.011839512881147866,-0.05691982429279113,0.0,0.008414911059250796,0.007616866801167649,0.011538813115290803,-0.006837087257667577
kmeans,44033,kmeans,0.02652893986561407,0.0,0.012701900618464634,-0.01613874433411319,-0.01438440194229308,0.0,-0.003766754851194353,0.02661358304317371,0.0,0.0,0.02297695463946322,0.0,0.02632688046904683,-0.005437877329730487,0.010293805535854348,0.0
kmeans,1527,dbscan,-0.0024839876267147222,-0.0026947436232270493,-0.01875105083499036,-0.01179828455060981,0.0,-0.012344822240588518,-0.007231830502225242,-0.05443709559483438,0.028362979035322772,0.0,-0.062468735746576506,0.0,0.0,0.029561857398729546,0.0,0.0
kmeans,44367,kmeans,0.0,0.0,0.04855021392584582,0.014176635367650719,0.0,0.06311017829895424,0.0,0.022211503712234335,0.039497360448937445,0.004784114442417664,0.038245817148685995,0.0,0.020096730490269284,0.01995188981384212,0.015089842065448038,0.0
kmeans,26,dbscan,0.0,0.0,0.07654624935193294,-0.01900284228904745,-0.011676162387747482,-0.012347096317731399,-0.007403704463655605,0.007109474471137002,0.0,0.0,0.03903950851654399,0.0,0.008617428174343652,-0.003325210767043396,0.008156641425553486,0.0
kmeans,44505,dbscan,0.007858502845807355,0.006522326529836031,0.0,0.0,0.0,0.02388170851915312,0.0,0.02832072172307833,0.0,-0.0013234393915109227,-0.036011335881030004,0.0,0.021909473057256337,0.016180448094989797,0.01837588021670566,0.0
kmeans,44677,dbscan,0.0,0.0,0.02084653104298571,0.005199063370455444,0.0,0.0013393537656040955,-0.011356134916688911,0.0029704053186848226,0.005743783351477217,0.0,0.009103370415478668,0.0,0.015854389360352432,0.011405344973071134,0.024608179032865107,0.0
kmeans,46543,dbscan,0.009645783106662954,0.0,0.009136878518559799,0.0,0.0,0.01678287211037361,0.004427912845917398,0.008879201699401368,0.01219158395556137,0.0,0.016384196092905184,0.0,-0.22406451484800838,0.02101706629634031,0.011313305936572121,0.0
kmeans,45028,gmm,0.046485178465564395,0.0,0.02806808837119191,-0.03308979461695993,0.020359111683462945,0.01927168000175273,0.0,0.030639981897712464,0.048793477252100835,0.0,0.04489321761093283,0.0,0.0,0.029708130438467616,0.0505852146100599,0.0
kmeans,734,agg,0.009495242313716326,0.0,0.01582087521830804,0.006213513435334564,0.0,0.007310849355730857,0.0,-0.03691033544475637,0.022516598114212104,0.008900203632234545,0.021782614532295467,0.0,-0.034323402840566127,0.0,-0.13509187260222372,0.0
kmeans,44619,dbscan,-0.011062362395204799,0.0,0.0,-0.02788042668439124,-0.006492189239620046,-0.019569877032202514,-0.007496424726978535,0.0,-0.008009159871792992,-0.0023963457844323206,0.0,0.0,-0.0004880408149750409,-0.02620789696572646,0.0,-0.00468299077039036
kmeans,46842,dbscan,0.0,0.0,0.053997831857789794,0.004011920576665773,0.0,0.06642618832550184,0.0,0.03915334084255637,0.045551664932122364,0.004984659536201417,0.011312476497117287,0.0,0.022111053253783416,0.01934019090599207,0.018824958986555333,0.0
kmeans,46952,agg,0.0,0.0,0.02010543454028951,0.011373285320703887,0.0,0.008881614485409518,-0.008832062517160455,0.00821463949298977,-0.01560628743215174,0.0,0.012270629885884447,0.0,0.048785192627088976,-0.024998957295102296,0.025520796606334106,0.0
kmeans,784,dbscan,0.004744282065084815,0.0,0.03773629566226608,0.013870399865381609,0.0,0.01568585015281179,0.0,0.027463177084773686,0.008173930814737829,0.0,0.05545980532997826,0.0,0.0280420250283876,0.07094780861280774,0.023590711098056296,0.0
kmeans,44671,autoenc,0.0,-0.006857433568629522,0.023900506108774058,0.0036529468753136313,0.0,0.0,-0.007757228258281751,-0.010595012235978111,0.011942901957715813,0.0,-0.019291723660255906,0.0,-0.03498643641261762,-0.0019113419173273603,-0.0723828931744275,0.0
kmeans,46554,dbscan,0.11367813288513401,0.0,0.017188354874034584,0.0,-0.008817877449579648,-0.02421920265276322,-0.011990081753695645,0.008028541374543549,-0.0152079360018741,0.0,0.015409228979251805,0.0,0.01141848766365332,-0.019773362204418922,0.0,0.0
kmeans,46963,agg,-0.008618014844003234,0.0,0.01925573630075782,0.0,0.0,0.01452785022352927,-0.006963673045420606,0.009862041115840072,0.0035785108349013447,0.0,0.02561963990527261,0.0,0.009433963702765199,-0.004650891627584072,0.023669123148227306,0.0
kmeans,44663,dbscan,0.0,0.0,0.019461609837559134,0.025863661463119497,0.0,0.04277678561493542,0.0,0.025774423952077335,0.04522797341078264,0.011231387604337284,0.02316760738443336,0.0,0.028270793592214405,0.03612209973325791,0.027817943121568715,0.0
kmeans,1,dbscan,-0.013165019502575856,0.0,0.05098394720428468,0.038187714552210636,0.0,0.0054870222434242775,0.0,-0.016540023066687684,0.01880641143897174,0.0,0.025741985017041266,0.0,0.03017949076448902,0.0186862969214262,-0.07265353985829856,0.0
kmeans,44259,gmm,-0.015224912062636299,0.0,0.022539796429955516,0.0,-0.005964841122540029,-0.00530085524414037,-0.011984274173031115,-0.017600188598057277,-0.013140556534496934,0.0,-0.002110649145328043,-0.0040416500653746605,0.0,0.0,-0.061457583770065084,0.0
kmeans,44158,dictlearn,-0.021985161078283036,0.0,-0.0015183050479380402,0.011522025775553623,-0.009768878052132071,-0.033948785063679245,-0.009327489210712163,0.0,-0.020443123180030894,-0.006285581069700902,0.008226929973755251,0.0,0.0,-0.03075734733254683,0.0,0.0
kmeans,45547,autoenc,0.016828567876871592,0.004225807989518684,0.024511767882009514,0.0,0.0,0.0,-0.005330233439624511,-0.0051349044506295155,0.0,0.0,0.023398558617606802,0.0,0.013377250243963013,0.010032474587427617,0.011070483274804505,-0.007265486867661993
kmeans,44395,dbscan,0.005918844220387289,0.0,0.0575586490693561,0.007902590684787006,0.0,0.054267275693387296,0.0,-0.075970178894023,0.018704074245878503,0.0,0.024543397555421596,0.0,-0.04730580195914007,0.015608409621035527,0.02448702547719548,0.0
kmeans,816,gmm,-0.005511816470587791,0.0,0.02330630456599282,0.0,-0.011508175382809613,-0.04546922600062069,0.0861622869795327,0.04477841097682245,-0.0035324386875693337,0.0,-0.006522828947976164,-0.004062046597956545,0.008073815279457903,0.0,0.0,0.0
kmeans,721,kmeans,-0.018195336557911678,0.004315353396880328,0.028412177073995376,0.0,0.0,-0.01762703069169468,0.06201113413798023,0.03969360883566227,0.004367661034477886,0.0,0.0074159615082588105,0.0,0.011953527902210052,0.0,0.0,0.16336722907442713
kmeans,335,dbscan,-0.017487353729267293,0.0,0.014603023966015899,-0.0063202490322376795,-0.0076240693374151226,-0.03640216464866342,0.0,0.0,-0.02272579951284275,0.0,0.01580120493716588,-0.004407255581791502,-0.008256208118811751,-0.041466843227866555,0.0,0.0
kmeans,896,gmm,-0.013475387134859998,0.0,0.017981864488125977,0.0,0.0,-0.06549767899739932,-0.015436666040166271,0.03578301168160169,-0.02388814015004299,0.0,0.017668321542368005,0.0,-0.005386670600476928,-0.052603880085117745,0.0,-0.009430488989746714
kmeans,46584,autoenc,0.0,0.005349720459943527,0.028659833232145805,0.0591146668531427,0.0,-0.025400045316039746,0.0,0.015318871131927501,-0.01877133372430574,0.0,0.03395716887307725,0.0,0.0046902339758832096,-0.025214515955451166,0.008009686183962361,0.0
kmeans,45022,dbscan,0.022147104175391303,0.0,0.045682475859883505,0.026639655040433145,0.0,0.013344803016548668,0.0,0.04146695915189804,0.03612301511068251,0.0,0.03654061899505445,0.0,0.02546003661899873,0.018420627984656775,0.019888989760738537,0.0
kmeans,45026,dictlearn,0.0,0.007843173812513229,0.05511082384892468,0.017187377981672133,0.0,0.09033221571023088,0.0,0.0034804273260991073,0.019206842091686157,0.0,0.006707730180999885,-0.007501714388805231,-0.09847373802276745,0.0,-0.008178852826267681,0.0
kmeans,32,gmm,0.013077563978979889,0.0,-0.10642635639482874,-0.013721107038968625,-0.010006303499896332,0.008360155547312854,-0.015647435023780902,0.0067743947815690625,0.0,0.0,-0.024568326491475553,0.0,0.012233632688508514,0.0,0.015638067166865523,0.0
